Price,Adj Close,Close,High,Low,Open,Volume
Ticker,2303.TW,2303.TW,2303.TW,2303.TW,2303.TW,2303.TW
Date,,,,,,
2010-01-04,8.034219741821289,17.0,17.200000762939453,16.799999237060547,17.200000762939453,30047000
2010-01-05,8.128738403320312,17.200000762939453,17.350000381469727,17.049999237060547,17.200000762939453,64811000
2010-01-06,8.695860862731934,18.399999618530273,18.399999618530273,17.149999618530273,17.200000762939453,140587000
2010-01-07,8.695860862731934,18.399999618530273,19.100000381469727,18.399999618530273,18.600000381469727,137376000
2010-01-08,8.601340293884277,18.200000762939453,18.450000762939453,17.850000381469727,18.399999618530273,55124000
2010-01-11,8.790380477905273,18.600000381469727,19.0,18.100000381469727,18.299999237060547,107861000
2010-01-12,8.672229766845703,18.350000381469727,18.850000381469727,18.149999618530273,18.600000381469727,53705000
2010-01-13,8.435930252075195,17.850000381469727,18.0,17.799999237060547,18.0,55935000
2010-01-14,8.483189582824707,17.950000762939453,18.049999237060547,17.850000381469727,17.850000381469727,27502000
2010-01-15,8.506819725036621,18.0,18.149999618530273,17.850000381469727,18.0,30826000
2010-01-18,8.435930252075195,17.850000381469727,18.100000381469727,17.549999237060547,17.799999237060547,47352000
2010-01-19,8.294149398803711,17.549999237060547,18.100000381469727,17.549999237060547,17.899999618530273,45429000
2010-01-20,8.554079055786133,18.100000381469727,18.100000381469727,17.649999618530273,17.799999237060547,65249000
2010-01-21,8.506819725036621,18.0,18.200000762939453,17.950000762939453,18.100000381469727,54695000
2010-01-22,8.365039825439453,17.700000762939453,17.899999618530273,17.5,17.799999237060547,51236000
2010-01-25,8.223258018493652,17.399999618530273,17.600000381469727,17.25,17.299999237060547,44211000
2010-01-26,7.797918796539307,16.5,17.549999237060547,16.399999618530273,17.5,78406000
2010-01-27,7.7506585121154785,16.399999618530273,16.600000381469727,16.350000381469727,16.600000381469727,48210000
2010-01-28,7.797918796539307,16.5,16.850000381469727,16.399999618530273,16.399999618530273,72428000
2010-01-29,7.585247993469238,16.049999237060547,16.200000762939453,15.5,16.200000762939453,107284000
2010-02-01,7.325316905975342,15.5,15.949999809265137,15.5,15.899999618530273,57493000
2010-02-02,7.3725762367248535,15.600000381469727,15.899999618530273,15.449999809265137,15.899999618530273,48237000
2010-02-03,7.8688063621521,16.649999618530273,16.649999618530273,16.100000381469727,16.299999237060547,93317000
2010-02-04,7.797918796539307,16.5,17.149999618530273,16.5,16.799999237060547,129750000
2010-02-05,7.419837951660156,15.699999809265137,15.899999618530273,15.5,15.699999809265137,152460000
2010-02-08,7.561615943908691,16.0,16.149999618530273,15.899999618530273,16.100000381469727,44950000
2010-02-09,7.67976713180542,16.25,16.350000381469727,16.0,16.0,57855000
2010-02-10,7.67976713180542,16.25,16.5,16.200000762939453,16.350000381469727,80828000
2010-02-22,7.845177173614502,16.600000381469727,16.700000762939453,16.25,16.600000381469727,61113000
2010-02-23,7.703396797180176,16.299999237060547,16.299999237060547,16.0,16.0,67885000
2010-02-24,7.537985801696777,15.949999809265137,16.149999618530273,15.800000190734863,16.149999618530273,75795000
2010-02-25,7.325316905975342,15.5,15.949999809265137,15.350000381469727,15.949999809265137,122052000
2010-02-26,7.301685333251953,15.449999809265137,15.5,15.199999809265137,15.399999618530273,69438000
2010-03-01,7.561615943908691,16.0,16.049999237060547,15.449999809265137,15.550000190734863,66218000
2010-03-02,7.443466663360596,15.75,16.100000381469727,15.699999809265137,16.049999237060547,55086000
2010-03-03,7.514355659484863,15.899999618530273,15.899999618530273,15.699999809265137,15.850000381469727,39637000
2010-03-04,7.467096328735352,15.800000190734863,16.0,15.649999618530273,16.0,39114000
2010-03-05,7.608877182006836,16.100000381469727,16.149999618530273,15.899999618530273,16.0,60811000
2010-03-08,7.656137943267822,16.200000762939453,16.299999237060547,16.049999237060547,16.25,49140000
2010-03-09,7.727029323577881,16.350000381469727,16.350000381469727,16.0,16.25,53450000
2010-03-10,7.845177173614502,16.600000381469727,16.600000381469727,16.399999618530273,16.5,60107000
2010-03-11,7.89243745803833,16.700000762939453,16.850000381469727,16.549999237060547,16.700000762939453,45855000
2010-03-12,7.9160685539245605,16.75,16.75,16.5,16.700000762939453,26471000
2010-03-15,7.703396797180176,16.299999237060547,16.700000762939453,16.25,16.600000381469727,40518000
2010-03-16,7.797918796539307,16.5,16.5,16.149999618530273,16.200000762939453,33025000
2010-03-17,7.939696788787842,16.799999237060547,16.799999237060547,16.5,16.700000762939453,57174000
2010-03-18,7.9160685539245605,16.75,16.899999618530273,16.600000381469727,16.799999237060547,46403000
2010-03-19,8.010587692260742,16.950000762939453,17.100000381469727,16.799999237060547,16.799999237060547,46844000
2010-03-22,7.9160685539245605,16.75,16.75,16.549999237060547,16.75,38589000
2010-03-23,7.821547031402588,16.549999237060547,16.899999618530273,16.549999237060547,16.899999618530273,28338000
2010-03-24,7.9160685539245605,16.75,16.899999618530273,16.75,16.850000381469727,31445000
2010-03-25,7.89243745803833,16.700000762939453,16.850000381469727,16.5,16.75,24657000
2010-03-26,8.034219741821289,17.0,17.0,16.5,16.600000381469727,34905000
2010-03-29,7.9160685539245605,16.75,17.049999237060547,16.75,17.0,45394000
2010-03-30,7.939696788787842,16.799999237060547,16.850000381469727,16.75,16.850000381469727,23162000
2010-03-31,7.963326930999756,16.850000381469727,17.149999618530273,16.799999237060547,16.899999618530273,48792000
2010-04-01,7.9869561195373535,16.899999618530273,17.100000381469727,16.799999237060547,16.850000381469727,53644000
2010-04-02,7.9160685539245605,16.75,17.0,16.700000762939453,16.899999618530273,23168000
2010-04-06,8.05784797668457,17.049999237060547,17.149999618530273,16.850000381469727,16.850000381469727,44375000
2010-04-07,8.128738403320312,17.200000762939453,17.200000762939453,17.049999237060547,17.100000381469727,28942000
2010-04-08,8.05784797668457,17.049999237060547,17.25,17.049999237060547,17.200000762939453,34009000
2010-04-09,8.010587692260742,16.950000762939453,17.200000762939453,16.899999618530273,17.200000762939453,23792000
2010-04-12,8.010587692260742,16.950000762939453,17.0,16.799999237060547,17.0,16844000
2010-04-13,7.845177173614502,16.600000381469727,16.899999618530273,16.5,16.899999618530273,38188000
2010-04-14,7.8688063621521,16.649999618530273,16.75,16.350000381469727,16.700000762939453,29241000
2010-04-15,7.845177173614502,16.600000381469727,16.950000762939453,16.5,16.899999618530273,57127000
2010-04-16,7.89243745803833,16.700000762939453,16.700000762939453,16.5,16.600000381469727,27250000
2010-04-19,7.656137943267822,16.200000762939453,16.450000762939453,16.149999618530273,16.399999618530273,45603000
2010-04-20,7.727029323577881,16.350000381469727,16.450000762939453,16.200000762939453,16.399999618530273,21840000
2010-04-21,7.727029323577881,16.350000381469727,16.5,16.299999237060547,16.350000381469727,36248000
2010-04-22,7.67976713180542,16.25,16.350000381469727,16.149999618530273,16.200000762939453,26566000
2010-04-23,7.656137943267822,16.200000762939453,16.450000762939453,16.200000762939453,16.450000762939453,24050000
2010-04-26,7.939696788787842,16.799999237060547,17.0,16.399999618530273,16.399999618530273,72790000
2010-04-27,7.8688063621521,16.649999618530273,16.850000381469727,16.600000381469727,16.799999237060547,31874000
2010-04-28,7.7506585121154785,16.399999618530273,16.450000762939453,16.200000762939453,16.200000762939453,47225000
2010-04-29,7.608877182006836,16.100000381469727,16.350000381469727,16.049999237060547,16.350000381469727,53383000
2010-04-30,7.561615943908691,16.0,16.399999618530273,15.949999809265137,16.200000762939453,55822000
2010-05-03,7.467096328735352,15.800000190734863,16.0,15.699999809265137,15.899999618530273,29053000
2010-05-04,7.396206855773926,15.649999618530273,15.949999809265137,15.550000190734863,15.949999809265137,39166000
2010-05-05,6.947234153747559,14.699999809265137,15.300000190734863,14.699999809265137,15.300000190734863,136375000
2010-05-06,6.970865726470947,14.75,15.100000381469727,14.699999809265137,14.699999809265137,76364000
2010-05-07,6.994495391845703,14.800000190734863,14.899999618530273,14.449999809265137,14.600000381469727,58207000
2010-05-10,7.089015960693359,15.0,15.100000381469727,14.899999618530273,15.0,43846000
2010-05-11,7.136275768280029,15.100000381469727,15.399999618530273,15.0,15.399999618530273,87347000
2010-05-12,7.0417561531066895,14.899999618530273,15.300000190734863,14.850000381469727,15.300000190734863,39678000
2010-05-13,7.230796813964844,15.300000190734863,15.350000381469727,15.100000381469727,15.199999809265137,40029000
2010-05-14,7.183536052703857,15.199999809265137,15.300000190734863,15.199999809265137,15.199999809265137,23606000
2010-05-17,7.0417561531066895,14.899999618530273,15.050000190734863,14.699999809265137,15.0,39815000
2010-05-18,6.947234153747559,14.699999809265137,15.0,14.699999809265137,14.899999618530273,34025000
2010-05-19,6.829084396362305,14.449999809265137,14.600000381469727,14.300000190734863,14.5,49597000
2010-05-20,6.616414546966553,14.0,14.550000190734863,14.0,14.5,78425000
2010-05-21,6.616414546966553,14.0,14.199999809265137,13.5,13.600000381469727,46297000
2010-05-24,6.758195400238037,14.300000190734863,14.399999618530273,14.199999809265137,14.350000381469727,43867000
2010-05-25,6.521894454956055,13.800000190734863,14.050000190734863,13.800000190734863,14.0,38856000
2010-05-26,6.616414546966553,14.0,14.149999618530273,13.949999809265137,14.050000190734863,33431000
2010-05-27,6.663674354553223,14.100000381469727,14.199999809265137,13.800000190734863,14.0,28054000
2010-05-28,6.781825542449951,14.350000381469727,14.600000381469727,14.25,14.399999618530273,45207000
2010-05-31,7.136275768280029,15.100000381469727,15.100000381469727,14.399999618530273,14.600000381469727,48655000
2010-06-01,6.994495391845703,14.800000190734863,15.0,14.699999809265137,15.0,32220000
2010-06-02,6.805455207824707,14.399999618530273,14.75,14.350000381469727,14.350000381469727,52278000
2010-06-03,7.0417561531066895,14.899999618530273,14.949999809265137,14.649999618530273,14.800000190734863,40730000
2010-06-04,6.923605442047119,14.649999618530273,15.0,14.649999618530273,15.0,36286000
2010-06-07,6.710936069488525,14.199999809265137,14.25,14.0,14.100000381469727,38642000
2010-06-08,6.616414546966553,14.0,14.149999618530273,13.949999809265137,14.050000190734863,66251000
2010-06-09,6.521894454956055,13.800000190734863,14.050000190734863,13.75,13.899999618530273,83134000
2010-06-10,6.592784881591797,13.949999809265137,14.050000190734863,13.850000381469727,14.0,26357000
2010-06-11,6.758195400238037,14.300000190734863,14.5,14.199999809265137,14.5,27445000
2010-06-14,6.876345634460449,14.550000190734863,14.550000190734863,14.350000381469727,14.399999618530273,25557000
2010-06-15,6.947234153747559,14.699999809265137,14.800000190734863,14.449999809265137,14.550000190734863,32385000
2010-06-17,7.089015960693359,15.0,15.300000190734863,14.949999809265137,15.050000190734863,106471000
2010-06-18,7.0653862953186035,14.949999809265137,15.050000190734863,14.75,15.050000190734863,37968000
2010-06-21,7.112646579742432,15.050000190734863,15.199999809265137,14.949999809265137,15.100000381469727,67576000
2010-06-22,7.0653862953186035,14.949999809265137,15.149999618530273,14.949999809265137,15.100000381469727,29418000
2010-06-23,6.994495391845703,14.800000190734863,14.949999809265137,14.800000190734863,14.949999809265137,15351000
2010-06-24,6.899977207183838,14.600000381469727,14.899999618530273,14.550000190734863,14.850000381469727,34142000
2010-06-25,6.781825542449951,14.350000381469727,14.449999809265137,14.300000190734863,14.399999618530273,31587000
2010-06-28,6.805455207824707,14.399999618530273,14.550000190734863,14.350000381469727,14.5,21130000
2010-06-29,6.7345662117004395,14.25,14.600000381469727,14.25,14.5,25321000
2010-06-30,6.781825542449951,14.350000381469727,14.449999809265137,13.949999809265137,14.0,49497000
2010-07-01,6.687305450439453,14.149999618530273,14.25,14.050000190734863,14.25,12852000
2010-07-02,6.663674354553223,14.100000381469727,14.199999809265137,13.949999809265137,13.949999809265137,39119000
2010-07-05,6.758195400238037,14.300000190734863,14.399999618530273,14.050000190734863,14.149999618530273,26776000
2010-07-06,6.876345634460449,14.550000190734863,14.550000190734863,14.100000381469727,14.149999618530273,43772000
2010-07-07,6.947234153747559,14.699999809265137,14.699999809265137,14.600000381469727,14.649999618530273,64396000
2010-07-08,6.947236061096191,14.199999809265137,14.399999618530273,14.199999809265137,14.399999618530273,55255000
2010-07-09,7.020623207092285,14.350000381469727,14.399999618530273,14.199999809265137,14.350000381469727,33297000
2010-07-12,7.020623207092285,14.350000381469727,14.5,14.300000190734863,14.399999618530273,33869000
2010-07-13,7.045084476470947,14.399999618530273,14.449999809265137,14.25,14.449999809265137,22736000
2010-07-14,7.265244007110596,14.850000381469727,14.899999618530273,14.5,14.5,73406000
2010-07-15,7.216318130493164,14.75,14.850000381469727,14.649999618530273,14.850000381469727,27700000
2010-07-16,7.240780830383301,14.800000190734863,14.800000190734863,14.550000190734863,14.75,40391000
2010-07-19,7.1918559074401855,14.699999809265137,14.800000190734863,14.5,14.5,20648000
2010-07-20,7.216318130493164,14.75,14.850000381469727,14.649999618530273,14.800000190734863,17549000
2010-07-21,7.240780830383301,14.800000190734863,14.850000381469727,14.699999809265137,14.75,21908000
2010-07-22,7.167394161224365,14.649999618530273,14.800000190734863,14.649999618530273,14.800000190734863,20485000
2010-07-23,7.167394161224365,14.649999618530273,14.899999618530273,14.600000381469727,14.850000381469727,42569000
2010-07-26,7.240780830383301,14.800000190734863,14.850000381469727,14.699999809265137,14.800000190734863,29922000
2010-07-27,7.216318130493164,14.75,14.949999809265137,14.75,14.899999618530273,38043000
2010-07-28,7.142934322357178,14.600000381469727,14.75,14.550000190734863,14.699999809265137,40089000
2010-07-29,7.069545745849609,14.449999809265137,14.600000381469727,14.350000381469727,14.600000381469727,31154000
2010-07-30,6.947236061096191,14.199999809265137,14.300000190734863,14.149999618530273,14.300000190734863,42328000
2010-08-02,7.094007968902588,14.5,14.600000381469727,14.399999618530273,14.399999618530273,41565000
2010-08-03,7.045084476470947,14.399999618530273,14.550000190734863,14.399999618530273,14.5,26870000
2010-08-04,6.996160507202148,14.300000190734863,14.399999618530273,14.149999618530273,14.350000381469727,51962000
2010-08-05,7.045084476470947,14.399999618530273,14.649999618530273,14.300000190734863,14.5,90148000
2010-08-06,7.020623207092285,14.350000381469727,14.5,14.350000381469727,14.449999809265137,30528000
2010-08-09,7.069545745849609,14.449999809265137,14.550000190734863,14.300000190734863,14.300000190734863,31647000
2010-08-10,7.020623207092285,14.350000381469727,14.600000381469727,14.350000381469727,14.550000190734863,33659000
2010-08-11,6.97169828414917,14.25,14.350000381469727,14.199999809265137,14.300000190734863,26650000
2010-08-12,6.898310661315918,14.100000381469727,14.199999809265137,14.050000190734863,14.100000381469727,46170000
2010-08-13,6.898310661315918,14.100000381469727,14.199999809265137,14.0,14.149999618530273,50860000
2010-08-16,6.849386692047119,14.0,14.149999618530273,14.0,14.149999618530273,39626000
2010-08-17,6.8004631996154785,13.899999618530273,14.100000381469727,13.899999618530273,14.0,40976000
2010-08-18,6.776001453399658,13.850000381469727,14.100000381469727,13.850000381469727,13.949999809265137,39936000
2010-08-19,6.824925899505615,13.949999809265137,14.0,13.800000190734863,13.850000381469727,39127000
2010-08-20,6.776001453399658,13.850000381469727,14.0,13.850000381469727,13.899999618530273,20819000
2010-08-23,6.727077007293701,13.75,13.899999618530273,13.699999809265137,13.800000190734863,37148000
2010-08-24,6.604766845703125,13.5,13.75,13.5,13.75,44645000
2010-08-25,6.40907096862793,13.100000381469727,13.399999618530273,13.050000190734863,13.399999618530273,88847000
2010-08-26,6.482455730438232,13.25,13.449999809265137,13.0,13.100000381469727,89502000
2010-08-27,6.384608268737793,13.050000190734863,13.199999809265137,13.0,13.199999809265137,53748000
2010-08-30,6.384608268737793,13.050000190734863,13.300000190734863,13.050000190734863,13.199999809265137,26502000
2010-08-31,6.360145568847656,13.0,13.0,12.75,13.0,45361000
2010-09-01,6.3356828689575195,12.949999809265137,13.050000190734863,12.949999809265137,13.050000190734863,29576000
2010-09-02,6.457993507385254,13.199999809265137,13.300000190734863,13.100000381469727,13.25,43505000
2010-09-03,6.531381130218506,13.350000381469727,13.350000381469727,13.199999809265137,13.199999809265137,34672000
2010-09-06,6.506917953491211,13.300000190734863,13.449999809265137,13.25,13.399999618530273,31523000
2010-09-07,6.433532238006592,13.149999618530273,13.350000381469727,13.149999618530273,13.300000190734863,33492000
2010-09-08,6.482455730438232,13.25,13.25,13.100000381469727,13.100000381469727,26479000
2010-09-09,6.482455730438232,13.25,13.350000381469727,13.199999809265137,13.300000190734863,35090000
2010-09-10,6.555842399597168,13.399999618530273,13.449999809265137,13.300000190734863,13.350000381469727,45269000
2010-09-13,6.702615737915039,13.699999809265137,13.699999809265137,13.449999809265137,13.449999809265137,58966000
2010-09-14,6.824925899505615,13.949999809265137,14.350000381469727,13.649999618530273,13.75,106872000
2010-09-15,6.776001453399658,13.850000381469727,14.0,13.699999809265137,14.0,63805000
2010-09-16,6.702615737915039,13.699999809265137,13.850000381469727,13.699999809265137,13.850000381469727,27296000
2010-09-17,6.751539707183838,13.800000190734863,13.850000381469727,13.699999809265137,13.699999809265137,47435000
2010-09-20,6.727077007293701,13.75,13.800000190734863,13.649999618530273,13.75,28193000
2010-09-21,6.776001453399658,13.850000381469727,14.0,13.800000190734863,13.850000381469727,24778000
2010-09-23,6.776001453399658,13.850000381469727,13.899999618530273,13.699999809265137,13.850000381469727,27410000
2010-09-24,6.702615737915039,13.699999809265137,13.800000190734863,13.600000381469727,13.75,48956000
2010-09-27,6.727077007293701,13.75,13.850000381469727,13.699999809265137,13.800000190734863,20612000
2010-09-28,6.727077007293701,13.75,13.75,13.600000381469727,13.600000381469727,30741000
2010-09-29,6.727077007293701,13.75,13.850000381469727,13.699999809265137,13.75,40281000
2010-09-30,6.776001453399658,13.850000381469727,13.899999618530273,13.75,13.800000190734863,31139000
2010-10-01,6.776001453399658,13.850000381469727,13.899999618530273,13.75,13.850000381469727,18966000
2010-10-04,6.751539707183838,13.800000190734863,13.949999809265137,13.75,13.850000381469727,32310000
2010-10-05,6.702615737915039,13.699999809265137,13.800000190734863,13.649999618530273,13.75,26085000
2010-10-06,6.8004631996154785,13.899999618530273,13.949999809265137,13.75,13.800000190734863,46290000
2010-10-07,6.8004631996154785,13.899999618530273,13.949999809265137,13.850000381469727,13.899999618530273,35537000
2010-10-08,6.824925899505615,13.949999809265137,14.050000190734863,13.899999618530273,14.0,34256000
2010-10-11,6.8004631996154785,13.899999618530273,14.050000190734863,13.850000381469727,14.0,24384000
2010-10-12,6.653691291809082,13.600000381469727,13.800000190734863,13.5,13.800000190734863,51742000
2010-10-13,6.604766845703125,13.5,13.699999809265137,13.449999809265137,13.699999809265137,37567000
2010-10-14,6.702615737915039,13.699999809265137,13.75,13.600000381469727,13.649999618530273,31680000
2010-10-15,6.678152561187744,13.649999618530273,13.75,13.550000190734863,13.75,19917000
2010-10-18,6.531381130218506,13.350000381469727,13.699999809265137,13.350000381469727,13.649999618530273,30237000
2010-10-19,6.531381130218506,13.350000381469727,13.399999618530273,13.300000190734863,13.350000381469727,31758000
2010-10-20,6.6292290687561035,13.550000190734863,13.600000381469727,13.25,13.300000190734863,31923000
2010-10-21,6.506917953491211,13.300000190734863,13.600000381469727,13.300000190734863,13.550000190734863,25835000
2010-10-22,6.555842399597168,13.399999618530273,13.550000190734863,13.350000381469727,13.350000381469727,25522000
2010-10-25,6.776001453399658,13.850000381469727,13.850000381469727,13.449999809265137,13.5,67800000
2010-10-26,6.776001453399658,13.850000381469727,14.0,13.75,13.949999809265137,45418000
2010-10-27,6.751539707183838,13.800000190734863,13.850000381469727,13.649999618530273,13.800000190734863,29737000
2010-10-28,7.069545745849609,14.449999809265137,14.75,14.25,14.350000381469727,454055000
2010-10-29,7.118471145629883,14.550000190734863,14.649999618530273,14.350000381469727,14.5,229466000
2010-11-01,7.045084476470947,14.399999618530273,14.649999618530273,14.399999618530273,14.600000381469727,113218000
2010-11-02,7.069545745849609,14.449999809265137,14.600000381469727,14.350000381469727,14.350000381469727,73987000
2010-11-03,7.045084476470947,14.399999618530273,14.600000381469727,14.300000190734863,14.550000190734863,86264000
2010-11-04,7.265244007110596,14.850000381469727,14.850000381469727,14.449999809265137,14.449999809265137,161858000
2010-11-05,7.534327507019043,15.399999618530273,15.399999618530273,14.899999618530273,15.0,230809000
2010-11-08,7.412014484405518,15.149999618530273,15.5,15.100000381469727,15.5,75862000
2010-11-09,7.436477184295654,15.199999809265137,15.399999618530273,15.149999618530273,15.300000190734863,47052000
2010-11-10,7.436477184295654,15.199999809265137,15.300000190734863,15.050000190734863,15.25,52455000
2010-11-11,7.363091468811035,15.050000190734863,15.300000190734863,15.050000190734863,15.25,45671000
2010-11-12,7.142934322357178,14.600000381469727,15.0,14.600000381469727,15.0,75061000
2010-11-15,7.265244007110596,14.850000381469727,14.850000381469727,14.600000381469727,14.600000381469727,50191000
2010-11-16,7.3141679763793945,14.949999809265137,14.949999809265137,14.75,14.949999809265137,43707000
2010-11-17,7.289706230163574,14.899999618530273,14.949999809265137,14.699999809265137,14.850000381469727,36523000
2010-11-18,7.1918559074401855,14.699999809265137,14.800000190734863,14.550000190734863,14.800000190734863,51290000
2010-11-19,7.1918559074401855,14.699999809265137,14.899999618530273,14.699999809265137,14.899999618530273,37236000
2010-11-22,7.363091468811035,15.050000190734863,15.149999618530273,14.75,14.899999618530273,56057000
2010-11-23,7.240780830383301,14.800000190734863,15.100000381469727,14.800000190734863,15.050000190734863,49579000
2010-11-24,7.167394161224365,14.649999618530273,14.800000190734863,14.600000381469727,14.600000381469727,34818000
2010-11-25,7.338629245758057,15.0,15.0,14.800000190734863,14.800000190734863,55645000
2010-11-26,7.289706230163574,14.899999618530273,15.149999618530273,14.899999618530273,15.100000381469727,57580000
2010-11-29,7.3875532150268555,15.100000381469727,15.149999618530273,14.949999809265137,15.100000381469727,61608000
2010-11-30,7.3875532150268555,15.100000381469727,15.350000381469727,15.0,15.100000381469727,82244000
2010-12-01,7.509864807128906,15.350000381469727,15.350000381469727,15.100000381469727,15.199999809265137,64069000
2010-12-02,7.876795768737793,16.100000381469727,16.100000381469727,15.550000190734863,15.600000381469727,195060000
2010-12-03,8.023568153381348,16.399999618530273,16.850000381469727,16.25,16.399999618530273,195064000
2010-12-06,8.023568153381348,16.399999618530273,16.600000381469727,16.200000762939453,16.5,76614000
2010-12-07,7.95018196105957,16.25,16.399999618530273,16.049999237060547,16.399999618530273,73483000
2010-12-08,7.876795768737793,16.100000381469727,16.350000381469727,16.100000381469727,16.299999237060547,44679000
2010-12-09,8.170341491699219,16.700000762939453,16.75,16.200000762939453,16.25,114596000
2010-12-10,7.974643707275391,16.299999237060547,16.549999237060547,16.200000762939453,16.549999237060547,62449000
2010-12-13,7.925719738006592,16.200000762939453,16.5,16.200000762939453,16.5,33886000
2010-12-14,7.852334022521973,16.049999237060547,16.299999237060547,16.0,16.200000762939453,63171000
2010-12-15,7.95018196105957,16.25,16.25,16.0,16.049999237060547,46767000
2010-12-16,8.023568153381348,16.399999618530273,16.399999618530273,16.100000381469727,16.200000762939453,66262000
2010-12-17,8.170341491699219,16.700000762939453,16.950000762939453,16.549999237060547,16.600000381469727,145453000
2010-12-20,8.048029899597168,16.450000762939453,16.799999237060547,16.450000762939453,16.799999237060547,62711000
2010-12-21,8.048029899597168,16.450000762939453,16.600000381469727,16.350000381469727,16.5,29030000
2010-12-22,7.9991068840026855,16.350000381469727,16.600000381469727,16.299999237060547,16.450000762939453,39369000
2010-12-23,7.974643707275391,16.299999237060547,16.399999618530273,16.25,16.299999237060547,34218000
2010-12-24,7.95018196105957,16.25,16.399999618530273,16.200000762939453,16.200000762939453,31276000
2010-12-27,7.95018196105957,16.25,16.299999237060547,16.100000381469727,16.25,29819000
2010-12-28,7.925719738006592,16.200000762939453,16.399999618530273,16.149999618530273,16.299999237060547,30787000
2010-12-29,7.852334022521973,16.049999237060547,16.200000762939453,16.0,16.100000381469727,45394000
2010-12-30,7.901257038116455,16.149999618530273,16.200000762939453,16.0,16.049999237060547,40230000
2010-12-31,7.974643707275391,16.299999237060547,16.399999618530273,16.049999237060547,16.149999618530273,56577000
2011-01-03,7.925719738006592,16.200000762939453,16.399999618530273,16.200000762939453,16.399999618530273,32075000
2011-01-04,7.925719738006592,16.200000762939453,16.299999237060547,16.149999618530273,16.200000762939453,27608000
2011-01-05,7.607712745666504,15.550000190734863,16.149999618530273,15.550000190734863,16.100000381469727,89570000
2011-01-06,7.778946399688721,15.899999618530273,15.899999618530273,15.5,15.600000381469727,42701000
2011-01-07,7.778946399688721,15.899999618530273,16.299999237060547,15.850000381469727,15.899999618530273,70086000
2011-01-10,7.925719738006592,16.200000762939453,16.200000762939453,15.949999809265137,16.0,42872000
2011-01-11,8.145878791809082,16.649999618530273,16.700000762939453,16.100000381469727,16.25,133375000
2011-01-12,8.145878791809082,16.649999618530273,16.899999618530273,16.549999237060547,16.700000762939453,112920000
2011-01-13,8.121416091918945,16.600000381469727,16.799999237060547,16.549999237060547,16.649999618530273,62423000
2011-01-14,8.170341491699219,16.700000762939453,16.700000762939453,16.549999237060547,16.600000381469727,45223000
2011-01-17,8.439423561096191,17.25,17.399999618530273,16.799999237060547,16.799999237060547,153696000
2011-01-18,8.708507537841797,17.799999237060547,17.950000762939453,17.100000381469727,17.25,189319000
2011-01-19,8.830817222595215,18.049999237060547,18.200000762939453,17.649999618530273,17.899999618530273,186147000
2011-01-20,8.635120391845703,17.649999618530273,18.0,17.649999618530273,18.0,86274000
2011-01-21,8.561734199523926,17.5,17.600000381469727,17.200000762939453,17.399999618530273,68812000
2011-01-24,8.512808799743652,17.399999618530273,17.549999237060547,17.25,17.5,34369000
2011-01-25,8.512808799743652,17.399999618530273,17.700000762939453,17.350000381469727,17.5,46454000
2011-01-26,8.512808799743652,17.399999618530273,17.700000762939453,17.299999237060547,17.399999618530273,61372000
2011-01-27,8.806355476379395,18.0,18.200000762939453,17.600000381469727,17.600000381469727,193089000
2011-01-28,8.855278968811035,18.100000381469727,18.149999618530273,17.799999237060547,18.049999237060547,98079000
2011-02-08,8.610658645629883,17.600000381469727,18.299999237060547,17.549999237060547,18.200000762939453,99808000
2011-02-09,8.317113876342773,17.0,17.700000762939453,16.899999618530273,17.5,94833000
2011-02-10,8.145878791809082,16.649999618530273,17.0,16.649999618530273,17.0,63244000
2011-02-11,7.925719738006592,16.200000762939453,16.600000381469727,16.100000381469727,16.549999237060547,77188000
2011-02-14,8.023568153381348,16.399999618530273,16.600000381469727,16.299999237060547,16.5,48021000
2011-02-15,7.925719738006592,16.200000762939453,16.5,16.0,16.200000762939453,47466000
2011-02-16,7.974643707275391,16.299999237060547,16.450000762939453,16.100000381469727,16.200000762939453,45666000
2011-02-17,7.901257038116455,16.149999618530273,16.399999618530273,16.100000381469727,16.399999618530273,37352000
2011-02-18,8.023568153381348,16.399999618530273,16.649999618530273,16.350000381469727,16.399999618530273,51012000
2011-02-21,7.974643707275391,16.299999237060547,16.450000762939453,16.25,16.450000762939453,27614000
2011-02-22,7.778946399688721,15.899999618530273,16.100000381469727,15.75,16.100000381469727,78629000
2011-02-23,7.534327507019043,15.399999618530273,15.850000381469727,15.300000190734863,15.75,92336000
2011-02-24,7.583250522613525,15.5,15.649999618530273,15.399999618530273,15.600000381469727,52836000
2011-02-25,7.534327507019043,15.399999618530273,15.649999618530273,15.300000190734863,15.550000190734863,76622000
2011-03-01,7.730022430419922,15.800000190734863,15.850000381469727,15.399999618530273,15.399999618530273,66953000
2011-03-02,7.558788299560547,15.449999809265137,15.699999809265137,15.449999809265137,15.699999809265137,37998000
2011-03-03,7.6810994148254395,15.699999809265137,15.75,15.449999809265137,15.600000381469727,41201000
2011-03-04,7.778946399688721,15.899999618530273,16.100000381469727,15.800000190734863,15.899999618530273,72299000
2011-03-07,7.632175445556641,15.600000381469727,15.899999618530273,15.600000381469727,15.899999618530273,27158000
2011-03-08,7.583250522613525,15.5,15.699999809265137,15.449999809265137,15.5,46097000
2011-03-09,7.412014484405518,15.149999618530273,15.600000381469727,15.050000190734863,15.600000381469727,114216000
2011-03-10,7.1918559074401855,14.699999809265137,15.100000381469727,14.649999618530273,15.050000190734863,111803000
2011-03-11,7.265244007110596,14.850000381469727,14.850000381469727,14.5,14.5,50504000
2011-03-14,7.142934322357178,14.600000381469727,14.75,14.399999618530273,14.699999809265137,62523000
2011-03-15,6.996160507202148,14.300000190734863,14.600000381469727,14.0,14.550000190734863,118936000
2011-03-16,6.898310661315918,14.100000381469727,14.600000381469727,14.0,14.399999618530273,90966000
2011-03-17,7.069545745849609,14.449999809265137,14.600000381469727,13.899999618530273,14.0,92281000
2011-03-18,7.142934322357178,14.600000381469727,14.600000381469727,14.300000190734863,14.550000190734863,55834000
2011-03-21,7.240780830383301,14.800000190734863,14.800000190734863,14.550000190734863,14.600000381469727,34507000
2011-03-22,7.1918559074401855,14.699999809265137,14.899999618530273,14.649999618530273,14.899999618530273,37403000
2011-03-23,7.265244007110596,14.850000381469727,14.850000381469727,14.600000381469727,14.699999809265137,27283000
2011-03-24,7.338629245758057,15.0,15.100000381469727,14.800000190734863,14.899999618530273,39311000
2011-03-25,7.3875532150268555,15.100000381469727,15.199999809265137,14.899999618530273,15.100000381469727,52454000
2011-03-28,7.363091468811035,15.050000190734863,15.100000381469727,14.899999618530273,15.0,33662000
2011-03-29,7.412014484405518,15.149999618530273,15.25,15.050000190734863,15.050000190734863,33533000
2011-03-30,7.412014484405518,15.149999618530273,15.25,15.100000381469727,15.149999618530273,34641000
2011-03-31,7.485401630401611,15.300000190734863,15.300000190734863,15.0,15.25,32352000
2011-04-01,7.412014484405518,15.149999618530273,15.300000190734863,15.100000381469727,15.300000190734863,27189000
2011-04-06,7.509864807128906,15.350000381469727,15.600000381469727,15.350000381469727,15.5,86925000
2011-04-07,7.583250522613525,15.5,15.5,15.350000381469727,15.399999618530273,44306000
2011-04-08,7.632175445556641,15.600000381469727,15.600000381469727,15.399999618530273,15.5,51342000
2011-04-11,7.558788299560547,15.449999809265137,15.649999618530273,15.25,15.600000381469727,39262000
2011-04-12,7.509864807128906,15.350000381469727,15.399999618530273,15.149999618530273,15.399999618530273,23640000
2011-04-13,7.485401630401611,15.300000190734863,15.350000381469727,15.149999618530273,15.350000381469727,34946000
2011-04-14,7.412014484405518,15.149999618530273,15.300000190734863,15.149999618530273,15.300000190734863,30212000
2011-04-15,7.289706230163574,14.899999618530273,15.25,14.899999618530273,15.199999809265137,47182000
2011-04-18,7.216318130493164,14.75,14.899999618530273,14.699999809265137,14.850000381469727,43223000
2011-04-19,7.289706230163574,14.899999618530273,14.899999618530273,14.550000190734863,14.699999809265137,34752000
2011-04-20,7.3875532150268555,15.100000381469727,15.149999618530273,14.949999809265137,15.100000381469727,33912000
2011-04-21,7.485401630401611,15.300000190734863,15.449999809265137,15.25,15.300000190734863,37020000
2011-04-22,7.436477184295654,15.199999809265137,15.350000381469727,15.199999809265137,15.300000190734863,21599000
2011-04-25,7.363091468811035,15.050000190734863,15.25,15.050000190734863,15.199999809265137,16889000
2011-04-26,7.460939884185791,15.25,15.25,14.949999809265137,15.0,30673000
2011-04-27,7.485401630401611,15.300000190734863,15.449999809265137,15.300000190734863,15.300000190734863,41641000
2011-04-28,7.3875532150268555,15.100000381469727,15.350000381469727,15.100000381469727,15.300000190734863,39033000
2011-04-29,7.265244007110596,14.850000381469727,15.149999618530273,14.75,15.100000381469727,57223000
2011-05-03,7.3141679763793945,14.949999809265137,15.0,14.850000381469727,15.0,27258000
2011-05-04,7.3141679763793945,14.949999809265137,15.050000190734863,14.800000190734863,14.949999809265137,32399000
2011-05-05,7.338629245758057,15.0,15.100000381469727,14.850000381469727,14.949999809265137,15667000
2011-05-06,7.338629245758057,15.0,15.149999618530273,14.899999618530273,15.0,24803000
2011-05-09,7.436477184295654,15.199999809265137,15.25,15.050000190734863,15.149999618530273,27984000
2011-05-10,7.3875532150268555,15.100000381469727,15.300000190734863,15.050000190734863,15.300000190734863,19405000
2011-05-11,7.363091468811035,15.050000190734863,15.199999809265137,15.0,15.199999809265137,17355000
2011-05-12,7.289706230163574,14.899999618530273,15.100000381469727,14.899999618530273,15.0,34784000
2011-05-13,7.3141679763793945,14.949999809265137,15.100000381469727,14.949999809265137,15.0,27129000
2011-05-16,7.3141679763793945,14.949999809265137,15.100000381469727,14.899999618530273,15.050000190734863,28160000
2011-05-17,7.265244007110596,14.850000381469727,15.0,14.800000190734863,14.899999618530273,39795000
2011-05-18,7.142934322357178,14.600000381469727,14.699999809265137,14.5,14.649999618530273,78456000
2011-05-19,7.216318130493164,14.75,14.800000190734863,14.649999618530273,14.699999809265137,39876000
2011-05-20,7.142934322357178,14.600000381469727,14.800000190734863,14.600000381469727,14.75,42395000
2011-05-23,7.094007968902588,14.5,14.600000381469727,14.399999618530273,14.5,34355000
2011-05-24,7.069545745849609,14.449999809265137,14.449999809265137,14.25,14.449999809265137,45609000
2011-05-25,7.118471145629883,14.550000190734863,14.600000381469727,14.350000381469727,14.449999809265137,29817000
2011-05-26,7.118471145629883,14.550000190734863,14.699999809265137,14.449999809265137,14.699999809265137,26455000
2011-05-27,7.020623207092285,14.350000381469727,14.600000381469727,14.350000381469727,14.5,34105000
2011-05-30,7.1918559074401855,14.699999809265137,14.75,14.449999809265137,14.5,41996000
2011-05-31,7.240780830383301,14.800000190734863,14.899999618530273,14.699999809265137,14.75,44781000
2011-06-01,7.363091468811035,15.050000190734863,15.149999618530273,14.850000381469727,14.850000381469727,64240000
2011-06-02,7.363091468811035,15.050000190734863,15.050000190734863,14.850000381469727,14.899999618530273,43553000
2011-06-03,7.338629245758057,15.0,15.050000190734863,14.850000381469727,15.050000190734863,24367000
2011-06-07,7.265244007110596,14.850000381469727,15.0,14.800000190734863,14.899999618530273,31667000
2011-06-08,7.338629245758057,15.0,15.100000381469727,14.850000381469727,14.850000381469727,28935000
2011-06-09,7.3141679763793945,14.949999809265137,15.100000381469727,14.949999809265137,15.100000381469727,16723000
2011-06-10,7.289706230163574,14.899999618530273,15.100000381469727,14.899999618530273,15.100000381469727,18897000
2011-06-13,7.167394161224365,14.649999618530273,14.850000381469727,14.550000190734863,14.800000190734863,33996000
2011-06-14,7.216318130493164,14.75,14.75,14.550000190734863,14.600000381469727,37192000
2011-06-15,7.240780830383301,14.800000190734863,14.850000381469727,14.550000190734863,14.699999809265137,47761000
2011-06-16,7.045084476470947,14.399999618530273,14.600000381469727,14.300000190734863,14.5,54240000
2011-06-17,6.996160507202148,14.300000190734863,14.5,14.300000190734863,14.300000190734863,36832000
2011-06-20,6.947236061096191,14.199999809265137,14.449999809265137,14.149999618530273,14.449999809265137,28782000
2011-06-21,6.996160507202148,14.300000190734863,14.399999618530273,14.25,14.25,26258000
2011-06-22,6.996160507202148,14.300000190734863,14.449999809265137,14.300000190734863,14.399999618530273,29134000
2011-06-23,6.947236061096191,14.199999809265137,14.399999618530273,14.149999618530273,14.199999809265137,25337000
2011-06-24,6.873849391937256,14.050000190734863,14.199999809265137,14.0,14.149999618530273,42511000
2011-06-27,6.824925899505615,13.949999809265137,14.0,13.850000381469727,14.0,42441000
2011-06-28,6.849386692047119,14.0,14.050000190734863,13.899999618530273,14.0,36631000
2011-06-29,6.97169828414917,14.25,14.300000190734863,14.100000381469727,14.149999618530273,37349000
2011-06-30,6.97169828414917,14.25,14.300000190734863,14.199999809265137,14.25,36563000
2011-07-01,6.97169828414917,14.25,14.350000381469727,14.199999809265137,14.300000190734863,40720000
2011-07-04,7.020623207092285,14.350000381469727,14.399999618530273,14.25,14.350000381469727,39987000
2011-07-05,6.97169828414917,14.25,14.399999618530273,14.199999809265137,14.399999618530273,35076000
2011-07-06,6.996160507202148,14.300000190734863,14.300000190734863,14.149999618530273,14.25,25043000
2011-07-07,7.020623207092285,14.350000381469727,14.5,14.25,14.300000190734863,46552000
2011-07-08,6.97169828414917,14.25,14.449999809265137,14.25,14.350000381469727,29739000
2011-07-11,6.873849391937256,14.050000190734863,14.300000190734863,14.050000190734863,14.199999809265137,27765000
2011-07-12,6.8004631996154785,13.899999618530273,14.0,13.850000381469727,13.899999618530273,47551000
2011-07-13,6.8004631996154785,13.899999618530273,14.0,13.850000381469727,13.850000381469727,24547000
2011-07-14,6.727077007293701,13.75,14.0,13.600000381469727,13.899999618530273,39804000
2011-07-15,6.8004631996154785,13.899999618530273,13.899999618530273,13.649999618530273,13.75,28665000
2011-07-18,6.776001453399658,13.850000381469727,13.949999809265137,13.75,13.899999618530273,19417000
2011-07-19,6.776001453399658,13.850000381469727,13.850000381469727,13.699999809265137,13.850000381469727,27429000
2011-07-20,6.898310661315918,14.100000381469727,14.100000381469727,13.850000381469727,13.949999809265137,45776000
2011-07-21,7.069545745849609,14.449999809265137,14.449999809265137,14.0,14.100000381469727,130094000
2011-07-22,7.102221488952637,13.399999618530273,13.5,13.350000381469727,13.5,87728000
2011-07-25,6.996215343475342,13.199999809265137,13.399999618530273,13.149999618530273,13.199999809265137,21225000
2011-07-26,7.049218654632568,13.300000190734863,13.300000190734863,13.149999618530273,13.199999809265137,24583000
2011-07-27,6.943215847015381,13.100000381469727,13.300000190734863,13.100000381469727,13.300000190734863,32049000
2011-07-28,6.916715145111084,13.050000190734863,13.100000381469727,12.949999809265137,13.0,20221000
2011-07-29,6.863713264465332,12.949999809265137,13.100000381469727,12.949999809265137,13.100000381469727,24637000
2011-08-01,6.943215847015381,13.100000381469727,13.149999618530273,12.899999618530273,12.949999809265137,20369000
2011-08-02,6.784211158752441,12.800000190734863,13.0,12.800000190734863,12.949999809265137,30105000
2011-08-03,6.704709053039551,12.649999618530273,12.699999809265137,12.550000190734863,12.699999809265137,32582000
2011-08-04,6.572203636169434,12.399999618530273,12.600000381469727,12.300000190734863,12.550000190734863,52766000
2011-08-05,6.121689796447754,11.550000190734863,11.800000190734863,11.550000190734863,11.550000190734863,67197000
2011-08-08,5.77717924118042,10.899999618530273,11.300000190734863,10.75,11.300000190734863,105314000
2011-08-09,5.538671970367432,10.449999809265137,10.649999618530273,10.149999618530273,10.149999618530273,126791000
2011-08-10,5.883183479309082,11.100000381469727,11.149999618530273,10.600000381469727,10.800000190734863,98655000
2011-08-11,5.72417688369751,10.800000190734863,11.0,10.600000381469727,10.699999809265137,74981000
2011-08-12,5.77717924118042,10.899999618530273,11.199999809265137,10.850000381469727,11.0,93944000
2011-08-15,5.936184406280518,11.199999809265137,11.199999809265137,11.050000190734863,11.100000381469727,33473000
2011-08-16,5.936184406280518,11.199999809265137,11.399999618530273,11.149999618530273,11.300000190734863,41510000
2011-08-17,5.883183479309082,11.100000381469727,11.300000190734863,11.0,11.300000190734863,50610000
2011-08-18,5.803679943084717,10.949999809265137,11.199999809265137,10.800000190734863,11.199999809265137,52163000
2011-08-19,5.671175479888916,10.699999809265137,10.75,10.600000381469727,10.699999809265137,36887000
2011-08-22,5.671175479888916,10.699999809265137,10.899999618530273,10.649999618530273,10.800000190734863,21016000
2011-08-23,5.883183479309082,11.100000381469727,11.199999809265137,10.75,10.899999618530273,25120000
2011-08-24,5.803679943084717,10.949999809265137,11.149999618530273,10.800000190734863,11.149999618530273,39032000
2011-08-25,5.77717924118042,10.899999618530273,11.0,10.850000381469727,10.949999809265137,26160000
2011-08-26,5.72417688369751,10.800000190734863,11.0,10.800000190734863,10.899999618530273,21976000
2011-08-29,5.830182075500488,11.0,11.100000381469727,10.899999618530273,10.949999809265137,34439000
2011-08-30,5.883183479309082,11.100000381469727,11.300000190734863,11.050000190734863,11.149999618530273,64068000
2011-08-31,5.989185810089111,11.300000190734863,11.350000381469727,11.100000381469727,11.300000190734863,29973000
2011-09-01,6.2276930809021,11.75,12.050000190734863,11.350000381469727,11.399999618530273,78182000
2011-09-02,6.148191452026367,11.600000381469727,11.800000190734863,11.5,11.800000190734863,40008000
2011-09-05,5.856682300567627,11.050000190734863,11.300000190734863,11.0,11.300000190734863,47354000
2011-09-06,5.77717924118042,10.899999618530273,11.050000190734863,10.899999618530273,10.949999809265137,32980000
2011-09-07,6.042187690734863,11.399999618530273,11.399999618530273,10.949999809265137,11.0,39679000
2011-09-08,6.015687465667725,11.350000381469727,11.600000381469727,11.25,11.550000190734863,44775000
2011-09-09,5.989185810089111,11.300000190734863,11.350000381469727,11.100000381469727,11.199999809265137,23680000
2011-09-13,5.77717924118042,10.899999618530273,11.199999809265137,10.899999618530273,11.199999809265137,25291000
2011-09-14,5.697677135467529,10.75,11.100000381469727,10.699999809265137,11.0,33428000
2011-09-15,5.830182075500488,11.0,11.199999809265137,10.899999618530273,11.100000381469727,31572000
2011-09-16,6.068687915802002,11.449999809265137,11.449999809265137,11.300000190734863,11.300000190734863,63291000
2011-09-19,5.936184406280518,11.199999809265137,11.399999618530273,11.199999809265137,11.399999618530273,12095000
2011-09-20,5.989185810089111,11.300000190734863,11.350000381469727,11.100000381469727,11.25,23399000
2011-09-21,6.042187690734863,11.399999618530273,11.399999618530273,11.149999618530273,11.350000381469727,18336000
2011-09-22,5.830182075500488,11.0,11.199999809265137,11.0,11.149999618530273,28031000
2011-09-23,5.697677135467529,10.75,11.0,10.649999618530273,10.699999809265137,66329000
2011-09-26,5.750679016113281,10.850000381469727,10.850000381469727,10.850000381469727,10.850000381469727,23287000
2011-09-27,6.095189094543457,11.5,11.5,11.100000381469727,11.100000381469727,53217000
2011-09-28,6.121689796447754,11.550000190734863,11.649999618530273,11.300000190734863,11.649999618530273,48458000
2011-09-29,6.068687915802002,11.449999809265137,11.550000190734863,11.25,11.449999809265137,23760000
2011-09-30,6.042187690734863,11.399999618530273,11.449999809265137,11.300000190734863,11.399999618530273,31645000
2011-10-03,5.989185810089111,11.300000190734863,11.399999618530273,11.149999618530273,11.399999618530273,25259000
2011-10-04,6.095189094543457,11.5,11.5,11.050000190734863,11.100000381469727,30600000
2011-10-05,6.068687915802002,11.449999809265137,11.649999618530273,11.449999809265137,11.550000190734863,17624000
2011-10-06,6.2276930809021,11.75,11.800000190734863,11.550000190734863,11.600000381469727,36994000
2011-10-07,6.307195663452148,11.899999618530273,11.899999618530273,11.800000190734863,11.800000190734863,33515000
2011-10-11,6.439700603485107,12.149999618530273,12.25,12.050000190734863,12.050000190734863,48167000
2011-10-12,6.439700603485107,12.149999618530273,12.199999809265137,11.949999809265137,12.199999809265137,17309000
2011-10-13,6.333696365356445,11.949999809265137,12.149999618530273,11.800000190734863,12.149999618530273,31458000
2011-10-14,6.307195663452148,11.899999618530273,12.0,11.800000190734863,11.850000381469727,14412000
2011-10-17,6.466200351715088,12.199999809265137,12.199999809265137,12.0,12.0,20379000
2011-10-18,6.307195663452148,11.899999618530273,12.050000190734863,11.850000381469727,12.0,14336000
2011-10-19,6.386698246002197,12.050000190734863,12.050000190734863,11.899999618530273,12.0,12916000
2011-10-20,6.386698246002197,12.050000190734863,12.100000381469727,11.949999809265137,12.050000190734863,19882000
2011-10-21,6.386698246002197,12.050000190734863,12.100000381469727,11.949999809265137,12.100000381469727,11956000
2011-10-24,6.7312092781066895,12.699999809265137,12.800000190734863,12.399999618530273,12.399999618530273,48061000
2011-10-25,6.7312092781066895,12.699999809265137,12.850000381469727,12.600000381469727,12.850000381469727,31672000
2011-10-26,6.784211158752441,12.800000190734863,12.899999618530273,12.399999618530273,12.399999618530273,31873000
2011-10-27,6.996215343475342,13.199999809265137,13.25,12.850000381469727,12.899999618530273,77805000
2011-10-28,6.996215343475342,13.199999809265137,13.699999809265137,13.0,13.5,65169000
2011-10-31,7.075721740722656,13.350000381469727,13.350000381469727,13.100000381469727,13.199999809265137,32232000
2011-11-01,6.969715595245361,13.149999618530273,13.300000190734863,13.050000190734863,13.300000190734863,40262000
2011-11-02,6.8902130126953125,13.0,13.050000190734863,12.699999809265137,12.899999618530273,33957000
2011-11-03,6.757710933685303,12.75,13.0,12.550000190734863,13.0,28832000
2011-11-04,6.916715145111084,13.050000190734863,13.199999809265137,12.949999809265137,13.0,29055000
2011-11-07,6.863713264465332,12.949999809265137,13.149999618530273,12.850000381469727,13.050000190734863,10397000
2011-11-08,6.8902130126953125,13.0,13.100000381469727,12.850000381469727,12.949999809265137,12794000
2011-11-09,6.916715145111084,13.050000190734863,13.199999809265137,13.050000190734863,13.199999809265137,15250000
2011-11-10,6.651707649230957,12.550000190734863,12.800000190734863,12.5,12.75,37033000
2011-11-11,6.784211158752441,12.800000190734863,12.800000190734863,12.5,12.649999618530273,14308000
2011-11-14,6.969715595245361,13.149999618530273,13.149999618530273,13.0,13.0,27635000
2011-11-15,6.916715145111084,13.050000190734863,13.100000381469727,12.899999618530273,13.050000190734863,12616000
2011-11-16,6.8902130126953125,13.0,13.149999618530273,12.899999618530273,13.100000381469727,18233000
2011-11-17,6.8107123374938965,12.850000381469727,13.0,12.850000381469727,12.899999618530273,12588000
2011-11-18,6.678206920623779,12.600000381469727,12.75,12.5,12.75,23225000
2011-11-21,6.545704364776611,12.350000381469727,12.550000190734863,12.300000190734863,12.5,18514000
2011-11-22,6.651707649230957,12.550000190734863,12.699999809265137,12.25,12.350000381469727,30564000
2011-11-23,6.333696365356445,11.949999809265137,12.5,11.949999809265137,12.350000381469727,41278000
2011-11-24,6.307195663452148,11.899999618530273,12.0,11.600000381469727,11.800000190734863,21810000
2011-11-25,6.439700603485107,12.149999618530273,12.699999809265137,12.149999618530273,12.149999618530273,45066000
2011-11-28,6.651707649230957,12.550000190734863,12.550000190734863,12.199999809265137,12.300000190734863,25607000
2011-11-29,6.678206920623779,12.600000381469727,12.800000190734863,12.399999618530273,12.649999618530273,33357000
2011-11-30,6.8902130126953125,13.0,13.0,12.649999618530273,12.850000381469727,49348000
2011-12-01,7.0227179527282715,13.25,13.600000381469727,13.25,13.5,53149000
2011-12-02,6.969715595245361,13.149999618530273,13.350000381469727,13.100000381469727,13.25,14445000
2011-12-05,6.863713264465332,12.949999809265137,13.199999809265137,12.949999809265137,13.149999618530273,17147000
2011-12-06,6.757710933685303,12.75,13.050000190734863,12.75,13.0,13044000
2011-12-07,6.8107123374938965,12.850000381469727,13.0,12.800000190734863,12.949999809265137,26167000
2011-12-08,6.784211158752441,12.800000190734863,12.899999618530273,12.550000190734863,12.850000381469727,24620000
2011-12-09,6.598705291748047,12.449999809265137,12.649999618530273,12.449999809265137,12.600000381469727,25550000
2011-12-12,6.651707649230957,12.550000190734863,12.75,12.449999809265137,12.550000190734863,11870000
2011-12-13,6.466200351715088,12.199999809265137,12.399999618530273,12.199999809265137,12.300000190734863,22147000
2011-12-14,6.386698246002197,12.050000190734863,12.25,12.0,12.199999809265137,23306000
2011-12-15,6.2276930809021,11.75,11.949999809265137,11.75,11.949999809265137,34089000
2011-12-16,6.492702484130859,12.25,12.25,11.75,11.75,24173000
2011-12-19,6.439700603485107,12.149999618530273,12.399999618530273,11.899999618530273,12.300000190734863,29701000
2011-12-20,6.2276930809021,11.75,12.149999618530273,11.699999809265137,12.149999618530273,37679000
2011-12-21,6.598705291748047,12.449999809265137,12.449999809265137,12.100000381469727,12.199999809265137,30199000
2011-12-22,6.545704364776611,12.350000381469727,12.5,12.25,12.350000381469727,15316000
2011-12-23,6.7312092781066895,12.699999809265137,12.699999809265137,12.449999809265137,12.5,16844000
2011-12-26,6.625204563140869,12.5,12.800000190734863,12.5,12.699999809265137,17131000
2011-12-27,6.678206920623779,12.600000381469727,12.649999618530273,12.5,12.5,11031000
2011-12-28,6.704709053039551,12.649999618530273,12.649999618530273,12.449999809265137,12.600000381469727,18333000
2011-12-29,6.7312092781066895,12.699999809265137,12.75,12.5,12.550000190734863,14709000
2011-12-30,6.7312092781066895,12.699999809265137,12.850000381469727,12.699999809265137,12.75,13203000
2012-01-02,6.2276930809021,11.75,12.75,11.75,12.699999809265137,27460000
2012-01-03,6.3601975440979,12.0,12.949999809265137,12.0,12.800000190734863,62362000
2012-01-04,6.413199424743652,12.100000381469727,13.100000381469727,12.100000381469727,12.949999809265137,72931000
2012-01-05,6.969715595245361,13.149999618530273,13.149999618530273,12.949999809265137,13.0,70328000
2012-01-06,6.8902130126953125,13.0,13.100000381469727,12.899999618530273,13.100000381469727,18841000
2012-01-09,6.837212085723877,12.899999618530273,13.0,12.800000190734863,13.0,13490000
2012-01-10,7.049218654632568,13.300000190734863,13.350000381469727,12.899999618530273,12.899999618530273,52430000
2012-01-11,7.128720760345459,13.449999809265137,13.449999809265137,13.149999618530273,13.449999809265137,56245000
2012-01-12,7.34072732925415,13.850000381469727,13.850000381469727,13.449999809265137,13.449999809265137,87623000
2012-01-13,7.34072732925415,13.850000381469727,14.050000190734863,13.75,13.949999809265137,81922000
2012-01-16,7.128720760345459,13.449999809265137,14.0,13.449999809265137,14.0,41680000
2012-01-17,7.473232269287109,14.100000381469727,14.100000381469727,13.699999809265137,13.800000190734863,68811000
2012-01-18,7.552733898162842,14.25,14.300000190734863,13.949999809265137,14.050000190734863,60049000
2012-01-30,8.056249618530273,15.199999809265137,15.199999809265137,14.75,14.800000190734863,158774000
2012-01-31,8.215254783630371,15.5,15.5,15.100000381469727,15.25,81361000
2012-02-01,8.241756439208984,15.550000190734863,15.75,15.300000190734863,15.5,86782000
2012-02-02,8.109251976013184,15.300000190734863,15.699999809265137,15.199999809265137,15.699999809265137,49179000
2012-02-03,8.162253379821777,15.399999618530273,15.399999618530273,15.149999618530273,15.300000190734863,33157000
2012-02-06,8.109251976013184,15.300000190734863,15.399999618530273,15.100000381469727,15.149999618530273,38676000
2012-02-07,8.135754585266113,15.350000381469727,15.449999809265137,15.25,15.300000190734863,36856000
2012-02-08,8.162253379821777,15.399999618530273,15.5,15.25,15.5,40730000
2012-02-09,8.00324821472168,15.100000381469727,15.25,14.850000381469727,15.25,74102000
2012-02-10,7.950246810913086,15.0,15.350000381469727,14.949999809265137,15.149999618530273,46205000
2012-02-13,7.923745632171631,14.949999809265137,15.100000381469727,14.850000381469727,14.899999618530273,35318000
2012-02-14,7.81774377822876,14.75,15.100000381469727,14.75,15.100000381469727,34972000
2012-02-15,8.082752227783203,15.25,15.25,14.850000381469727,14.899999618530273,57653000
2012-02-16,8.00324821472168,15.100000381469727,15.350000381469727,15.050000190734863,15.300000190734863,30776000
2012-02-17,7.923745632171631,14.949999809265137,15.350000381469727,14.649999618530273,15.25,57545000
2012-02-20,7.87074613571167,14.850000381469727,15.25,14.850000381469727,15.199999809265137,28555000
2012-02-21,7.950246810913086,15.0,15.0,14.800000190734863,14.850000381469727,31793000
2012-02-22,7.923745632171631,14.949999809265137,15.050000190734863,14.899999618530273,15.0,37255000
2012-02-23,7.84424352645874,14.800000190734863,15.0,14.800000190734863,14.949999809265137,27232000
2012-02-24,7.897243976593018,14.899999618530273,15.0,14.850000381469727,15.0,27941000
2012-02-29,8.215254783630371,15.5,15.5,15.100000381469727,15.100000381469727,102399000
2012-03-01,8.294757843017578,15.649999618530273,15.699999809265137,15.399999618530273,15.5,60037000
2012-03-02,8.188753128051758,15.449999809265137,15.699999809265137,15.300000190734863,15.699999809265137,25902000
2012-03-05,8.00324821472168,15.100000381469727,15.25,15.050000190734863,15.199999809265137,23896000
2012-03-06,7.923745632171631,14.949999809265137,15.199999809265137,14.800000190734863,15.100000381469727,43546000
2012-03-07,7.738241195678711,14.600000381469727,14.899999618530273,14.600000381469727,14.800000190734863,43407000
2012-03-08,7.81774377822876,14.75,14.850000381469727,14.600000381469727,14.800000190734863,23123000
2012-03-09,7.81774377822876,14.75,14.800000190734863,14.449999809265137,14.649999618530273,32742000
2012-03-12,7.738241195678711,14.600000381469727,14.800000190734863,14.600000381469727,14.800000190734863,13585000
2012-03-13,8.029748916625977,15.149999618530273,15.199999809265137,14.699999809265137,14.75,51716000
2012-03-14,8.056249618530273,15.199999809265137,15.399999618530273,15.050000190734863,15.300000190734863,59766000
2012-03-15,7.976748466491699,15.050000190734863,15.25,15.050000190734863,15.25,45998000
2012-03-16,7.923745632171631,14.949999809265137,15.350000381469727,14.949999809265137,15.199999809265137,44373000
2012-03-19,7.897243976593018,14.899999618530273,15.100000381469727,14.800000190734863,15.050000190734863,23465000
2012-03-20,7.950246810913086,15.0,15.199999809265137,14.899999618530273,15.100000381469727,19804000
2012-03-21,7.950246810913086,15.0,15.149999618530273,14.949999809265137,15.0,20558000
2012-03-22,8.109251976013184,15.300000190734863,15.449999809265137,15.0,15.0,43405000
2012-03-23,8.082752227783203,15.25,15.350000381469727,15.100000381469727,15.350000381469727,13043000
2012-03-26,7.897243976593018,14.899999618530273,15.199999809265137,14.850000381469727,15.199999809265137,36091000
2012-03-27,8.00324821472168,15.100000381469727,15.100000381469727,14.949999809265137,15.050000190734863,18337000
2012-03-28,8.00324821472168,15.100000381469727,15.100000381469727,14.899999618530273,15.0,12957000
2012-03-29,7.791243076324463,14.699999809265137,14.949999809265137,14.550000190734863,14.899999618530273,41708000
2012-03-30,7.658738136291504,14.449999809265137,14.5,14.199999809265137,14.449999809265137,47296000
2012-04-02,7.526234149932861,14.199999809265137,14.449999809265137,14.100000381469727,14.449999809265137,26442000
2012-04-03,7.6057353019714355,14.350000381469727,14.449999809265137,14.25,14.300000190734863,28208000
2012-04-05,7.4467315673828125,14.050000190734863,14.199999809265137,13.899999618530273,13.899999618530273,21845000
2012-04-06,7.420230388641357,14.0,14.149999618530273,14.0,14.050000190734863,41435000
2012-04-09,7.34072732925415,13.850000381469727,14.100000381469727,13.550000190734863,13.75,26299000
2012-04-10,7.49973201751709,14.149999618530273,14.300000190734863,14.100000381469727,14.100000381469727,39494000
2012-04-11,7.6057353019714355,14.350000381469727,14.5,13.949999809265137,14.100000381469727,29045000
2012-04-12,7.473232269287109,14.100000381469727,14.399999618530273,14.100000381469727,14.399999618530273,22477000
2012-04-13,7.658738136291504,14.449999809265137,14.5,14.25,14.300000190734863,26809000
2012-04-16,7.552733898162842,14.25,14.350000381469727,14.149999618530273,14.300000190734863,9722000
2012-04-17,7.526234149932861,14.199999809265137,14.25,14.050000190734863,14.199999809265137,23798000
2012-04-18,7.49973201751709,14.149999618530273,14.449999809265137,14.149999618530273,14.399999618530273,21541000
2012-04-19,7.685238838195801,14.5,14.550000190734863,14.149999618530273,14.25,24881000
2012-04-20,7.738241195678711,14.600000381469727,14.649999618530273,14.399999618530273,14.600000381469727,32244000
2012-04-23,7.976748466491699,15.050000190734863,15.050000190734863,14.699999809265137,14.699999809265137,45444000
2012-04-24,7.81774377822876,14.75,15.0,14.550000190734863,15.0,31361000
2012-04-25,7.897243976593018,14.899999618530273,15.0,14.699999809265137,14.75,37344000
2012-04-26,7.923745632171631,14.949999809265137,15.199999809265137,14.850000381469727,15.199999809265137,53524000
2012-04-27,8.109251976013184,15.300000190734863,15.449999809265137,15.149999618530273,15.149999618530273,86990000
2012-04-30,8.109251976013184,15.300000190734863,15.5,15.199999809265137,15.350000381469727,48445000
2012-05-02,8.241756439208984,15.550000190734863,15.600000381469727,15.350000381469727,15.399999618530273,62663000
2012-05-03,8.241756439208984,15.550000190734863,15.550000190734863,15.449999809265137,15.5,21426000
2012-05-04,8.082752227783203,15.25,15.449999809265137,15.199999809265137,15.350000381469727,29939000
2012-05-07,7.685238838195801,14.5,15.0,14.449999809265137,15.0,77015000
2012-05-08,7.81774377822876,14.75,14.800000190734863,14.550000190734863,14.699999809265137,33274000
2012-05-09,7.658738136291504,14.449999809265137,14.75,14.350000381469727,14.75,37162000
2012-05-10,7.711739540100098,14.550000190734863,14.649999618530273,14.350000381469727,14.350000381469727,16445000
2012-05-11,7.791243076324463,14.699999809265137,14.699999809265137,14.399999618530273,14.600000381469727,20699000
2012-05-14,7.791243076324463,14.699999809265137,14.800000190734863,14.550000190734863,14.800000190734863,13550000
2012-05-15,7.658738136291504,14.449999809265137,14.550000190734863,14.300000190734863,14.449999809265137,36910000
2012-05-16,7.314227104187012,13.800000190734863,14.449999809265137,13.800000190734863,14.350000381469727,48602000
2012-05-17,7.420230388641357,14.0,14.100000381469727,13.800000190734863,14.100000381469727,37362000
2012-05-18,7.0227179527282715,13.25,13.75,13.25,13.75,60232000
2012-05-21,7.0227179527282715,13.25,13.449999809265137,13.25,13.25,22314000
2012-05-22,7.075721740722656,13.350000381469727,13.449999809265137,13.300000190734863,13.399999618530273,26851000
2012-05-23,6.757710933685303,12.75,13.050000190734863,12.699999809265137,13.0,59757000
2012-05-24,6.651707649230957,12.550000190734863,12.899999618530273,12.399999618530273,12.800000190734863,65992000
2012-05-25,6.678206920623779,12.600000381469727,12.75,12.5,12.550000190734863,36111000
2012-05-28,6.7312092781066895,12.699999809265137,12.75,12.600000381469727,12.600000381469727,20938000
2012-05-29,7.049218654632568,13.300000190734863,13.5,12.75,12.75,69407000
2012-05-30,7.075721740722656,13.350000381469727,13.449999809265137,13.050000190734863,13.449999809265137,40391000
2012-05-31,6.943215847015381,13.100000381469727,13.149999618530273,12.899999618530273,13.050000190734863,42233000
2012-06-01,6.651707649230957,12.550000190734863,12.899999618530273,12.5,12.899999618530273,63066000
2012-06-04,6.280694961547852,11.850000381469727,12.199999809265137,11.699999809265137,12.199999809265137,76357000
2012-06-05,6.254195213317871,11.800000190734863,12.100000381469727,11.75,12.0,56477000
2012-06-06,6.280694961547852,11.850000381469727,11.899999618530273,11.699999809265137,11.850000381469727,55102000
2012-06-07,6.307195663452148,11.899999618530273,12.100000381469727,11.800000190734863,12.100000381469727,37658000
2012-06-08,6.3601975440979,12.0,12.0,11.800000190734863,11.899999618530273,18774000
2012-06-11,6.413199424743652,12.100000381469727,12.25,12.0,12.149999618530273,33499000
2012-06-12,6.492702484130859,12.25,12.25,11.899999618530273,11.899999618530273,28515000
2012-06-13,6.5192036628723145,12.300000190734863,12.300000190734863,12.149999618530273,12.300000190734863,23751000
2012-06-14,6.439700603485107,12.149999618530273,12.199999809265137,12.100000381469727,12.149999618530273,20810000
2012-06-15,6.492702484130859,12.25,12.25,12.100000381469727,12.149999618530273,59569000
2012-06-18,6.545704364776611,12.350000381469727,12.600000381469727,12.300000190734863,12.5,45238000
2012-06-19,6.545704364776611,12.350000381469727,12.449999809265137,12.300000190734863,12.449999809265137,11904000
2012-06-20,6.7312092781066895,12.699999809265137,12.699999809265137,12.449999809265137,12.550000190734863,31184000
2012-06-21,6.8107123374938965,12.850000381469727,13.0,12.649999618530273,12.699999809265137,35872000
2012-06-22,6.625204563140869,12.5,12.649999618530273,12.5,12.600000381469727,26366000
2012-06-25,6.492702484130859,12.25,12.449999809265137,12.25,12.350000381469727,17075000
2012-06-26,6.492702484130859,12.25,12.399999618530273,12.149999618530273,12.149999618530273,21516000
2012-06-27,6.466200351715088,12.199999809265137,12.399999618530273,12.199999809265137,12.25,18477000
2012-06-28,6.413199424743652,12.100000381469727,12.399999618530273,12.100000381469727,12.399999618530273,24482000
2012-06-29,6.837212085723877,12.899999618530273,12.899999618530273,12.149999618530273,12.199999809265137,70007000
2012-07-02,7.102221488952637,13.399999618530273,13.5,13.050000190734863,13.050000190734863,71672000
2012-07-03,7.102221488952637,13.399999618530273,13.550000190734863,13.199999809265137,13.350000381469727,63933000
2012-07-04,6.996215343475342,13.199999809265137,13.449999809265137,13.149999618530273,13.399999618530273,38657000
2012-07-05,6.969715595245361,13.149999618530273,13.350000381469727,13.050000190734863,13.199999809265137,35940000
2012-07-06,6.8902130126953125,13.0,13.25,12.949999809265137,13.25,59120000
2012-07-09,6.7798638343811035,12.300000190734863,12.449999809265137,12.300000190734863,12.350000381469727,43546000
2012-07-10,6.8349833488464355,12.399999618530273,12.699999809265137,12.399999618530273,12.399999618530273,39270000
2012-07-11,6.807424068450928,12.350000381469727,12.5,12.300000190734863,12.5,17893000
2012-07-12,6.64206075668335,12.050000190734863,12.350000381469727,12.0,12.350000381469727,34153000
2012-07-13,6.614501476287842,12.0,12.100000381469727,11.899999618530273,11.949999809265137,25983000
2012-07-16,6.64206075668335,12.050000190734863,12.149999618530273,11.949999809265137,12.0,22746000
2012-07-17,6.862545490264893,12.449999809265137,12.5,12.0,12.050000190734863,31451000
2012-07-18,6.697181701660156,12.149999618530273,12.449999809265137,12.149999618530273,12.399999618530273,25135000
2012-07-19,6.890103340148926,12.5,12.600000381469727,12.300000190734863,12.350000381469727,30705000
2012-07-20,6.917665958404541,12.550000190734863,12.550000190734863,12.350000381469727,12.399999618530273,31222000
2012-07-23,6.7798638343811035,12.300000190734863,12.399999618530273,12.149999618530273,12.350000381469727,30217000
2012-07-24,6.807424068450928,12.350000381469727,12.399999618530273,12.199999809265137,12.300000190734863,22124000
2012-07-25,6.669621467590332,12.100000381469727,12.300000190734863,12.100000381469727,12.100000381469727,29563000
2012-07-26,6.724742412567139,12.199999809265137,12.350000381469727,12.149999618530273,12.149999618530273,20869000
2012-07-27,6.8349833488464355,12.399999618530273,12.449999809265137,12.300000190734863,12.399999618530273,22754000
2012-07-30,6.890103340148926,12.5,12.550000190734863,12.399999618530273,12.5,15074000
2012-07-31,6.945225238800049,12.600000381469727,12.649999618530273,12.399999618530273,12.5,37322000
2012-08-01,6.917665958404541,12.550000190734863,12.600000381469727,12.399999618530273,12.5,18598000
2012-08-02,6.917665958404541,12.550000190734863,12.550000190734863,12.550000190734863,12.550000190734863,0
2012-08-03,6.8349833488464355,12.399999618530273,12.5,12.350000381469727,12.449999809265137,26401000
2012-08-06,7.000346660614014,12.699999809265137,12.699999809265137,12.5,12.600000381469727,35514000
2012-08-07,7.000346660614014,12.699999809265137,12.699999809265137,12.550000190734863,12.649999618530273,25994000
2012-08-08,7.0279083251953125,12.75,12.899999618530273,12.699999809265137,12.899999618530273,24531000
2012-08-09,7.0830278396606445,12.850000381469727,13.0,12.800000190734863,12.899999618530273,44236000
2012-08-10,7.000346660614014,12.699999809265137,12.850000381469727,12.550000190734863,12.850000381469727,26953000
2012-08-13,6.890103340148926,12.5,12.899999618530273,12.5,12.899999618530273,22914000
2012-08-14,6.890103340148926,12.5,12.75,12.449999809265137,12.550000190734863,34126000
2012-08-15,6.862545490264893,12.449999809265137,12.550000190734863,12.300000190734863,12.449999809265137,33189000
2012-08-16,6.807424068450928,12.350000381469727,12.5,12.350000381469727,12.399999618530273,29010000
2012-08-17,6.862545490264893,12.449999809265137,12.5,12.25,12.350000381469727,44937000
2012-08-20,6.697181701660156,12.149999618530273,12.449999809265137,12.100000381469727,12.449999809265137,49659000
2012-08-21,6.724742412567139,12.199999809265137,12.300000190734863,12.149999618530273,12.149999618530273,44548000
2012-08-22,6.64206075668335,12.050000190734863,12.100000381469727,11.899999618530273,12.0,53599000
2012-08-23,6.724742412567139,12.199999809265137,12.199999809265137,12.050000190734863,12.100000381469727,31398000
2012-08-24,6.697181701660156,12.149999618530273,12.25,12.100000381469727,12.199999809265137,19169000
2012-08-27,6.64206075668335,12.050000190734863,12.300000190734863,12.050000190734863,12.25,21760000
2012-08-28,6.64206075668335,12.050000190734863,12.149999618530273,12.0,12.0,15327000
2012-08-29,6.64206075668335,12.050000190734863,12.149999618530273,12.050000190734863,12.149999618530273,22535000
2012-08-30,6.64206075668335,12.050000190734863,12.149999618530273,12.0,12.100000381469727,29612000
2012-08-31,6.614501476287842,12.0,12.149999618530273,12.0,12.050000190734863,16719000
2012-09-03,6.586940288543701,11.949999809265137,12.0,11.899999618530273,12.0,26727000
2012-09-04,6.586940288543701,11.949999809265137,12.050000190734863,11.899999618530273,12.0,17101000
2012-09-05,6.4491376876831055,11.699999809265137,11.899999618530273,11.699999809265137,11.899999618530273,65210000
2012-09-06,6.421578884124756,11.649999618530273,11.850000381469727,11.649999618530273,11.699999809265137,22804000
2012-09-07,6.5042595863342285,11.800000190734863,11.899999618530273,11.75,11.800000190734863,27622000
2012-09-10,6.669621467590332,12.100000381469727,12.100000381469727,11.949999809265137,11.949999809265137,32583000
2012-09-11,6.669621467590332,12.100000381469727,12.199999809265137,12.0,12.199999809265137,17341000
2012-09-12,6.614501476287842,12.0,12.149999618530273,11.949999809265137,12.149999618530273,28250000
2012-09-13,6.614501476287842,12.0,12.100000381469727,11.949999809265137,12.0,16803000
2012-09-14,6.752303600311279,12.25,12.350000381469727,12.0,12.100000381469727,76996000
2012-09-17,6.7798638343811035,12.300000190734863,12.300000190734863,12.199999809265137,12.300000190734863,41848000
2012-09-18,6.724742412567139,12.199999809265137,12.300000190734863,12.149999618530273,12.25,27040000
2012-09-19,6.7798638343811035,12.300000190734863,12.300000190734863,12.149999618530273,12.199999809265137,23219000
2012-09-20,6.724742412567139,12.199999809265137,12.25,12.149999618530273,12.25,22295000
2012-09-21,6.7798638343811035,12.300000190734863,12.300000190734863,12.100000381469727,12.199999809265137,30472000
2012-09-24,6.697181701660156,12.149999618530273,12.199999809265137,12.100000381469727,12.149999618530273,17531000
2012-09-25,6.697181701660156,12.149999618530273,12.25,12.100000381469727,12.100000381469727,27603000
2012-09-26,6.64206075668335,12.050000190734863,12.149999618530273,12.0,12.100000381469727,22419000
2012-09-27,6.697181701660156,12.149999618530273,12.199999809265137,12.0,12.0,32289000
2012-09-28,6.724742412567139,12.199999809265137,12.25,12.100000381469727,12.25,29828000
2012-10-01,6.614501476287842,12.0,12.149999618530273,11.949999809265137,12.100000381469727,24115000
2012-10-02,6.669621467590332,12.100000381469727,12.149999618530273,11.949999809265137,12.050000190734863,21881000
2012-10-03,6.64206075668335,12.050000190734863,12.149999618530273,12.0,12.149999618530273,13045000
2012-10-04,6.559379577636719,11.899999618530273,12.050000190734863,11.850000381469727,12.0,26218000
2012-10-05,6.5042595863342285,11.800000190734863,11.949999809265137,11.800000190734863,11.949999809265137,18086000
2012-10-08,6.5042595863342285,11.800000190734863,11.899999618530273,11.800000190734863,11.800000190734863,17151000
2012-10-09,6.559379577636719,11.899999618530273,11.949999809265137,11.850000381469727,11.850000381469727,19878000
2012-10-11,6.4491376876831055,11.699999809265137,11.800000190734863,11.699999809265137,11.75,16169000
2012-10-12,6.421578884124756,11.649999618530273,11.800000190734863,11.600000381469727,11.699999809265137,34992000
2012-10-15,6.283775806427002,11.399999618530273,11.649999618530273,11.350000381469727,11.649999618530273,37673000
2012-10-16,6.283775806427002,11.399999618530273,11.5,11.300000190734863,11.449999809265137,33416000
2012-10-17,6.283775806427002,11.399999618530273,11.550000190734863,11.350000381469727,11.5,22114000
2012-10-18,6.228654384613037,11.300000190734863,11.5,11.25,11.399999618530273,24269000
2012-10-19,6.145973205566406,11.149999618530273,11.300000190734863,11.100000381469727,11.25,33136000
2012-10-22,6.145973205566406,11.149999618530273,11.149999618530273,10.949999809265137,11.0,21942000
2012-10-23,6.090853214263916,11.050000190734863,11.149999618530273,11.0,11.100000381469727,18070000
2012-10-24,6.145973205566406,11.149999618530273,11.25,10.899999618530273,10.949999809265137,17669000
2012-10-25,6.2010931968688965,11.25,11.350000381469727,11.100000381469727,11.149999618530273,19086000
2012-10-26,6.035731792449951,10.949999809265137,11.350000381469727,10.899999618530273,11.350000381469727,22096000
2012-10-29,5.980611801147461,10.850000381469727,11.0,10.850000381469727,10.949999809265137,15166000
2012-10-30,6.06329345703125,11.0,11.050000190734863,10.899999618530273,10.899999618530273,18044000
2012-10-31,5.980611801147461,10.850000381469727,11.050000190734863,10.850000381469727,11.050000190734863,17530000
2012-11-01,5.815248966217041,10.550000190734863,10.850000381469727,10.5,10.850000381469727,36338000
2012-11-02,5.842809677124023,10.600000381469727,10.800000190734863,10.550000190734863,10.649999618530273,29299000
2012-11-05,5.815248966217041,10.550000190734863,10.649999618530273,10.5,10.550000190734863,19422000
2012-11-06,5.815248966217041,10.550000190734863,10.550000190734863,10.399999618530273,10.5,38376000
2012-11-07,5.8703694343566895,10.649999618530273,10.699999809265137,10.550000190734863,10.600000381469727,48144000
2012-11-08,5.842809677124023,10.600000381469727,10.649999618530273,10.449999809265137,10.550000190734863,33401000
2012-11-09,5.980611801147461,10.850000381469727,10.850000381469727,10.5,10.600000381469727,30143000
2012-11-12,5.8703694343566895,10.649999618530273,10.800000190734863,10.600000381469727,10.800000190734863,21895000
2012-11-13,5.787688732147217,10.5,10.649999618530273,10.449999809265137,10.649999618530273,30558000
2012-11-14,5.815248966217041,10.550000190734863,10.550000190734863,10.399999618530273,10.5,26368000
2012-11-15,5.842809677124023,10.600000381469727,10.600000381469727,10.399999618530273,10.550000190734863,17922000
2012-11-16,5.815248966217041,10.550000190734863,10.649999618530273,10.449999809265137,10.600000381469727,17455000
2012-11-19,5.732567310333252,10.399999618530273,10.550000190734863,10.399999618530273,10.550000190734863,15346000
2012-11-20,5.677447319030762,10.300000190734863,10.5,10.300000190734863,10.449999809265137,21574000
2012-11-21,5.567204475402832,10.100000381469727,10.300000190734863,10.0,10.300000190734863,50355000
2012-11-22,5.567204475402832,10.100000381469727,10.199999809265137,10.0,10.100000381469727,41515000
2012-11-23,5.953049659729004,10.800000190734863,10.800000190734863,10.149999618530273,10.199999809265137,149393000
2012-11-26,6.11841344833374,11.100000381469727,11.149999618530273,10.949999809265137,11.100000381469727,74593000
2012-11-27,6.173533916473389,11.199999809265137,11.199999809265137,11.0,11.100000381469727,48766000
2012-11-28,6.173533916473389,11.199999809265137,11.199999809265137,11.050000190734863,11.149999618530273,53321000
2012-11-29,6.11841344833374,11.100000381469727,11.199999809265137,11.050000190734863,11.149999618530273,61253000
2012-11-30,6.2010931968688965,11.25,11.350000381469727,11.050000190734863,11.050000190734863,92865000
2012-12-03,6.145973205566406,11.149999618530273,11.25,11.100000381469727,11.199999809265137,33925000
2012-12-04,6.11841344833374,11.100000381469727,11.100000381469727,10.949999809265137,11.050000190734863,52363000
2012-12-05,6.394018173217773,11.600000381469727,11.75,11.0,11.100000381469727,124284000
2012-12-06,6.4491376876831055,11.699999809265137,11.800000190734863,11.550000190734863,11.75,115901000
2012-12-07,6.421578884124756,11.649999618530273,11.949999809265137,11.600000381469727,11.800000190734863,94731000
2012-12-10,6.311335563659668,11.449999809265137,11.699999809265137,11.449999809265137,11.699999809265137,39386000
2012-12-11,6.283775806427002,11.399999618530273,11.550000190734863,11.350000381469727,11.449999809265137,40593000
2012-12-12,6.366456985473633,11.550000190734863,11.600000381469727,11.449999809265137,11.600000381469727,37450000
2012-12-13,6.614501476287842,12.0,12.0,11.550000190734863,11.600000381469727,111926000
2012-12-14,6.4491376876831055,11.699999809265137,11.850000381469727,11.649999618530273,11.850000381469727,67906000
2012-12-17,6.366456985473633,11.550000190734863,11.800000190734863,11.550000190734863,11.800000190734863,47444000
2012-12-18,6.421578884124756,11.649999618530273,11.75,11.550000190734863,11.550000190734863,46202000
2012-12-19,6.33889627456665,11.5,11.800000190734863,11.449999809265137,11.800000190734863,68332000
2012-12-20,6.4491376876831055,11.699999809265137,11.949999809265137,11.449999809265137,11.600000381469727,145021000
2012-12-21,6.421578884124756,11.649999618530273,11.899999618530273,11.600000381469727,11.800000190734863,91991000
2012-12-24,6.33889627456665,11.5,11.649999618530273,11.5,11.649999618530273,25627000
2012-12-25,6.394018173217773,11.600000381469727,11.649999618530273,11.5,11.550000190734863,21531000
2012-12-26,6.421578884124756,11.649999618530273,11.850000381469727,11.600000381469727,11.600000381469727,49095000
2012-12-27,6.4491376876831055,11.699999809265137,11.699999809265137,11.600000381469727,11.649999618530273,28958000
2012-12-28,6.4491376876831055,11.699999809265137,11.850000381469727,11.699999809265137,11.800000190734863,44983000
2013-01-02,6.5042595863342285,11.800000190734863,11.899999618530273,11.649999618530273,11.800000190734863,44160000
2013-01-03,6.807424068450928,12.350000381469727,12.550000190734863,11.949999809265137,11.949999809265137,171425000
2013-01-04,6.8349833488464355,12.399999618530273,12.550000190734863,12.199999809265137,12.350000381469727,106365000
2013-01-07,6.724742412567139,12.199999809265137,12.399999618530273,12.100000381469727,12.399999618530273,55698000
2013-01-08,6.669621467590332,12.100000381469727,12.350000381469727,12.0,12.199999809265137,55489000
2013-01-09,6.531818866729736,11.850000381469727,12.050000190734863,11.850000381469727,12.0,70636000
2013-01-10,6.5042595863342285,11.800000190734863,12.0,11.800000190734863,12.0,52616000
2013-01-11,6.531818866729736,11.850000381469727,11.949999809265137,11.800000190734863,11.899999618530273,31115000
2013-01-14,6.5042595863342285,11.800000190734863,11.850000381469727,11.699999809265137,11.850000381469727,37582000
2013-01-15,6.421578884124756,11.649999618530273,11.850000381469727,11.600000381469727,11.850000381469727,47158000
2013-01-16,6.33889627456665,11.5,11.699999809265137,11.5,11.649999618530273,42023000
2013-01-17,6.173533916473389,11.199999809265137,11.600000381469727,11.199999809265137,11.600000381469727,52153000
2013-01-18,6.33889627456665,11.5,11.550000190734863,11.300000190734863,11.300000190734863,48390000
2013-01-21,6.311335563659668,11.449999809265137,11.449999809265137,11.350000381469727,11.399999618530273,19377000
2013-01-22,6.33889627456665,11.5,11.5,11.350000381469727,11.449999809265137,14498000
2013-01-23,6.311335563659668,11.449999809265137,11.600000381469727,11.399999618530273,11.399999618530273,31182000
2013-01-24,6.283775806427002,11.399999618530273,11.600000381469727,11.350000381469727,11.399999618530273,35509000
2013-01-25,6.2010931968688965,11.25,11.5,11.25,11.399999618530273,30304000
2013-01-28,6.2562150955200195,11.350000381469727,11.449999809265137,11.300000190734863,11.300000190734863,15050000
2013-01-29,6.366456985473633,11.550000190734863,11.600000381469727,11.399999618530273,11.449999809265137,40671000
2013-01-30,6.421578884124756,11.649999618530273,11.649999618530273,11.5,11.649999618530273,39903000
2013-01-31,6.33889627456665,11.5,11.649999618530273,11.449999809265137,11.649999618530273,33478000
2013-02-01,6.394018173217773,11.600000381469727,11.649999618530273,11.5,11.5,25891000
2013-02-04,6.421578884124756,11.649999618530273,11.699999809265137,11.550000190734863,11.649999618530273,25443000
2013-02-05,6.283775806427002,11.399999618530273,11.600000381469727,11.399999618530273,11.600000381469727,28710000
2013-02-06,6.2562150955200195,11.350000381469727,11.449999809265137,11.350000381469727,11.350000381469727,26057000
2013-02-18,6.145973205566406,11.149999618530273,11.350000381469727,11.050000190734863,11.350000381469727,81165000
2013-02-19,6.2562150955200195,11.350000381469727,11.399999618530273,11.100000381469727,11.149999618530273,48618000
2013-02-20,6.2010931968688965,11.25,11.399999618530273,11.199999809265137,11.399999618530273,43647000
2013-02-21,6.145973205566406,11.149999618530273,11.25,11.149999618530273,11.199999809265137,27592000
2013-02-22,6.173533916473389,11.199999809265137,11.300000190734863,11.149999618530273,11.149999618530273,35113000
2013-02-25,6.2010931968688965,11.25,11.350000381469727,11.199999809265137,11.25,25596000
2013-02-26,6.11841344833374,11.100000381469727,11.199999809265137,11.100000381469727,11.149999618530273,33795000
2013-02-27,6.11841344833374,11.100000381469727,11.149999618530273,11.0,11.050000190734863,28435000
2013-03-01,6.090853214263916,11.050000190734863,11.199999809265137,11.050000190734863,11.149999618530273,27494000
2013-03-04,6.008172035217285,10.899999618530273,11.100000381469727,10.899999618530273,11.050000190734863,47592000
2013-03-05,6.11841344833374,11.100000381469727,11.149999618530273,10.949999809265137,10.949999809265137,45375000
2013-03-06,6.173533916473389,11.199999809265137,11.25,11.050000190734863,11.199999809265137,31110000
2013-03-07,6.11841344833374,11.100000381469727,11.199999809265137,11.050000190734863,11.199999809265137,25985000
2013-03-08,6.090853214263916,11.050000190734863,11.199999809265137,11.050000190734863,11.100000381469727,37130000
2013-03-11,6.11841344833374,11.100000381469727,11.199999809265137,11.050000190734863,11.100000381469727,29477000
2013-03-12,6.173533916473389,11.199999809265137,11.350000381469727,11.050000190734863,11.100000381469727,56148000
2013-03-13,6.11841344833374,11.100000381469727,11.25,11.050000190734863,11.25,31752000
2013-03-14,6.394018173217773,11.600000381469727,11.800000190734863,11.600000381469727,11.800000190734863,164819000
2013-03-15,6.394018173217773,11.600000381469727,11.699999809265137,11.5,11.699999809265137,83241000
2013-03-18,6.173533916473389,11.199999809265137,11.449999809265137,11.199999809265137,11.449999809265137,54217000
2013-03-19,6.173533916473389,11.199999809265137,11.350000381469727,11.199999809265137,11.25,42185000
2013-03-20,6.145973205566406,11.149999618530273,11.25,11.100000381469727,11.149999618530273,34175000
2013-03-21,6.11841344833374,11.100000381469727,11.25,11.100000381469727,11.100000381469727,28357000
2013-03-22,6.11841344833374,11.100000381469727,11.199999809265137,11.100000381469727,11.100000381469727,25909000
2013-03-25,6.145973205566406,11.149999618530273,11.199999809265137,11.100000381469727,11.149999618530273,23912000
2013-03-26,6.2010931968688965,11.25,11.300000190734863,11.149999618530273,11.199999809265137,38800000
2013-03-27,6.145973205566406,11.149999618530273,11.300000190734863,11.149999618530273,11.25,27155000
2013-03-28,6.11841344833374,11.100000381469727,11.25,11.100000381469727,11.25,25140000
2013-03-29,6.173533916473389,11.199999809265137,11.25,11.100000381469727,11.149999618530273,19732000
2013-04-01,6.145973205566406,11.149999618530273,11.25,11.100000381469727,11.199999809265137,14920000
2013-04-02,6.2010931968688965,11.25,11.300000190734863,11.149999618530273,11.149999618530273,31780000
2013-04-03,6.228654384613037,11.300000190734863,11.350000381469727,11.199999809265137,11.300000190734863,31704000
2013-04-08,6.090853214263916,11.050000190734863,11.149999618530273,10.949999809265137,11.100000381469727,50155000
2013-04-09,6.11841344833374,11.100000381469727,11.149999618530273,11.0,11.100000381469727,32402000
2013-04-10,6.06329345703125,11.0,11.100000381469727,11.0,11.0,40630000
2013-04-11,6.173533916473389,11.199999809265137,11.300000190734863,11.050000190734863,11.100000381469727,45354000
2013-04-12,6.090853214263916,11.050000190734863,11.25,11.050000190734863,11.25,32402000
2013-04-15,6.090853214263916,11.050000190734863,11.199999809265137,11.050000190734863,11.050000190734863,25377000
2013-04-16,6.2010931968688965,11.25,11.25,11.0,11.0,34443000
2013-04-17,6.173533916473389,11.199999809265137,11.300000190734863,11.149999618530273,11.25,34718000
2013-04-18,6.11841344833374,11.100000381469727,11.199999809265137,11.050000190734863,11.149999618530273,24759000
2013-04-19,6.2562150955200195,11.350000381469727,11.449999809265137,11.149999618530273,11.199999809265137,78254000
2013-04-22,6.173533916473389,11.199999809265137,11.350000381469727,11.199999809265137,11.350000381469727,25314000
2013-04-23,6.173533916473389,11.199999809265137,11.300000190734863,11.149999618530273,11.25,22622000
2013-04-24,6.283775806427002,11.399999618530273,11.399999618530273,11.199999809265137,11.300000190734863,29843000
2013-04-25,6.228654384613037,11.300000190734863,11.399999618530273,11.25,11.350000381469727,31878000
2013-04-26,6.173533916473389,11.199999809265137,11.350000381469727,11.199999809265137,11.300000190734863,28937000
2013-04-29,6.11841344833374,11.100000381469727,11.25,11.100000381469727,11.199999809265137,30573000
2013-04-30,6.2010931968688965,11.25,11.300000190734863,11.199999809265137,11.199999809265137,42198000
2013-05-02,6.173533916473389,11.199999809265137,11.300000190734863,11.149999618530273,11.199999809265137,22921000
2013-05-03,6.283775806427002,11.399999618530273,11.5,11.199999809265137,11.199999809265137,45756000
2013-05-06,6.5042595863342285,11.800000190734863,11.800000190734863,11.449999809265137,11.5,108341000
2013-05-07,6.394018173217773,11.600000381469727,11.75,11.550000190734863,11.699999809265137,61396000
2013-05-08,6.669621467590332,12.100000381469727,12.100000381469727,11.649999618530273,11.649999618530273,171292000
2013-05-09,6.559379577636719,11.899999618530273,12.300000190734863,11.899999618530273,12.300000190734863,188071000
2013-05-10,6.945225238800049,12.600000381469727,12.649999618530273,11.899999618530273,12.0,230583000
2013-05-13,7.1932692527771,13.050000190734863,13.100000381469727,12.800000190734863,12.800000190734863,308173000
2013-05-14,7.138148307800293,12.949999809265137,13.149999618530273,12.800000190734863,13.149999618530273,115387000
2013-05-15,7.165708065032959,13.0,13.050000190734863,12.699999809265137,12.949999809265137,105299000
2013-05-16,7.358633518218994,13.350000381469727,13.600000381469727,12.899999618530273,13.100000381469727,169687000
2013-05-17,7.248389720916748,13.149999618530273,13.5,13.100000381469727,13.350000381469727,74380000
2013-05-20,7.413752555847168,13.449999809265137,13.449999809265137,13.149999618530273,13.25,76147000
2013-05-21,7.77203893661499,14.100000381469727,14.100000381469727,13.5,13.5,170196000
2013-05-22,7.661797523498535,13.899999618530273,14.199999809265137,13.899999618530273,14.199999809265137,157721000
2013-05-23,7.38619327545166,13.399999618530273,13.899999618530273,13.350000381469727,13.850000381469727,134310000
2013-05-24,7.3035101890563965,13.25,13.600000381469727,13.149999618530273,13.449999809265137,78609000
2013-05-27,7.634235858917236,13.850000381469727,13.850000381469727,13.199999809265137,13.300000190734863,106338000
2013-05-28,7.496435642242432,13.600000381469727,13.800000190734863,13.600000381469727,13.800000190734863,64798000
2013-05-29,7.523994445800781,13.649999618530273,13.949999809265137,13.649999618530273,13.850000381469727,70497000
2013-05-30,7.441312789916992,13.5,13.600000381469727,13.300000190734863,13.5,68313000
2013-05-31,7.275949478149414,13.199999809265137,13.699999809265137,13.199999809265137,13.649999618530273,60804000
2013-06-03,7.38619327545166,13.399999618530273,13.449999809265137,13.0,13.050000190734863,56499000
2013-06-04,7.661797523498535,13.899999618530273,13.899999618530273,13.399999618530273,13.5,131104000
2013-06-05,7.5515546798706055,13.699999809265137,13.899999618530273,13.699999809265137,13.899999618530273,60580000
2013-06-06,7.413752555847168,13.449999809265137,13.649999618530273,13.350000381469727,13.5,68797000
2013-06-07,7.331071376800537,13.300000190734863,13.600000381469727,13.25,13.449999809265137,51026000
2013-06-10,7.523994445800781,13.649999618530273,13.75,13.449999809265137,13.550000190734863,67873000
2013-06-11,7.441312789916992,13.5,13.699999809265137,13.5,13.649999618530273,48761000
2013-06-13,7.22083044052124,13.100000381469727,13.449999809265137,13.100000381469727,13.300000190734863,81506000
2013-06-14,7.22083044052124,13.100000381469727,13.300000190734863,13.100000381469727,13.199999809265137,56769000
2013-06-17,7.331071376800537,13.300000190734863,13.300000190734863,13.050000190734863,13.100000381469727,33108000
2013-06-18,7.468874931335449,13.550000190734863,13.550000190734863,13.25,13.399999618530273,65296000
2013-06-19,7.358633518218994,13.350000381469727,13.699999809265137,13.350000381469727,13.600000381469727,43049000
2013-06-20,7.165708065032959,13.0,13.300000190734863,12.949999809265137,13.199999809265137,72499000
2013-06-21,6.917665958404541,12.550000190734863,12.699999809265137,12.300000190734863,12.550000190734863,125920000
2013-06-24,7.055468559265137,12.800000190734863,13.0,12.5,12.550000190734863,87946000
2013-06-25,7.000346660614014,12.699999809265137,12.949999809265137,12.5,12.800000190734863,76284000
2013-06-26,7.468874931335449,13.550000190734863,13.550000190734863,13.149999618530273,13.149999618530273,142476000
2013-06-27,7.964961528778076,14.449999809265137,14.449999809265137,14.0,14.0,266331000
2013-06-28,7.9925217628479,14.5,14.550000190734863,14.300000190734863,14.550000190734863,179961000
2013-07-01,8.295686721801758,15.050000190734863,15.399999618530273,14.5,14.5,156997000
2013-07-02,8.102763175964355,14.699999809265137,15.199999809265137,14.600000381469727,15.100000381469727,136344000
2013-07-03,8.020082473754883,14.550000190734863,14.850000381469727,14.5,14.550000190734863,115489000
2013-07-04,8.075202941894531,14.649999618530273,15.050000190734863,14.600000381469727,14.699999809265137,107944000
2013-07-05,8.157883644104004,14.800000190734863,14.949999809265137,14.699999809265137,14.899999618530273,135968000
2013-07-08,7.99147891998291,14.100000381469727,14.899999618530273,14.050000190734863,14.600000381469727,117743000
2013-07-09,8.076494216918945,14.25,14.300000190734863,13.949999809265137,14.100000381469727,75075000
2013-07-10,7.878124237060547,13.899999618530273,14.300000190734863,13.850000381469727,14.100000381469727,80094000
2013-07-11,8.218186378479004,14.5,14.5,13.949999809265137,14.100000381469727,119066000
2013-07-12,8.076494216918945,14.25,14.350000381469727,14.100000381469727,14.350000381469727,76948000
2013-07-15,8.16151237487793,14.399999618530273,14.399999618530273,14.149999618530273,14.300000190734863,73637000
2013-07-16,7.906463623046875,13.949999809265137,14.350000381469727,13.899999618530273,14.350000381469727,97330000
2013-07-17,7.56640100479126,13.350000381469727,13.800000190734863,13.350000381469727,13.800000190734863,171887000
2013-07-18,7.56640100479126,13.350000381469727,13.5,13.199999809265137,13.300000190734863,104064000
2013-07-19,7.226337909698486,12.75,13.149999618530273,12.550000190734863,13.050000190734863,170769000
2013-07-22,7.368029594421387,13.0,13.050000190734863,12.649999618530273,12.649999618530273,75231000
2013-07-23,7.6514153480529785,13.5,13.600000381469727,13.149999618530273,13.149999618530273,120789000
2013-07-24,7.6514153480529785,13.5,13.649999618530273,13.5,13.600000381469727,69166000
2013-07-25,7.594738960266113,13.399999618530273,13.699999809265137,13.399999618530273,13.600000381469727,50852000
2013-07-26,7.764770030975342,13.699999809265137,13.699999809265137,13.399999618530273,13.600000381469727,57281000
2013-07-29,7.509722709655762,13.25,13.699999809265137,13.25,13.699999809265137,57912000
2013-07-30,7.6514153480529785,13.5,13.600000381469727,13.300000190734863,13.300000190734863,55760000
2013-07-31,7.56640100479126,13.350000381469727,13.550000190734863,13.350000381469727,13.5,32039000
2013-08-01,7.538061141967773,13.300000190734863,13.5,13.300000190734863,13.5,28544000
2013-08-02,7.453044891357422,13.149999618530273,13.449999809265137,13.100000381469727,13.399999618530273,53084000
2013-08-05,7.56640100479126,13.350000381469727,13.350000381469727,13.149999618530273,13.149999618530273,29191000
2013-08-06,7.396368503570557,13.050000190734863,13.399999618530273,13.0,13.399999618530273,64966000
2013-08-07,7.226337909698486,12.75,12.949999809265137,12.75,12.899999618530273,81067000
2013-08-08,7.056304931640625,12.449999809265137,12.75,12.300000190734863,12.550000190734863,131063000
2013-08-09,6.971290111541748,12.300000190734863,12.550000190734863,12.300000190734863,12.449999809265137,64693000
2013-08-12,6.99962854385376,12.350000381469727,12.5,12.350000381469727,12.399999618530273,46892000
2013-08-13,7.0846428871154785,12.5,12.550000190734863,12.399999618530273,12.399999618530273,42550000
2013-08-14,6.971290111541748,12.300000190734863,12.5,12.25,12.5,41534000
2013-08-15,6.829596996307373,12.050000190734863,12.149999618530273,12.0,12.149999618530273,77141000
2013-08-16,6.772919178009033,11.949999809265137,12.050000190734863,11.850000381469727,11.850000381469727,77863000
2013-08-19,6.716241836547852,11.850000381469727,11.949999809265137,11.850000381469727,11.949999809265137,33525000
2013-08-20,6.6879048347473145,11.800000190734863,12.050000190734863,11.800000190734863,11.850000381469727,48179000
2013-08-22,6.659564971923828,11.75,11.800000190734863,11.449999809265137,11.699999809265137,108463000
2013-08-23,6.942951202392578,12.25,12.300000190734863,11.949999809265137,12.0,133050000
2013-08-26,6.971290111541748,12.300000190734863,12.350000381469727,12.100000381469727,12.300000190734863,64220000
2013-08-27,6.914612770080566,12.199999809265137,12.25,12.100000381469727,12.25,50788000
2013-08-28,6.829596996307373,12.050000190734863,12.100000381469727,11.949999809265137,12.0,36314000
2013-08-29,6.801258087158203,12.0,12.149999618530273,12.0,12.050000190734863,37792000
2013-08-30,6.971290111541748,12.300000190734863,12.300000190734863,12.050000190734863,12.100000381469727,52029000
2013-09-02,6.942951202392578,12.25,12.300000190734863,12.149999618530273,12.300000190734863,30876000
2013-09-03,6.857935428619385,12.100000381469727,12.350000381469727,12.100000381469727,12.300000190734863,32554000
2013-09-04,6.8862738609313965,12.149999618530273,12.199999809265137,12.0,12.100000381469727,29097000
2013-09-05,6.971290111541748,12.300000190734863,12.300000190734863,12.199999809265137,12.25,41209000
2013-09-06,6.914612770080566,12.199999809265137,12.350000381469727,12.199999809265137,12.300000190734863,29626000
2013-09-09,6.8862738609313965,12.149999618530273,12.25,12.050000190734863,12.199999809265137,34290000
2013-09-10,7.0846428871154785,12.5,12.5,12.199999809265137,12.25,82422000
2013-09-11,7.056304931640625,12.449999809265137,12.600000381469727,12.199999809265137,12.5,64549000
2013-09-12,6.971290111541748,12.300000190734863,12.399999618530273,12.149999618530273,12.300000190734863,49471000
2013-09-13,6.857935428619385,12.100000381469727,12.300000190734863,12.100000381469727,12.300000190734863,33474000
2013-09-16,6.942951202392578,12.25,12.300000190734863,12.149999618530273,12.199999809265137,40321000
2013-09-17,6.857935428619385,12.100000381469727,12.199999809265137,12.050000190734863,12.199999809265137,26567000
2013-09-18,6.857935428619385,12.100000381469727,12.199999809265137,12.100000381469727,12.100000381469727,24076000
2013-09-23,7.141320705413818,12.600000381469727,12.649999618530273,12.100000381469727,12.100000381469727,122994000
2013-09-24,7.396368503570557,13.050000190734863,13.350000381469727,12.699999809265137,12.699999809265137,195901000
2013-09-25,7.339691162109375,12.949999809265137,13.149999618530273,12.850000381469727,13.050000190734863,86616000
2013-09-26,7.169661045074463,12.649999618530273,12.949999809265137,12.600000381469727,12.949999809265137,90026000
2013-09-27,7.197999000549316,12.699999809265137,12.850000381469727,12.600000381469727,12.699999809265137,62822000
2013-09-30,7.169661045074463,12.649999618530273,12.800000190734863,12.5,12.600000381469727,48193000
2013-10-01,7.141320705413818,12.600000381469727,12.75,12.600000381469727,12.600000381469727,30068000
2013-10-02,7.056304931640625,12.449999809265137,12.699999809265137,12.449999809265137,12.600000381469727,42423000
2013-10-03,7.396368503570557,13.050000190734863,13.050000190734863,12.550000190734863,12.550000190734863,120930000
2013-10-04,7.283014297485352,12.850000381469727,13.050000190734863,12.800000190734863,13.0,44920000
2013-10-07,7.226337909698486,12.75,12.850000381469727,12.699999809265137,12.800000190734863,28975000
2013-10-08,7.424707412719727,13.100000381469727,13.100000381469727,12.699999809265137,12.75,50942000
2013-10-09,7.25467586517334,12.800000190734863,13.0,12.800000190734863,13.0,40335000
2013-10-11,7.141320705413818,12.600000381469727,13.0,12.600000381469727,12.949999809265137,73202000
2013-10-14,6.971290111541748,12.300000190734863,12.649999618530273,12.25,12.600000381469727,55310000
2013-10-15,7.226337909698486,12.75,12.800000190734863,12.399999618530273,12.399999618530273,58601000
2013-10-16,7.056304931640625,12.449999809265137,12.75,12.449999809265137,12.600000381469727,37155000
2013-10-17,7.169661045074463,12.649999618530273,12.800000190734863,12.550000190734863,12.600000381469727,37583000
2013-10-18,7.339691162109375,12.949999809265137,12.949999809265137,12.75,12.800000190734863,69440000
2013-10-21,7.368029594421387,13.0,13.050000190734863,12.850000381469727,13.0,48836000
2013-10-22,7.311352252960205,12.899999618530273,13.050000190734863,12.800000190734863,12.899999618530273,45316000
2013-10-23,7.25467586517334,12.800000190734863,13.0,12.800000190734863,12.949999809265137,31761000
2013-10-24,7.226337909698486,12.75,12.800000190734863,12.649999618530273,12.699999809265137,29981000
2013-10-25,7.112983226776123,12.550000190734863,12.75,12.449999809265137,12.699999809265137,49851000
2013-10-28,7.169661045074463,12.649999618530273,12.75,12.5,12.550000190734863,31485000
2013-10-29,7.169661045074463,12.649999618530273,12.800000190734863,12.600000381469727,12.649999618530273,34464000
2013-10-30,7.424707412719727,13.100000381469727,13.100000381469727,12.699999809265137,12.75,93855000
2013-10-31,7.056304931640625,12.449999809265137,12.899999618530273,12.449999809265137,12.899999618530273,143802000
2013-11-01,7.056304931640625,12.449999809265137,12.5,12.399999618530273,12.5,38758000
2013-11-04,6.99962854385376,12.350000381469727,12.399999618530273,12.25,12.399999618530273,52529000
2013-11-05,6.99962854385376,12.350000381469727,12.5,12.300000190734863,12.300000190734863,33477000
2013-11-06,6.971290111541748,12.300000190734863,12.399999618530273,12.25,12.350000381469727,34158000
2013-11-07,7.056304931640625,12.449999809265137,12.449999809265137,12.25,12.300000190734863,26933000
2013-11-08,6.99962854385376,12.350000381469727,12.399999618530273,12.300000190734863,12.350000381469727,13264000
2013-11-11,6.8862738609313965,12.149999618530273,12.350000381469727,12.149999618530273,12.300000190734863,27325000
2013-11-12,6.857935428619385,12.100000381469727,12.25,12.0,12.149999618530273,37719000
2013-11-13,6.801258087158203,12.0,12.100000381469727,11.949999809265137,12.050000190734863,52541000
2013-11-14,6.801258087158203,12.0,12.100000381469727,12.0,12.0,36202000
2013-11-15,6.829596996307373,12.050000190734863,12.149999618530273,12.0,12.100000381469727,21481000
2013-11-18,6.829596996307373,12.050000190734863,12.149999618530273,12.0,12.100000381469727,16855000
2013-11-19,6.829596996307373,12.050000190734863,12.100000381469727,12.0,12.100000381469727,31002000
2013-11-20,6.801258087158203,12.0,12.100000381469727,12.0,12.050000190734863,23858000
2013-11-21,6.744580268859863,11.899999618530273,12.0,11.850000381469727,12.0,27947000
2013-11-22,6.772919178009033,11.949999809265137,12.0,11.899999618530273,11.899999618530273,13065000
2013-11-25,6.801258087158203,12.0,12.100000381469727,11.949999809265137,12.050000190734863,17793000
2013-11-26,6.829596996307373,12.050000190734863,12.199999809265137,11.949999809265137,11.949999809265137,28411000
2013-11-27,6.8862738609313965,12.149999618530273,12.199999809265137,12.050000190734863,12.050000190734863,25367000
2013-11-28,7.02796745300293,12.399999618530273,12.449999809265137,12.199999809265137,12.199999809265137,68234000
2013-11-29,6.971290111541748,12.300000190734863,12.5,12.300000190734863,12.449999809265137,39035000
2013-12-02,6.971290111541748,12.300000190734863,12.449999809265137,12.25,12.300000190734863,25739000
2013-12-03,6.914612770080566,12.199999809265137,12.350000381469727,12.199999809265137,12.199999809265137,21652000
2013-12-04,6.8862738609313965,12.149999618530273,12.25,12.100000381469727,12.149999618530273,28998000
2013-12-05,6.857935428619385,12.100000381469727,12.25,12.100000381469727,12.199999809265137,17328000
2013-12-06,6.857935428619385,12.100000381469727,12.199999809265137,12.050000190734863,12.100000381469727,19422000
2013-12-09,6.914612770080566,12.199999809265137,12.300000190734863,12.149999618530273,12.199999809265137,33775000
2013-12-10,6.942951202392578,12.25,12.300000190734863,12.199999809265137,12.25,15339000
2013-12-11,6.942951202392578,12.25,12.350000381469727,12.149999618530273,12.25,18628000
2013-12-12,6.8862738609313965,12.149999618530273,12.25,12.149999618530273,12.199999809265137,11965000
2013-12-13,6.914612770080566,12.199999809265137,12.25,12.149999618530273,12.199999809265137,13372000
2013-12-16,6.829596996307373,12.050000190734863,12.199999809265137,12.050000190734863,12.149999618530273,19520000
2013-12-17,6.829596996307373,12.050000190734863,12.149999618530273,12.050000190734863,12.149999618530273,17546000
2013-12-18,6.829596996307373,12.050000190734863,12.149999618530273,12.0,12.100000381469727,20161000
2013-12-19,6.857935428619385,12.100000381469727,12.199999809265137,12.050000190734863,12.149999618530273,20039000
2013-12-20,6.942951202392578,12.25,12.300000190734863,12.050000190734863,12.100000381469727,40103000
2013-12-23,6.99962854385376,12.350000381469727,12.399999618530273,12.25,12.300000190734863,44112000
2013-12-24,6.942951202392578,12.25,12.449999809265137,12.25,12.449999809265137,21930000
2013-12-25,6.914612770080566,12.199999809265137,12.300000190734863,12.199999809265137,12.25,21907000
2013-12-26,6.914612770080566,12.199999809265137,12.25,12.149999618530273,12.199999809265137,16225000
2013-12-27,6.971290111541748,12.300000190734863,12.350000381469727,12.149999618530273,12.199999809265137,33557000
2013-12-30,7.02796745300293,12.399999618530273,12.399999618530273,12.300000190734863,12.350000381469727,26590000
2013-12-31,6.99962854385376,12.350000381469727,12.449999809265137,12.300000190734863,12.399999618530273,29183000
2014-01-02,6.971290111541748,12.300000190734863,12.449999809265137,12.300000190734863,12.350000381469727,31227000
2014-01-03,6.942951202392578,12.25,12.300000190734863,12.199999809265137,12.25,27555000
2014-01-06,7.02796745300293,12.399999618530273,12.649999618530273,12.350000381469727,12.350000381469727,106009000
2014-01-07,7.141320705413818,12.600000381469727,12.649999618530273,12.449999809265137,12.550000190734863,78351000
2014-01-08,7.339691162109375,12.949999809265137,13.050000190734863,12.699999809265137,12.699999809265137,142101000
2014-01-09,7.283014297485352,12.850000381469727,13.050000190734863,12.850000381469727,13.0,88084000
2014-01-10,7.25467586517334,12.800000190734863,12.899999618530273,12.75,12.850000381469727,40721000
2014-01-13,7.169661045074463,12.649999618530273,12.899999618530273,12.600000381469727,12.899999618530273,51807000
2014-01-14,7.141320705413818,12.600000381469727,12.649999618530273,12.5,12.649999618530273,41592000
2014-01-15,7.197999000549316,12.699999809265137,12.850000381469727,12.649999618530273,12.699999809265137,72839000
2014-01-16,7.197999000549316,12.699999809265137,12.949999809265137,12.699999809265137,12.850000381469727,54125000
2014-01-17,7.226337909698486,12.75,12.800000190734863,12.699999809265137,12.800000190734863,32276000
2014-01-20,7.25467586517334,12.800000190734863,12.800000190734863,12.699999809265137,12.75,23546000
2014-01-21,7.25467586517334,12.800000190734863,12.850000381469727,12.699999809265137,12.800000190734863,22986000
2014-01-22,7.226337909698486,12.75,12.800000190734863,12.699999809265137,12.75,19427000
2014-01-23,7.283014297485352,12.850000381469727,13.0,12.75,12.75,67956000
2014-01-24,7.283014297485352,12.850000381469727,13.0,12.75,12.899999618530273,45724000
2014-01-27,6.99962854385376,12.350000381469727,12.600000381469727,12.300000190734863,12.600000381469727,99138000
2014-02-05,6.801258087158203,12.0,12.100000381469727,11.899999618530273,12.050000190734863,99630000
2014-02-06,6.829596996307373,12.050000190734863,12.149999618530273,12.0,12.0,43410000
2014-02-07,6.857935428619385,12.100000381469727,12.199999809265137,12.100000381469727,12.100000381469727,37139000
2014-02-10,6.857935428619385,12.100000381469727,12.199999809265137,12.100000381469727,12.100000381469727,15162000
2014-02-11,6.857935428619385,12.100000381469727,12.199999809265137,12.100000381469727,12.199999809265137,24485000
2014-02-12,6.914612770080566,12.199999809265137,12.25,12.100000381469727,12.199999809265137,34879000
2014-02-13,6.914612770080566,12.199999809265137,12.25,12.149999618530273,12.199999809265137,12172000
2014-02-14,6.971290111541748,12.300000190734863,12.350000381469727,12.199999809265137,12.199999809265137,41534000
2014-02-17,6.914612770080566,12.199999809265137,12.399999618530273,12.199999809265137,12.350000381469727,17741000
2014-02-18,6.914612770080566,12.199999809265137,12.25,12.100000381469727,12.199999809265137,26726000
2014-02-19,6.942951202392578,12.25,12.25,12.149999618530273,12.199999809265137,12939000
2014-02-20,6.914612770080566,12.199999809265137,12.25,12.149999618530273,12.25,18866000
2014-02-21,6.971290111541748,12.300000190734863,12.300000190734863,12.199999809265137,12.25,23412000
2014-02-24,6.942951202392578,12.25,12.350000381469727,12.199999809265137,12.300000190734863,20778000
2014-02-25,6.942951202392578,12.25,12.300000190734863,12.199999809265137,12.25,20066000
2014-02-26,6.99962854385376,12.350000381469727,12.550000190734863,12.25,12.300000190734863,62414000
2014-02-27,6.971290111541748,12.300000190734863,12.5,12.300000190734863,12.449999809265137,27761000
2014-03-03,7.0846428871154785,12.5,12.649999618530273,12.350000381469727,12.350000381469727,99987000
2014-03-04,7.02796745300293,12.399999618530273,12.600000381469727,12.350000381469727,12.5,39048000
2014-03-05,7.056304931640625,12.449999809265137,12.600000381469727,12.449999809265137,12.5,33448000
2014-03-06,7.197999000549316,12.699999809265137,12.800000190734863,12.5,12.5,73491000
2014-03-07,7.169661045074463,12.649999618530273,12.850000381469727,12.600000381469727,12.800000190734863,73617000
2014-03-10,7.0846428871154785,12.5,12.699999809265137,12.449999809265137,12.699999809265137,45788000
2014-03-11,7.226337909698486,12.75,12.800000190734863,12.5,12.600000381469727,58331000
2014-03-12,7.311352252960205,12.899999618530273,12.899999618530273,12.649999618530273,12.699999809265137,63302000
2014-03-13,7.396368503570557,13.050000190734863,13.199999809265137,12.949999809265137,12.949999809265137,183427000
2014-03-14,7.311352252960205,12.899999618530273,13.0,12.800000190734863,12.949999809265137,65196000
2014-03-17,7.339691162109375,12.949999809265137,13.050000190734863,12.899999618530273,12.949999809265137,44616000
2014-03-18,7.396368503570557,13.050000190734863,13.100000381469727,12.949999809265137,13.050000190734863,56831000
2014-03-19,7.283014297485352,12.850000381469727,13.050000190734863,12.850000381469727,13.050000190734863,43066000
2014-03-20,7.169661045074463,12.649999618530273,12.75,12.649999618530273,12.75,50424000
2014-03-21,7.0846428871154785,12.5,12.75,12.5,12.699999809265137,49710000
2014-03-24,7.169661045074463,12.649999618530273,12.649999618530273,12.449999809265137,12.5,26289000
2014-03-25,7.197999000549316,12.699999809265137,12.75,12.550000190734863,12.600000381469727,22977000
2014-03-26,7.311352252960205,12.899999618530273,12.949999809265137,12.75,12.800000190734863,50572000
2014-03-27,7.311352252960205,12.899999618530273,13.0,12.850000381469727,12.949999809265137,33023000
2014-03-28,7.311352252960205,12.899999618530273,13.100000381469727,12.850000381469727,12.899999618530273,56324000
2014-03-31,7.283014297485352,12.850000381469727,13.0,12.800000190734863,12.949999809265137,40620000
2014-04-01,7.368029594421387,13.0,13.0,12.800000190734863,12.850000381469727,34499000
2014-04-02,7.311352252960205,12.899999618530273,13.050000190734863,12.899999618530273,13.0,49030000
2014-04-03,7.396368503570557,13.050000190734863,13.050000190734863,12.899999618530273,12.899999618530273,42293000
2014-04-07,7.339691162109375,12.949999809265137,13.050000190734863,12.899999618530273,12.949999809265137,41520000
2014-04-08,7.396368503570557,13.050000190734863,13.100000381469727,12.899999618530273,12.899999618530273,34018000
2014-04-09,7.424707412719727,13.100000381469727,13.100000381469727,12.949999809265137,13.100000381469727,47038000
2014-04-10,7.481382846832275,13.199999809265137,13.399999618530273,13.100000381469727,13.199999809265137,80788000
2014-04-11,7.424707412719727,13.100000381469727,13.149999618530273,13.0,13.100000381469727,32580000
2014-04-14,7.339691162109375,12.949999809265137,13.050000190734863,12.899999618530273,13.050000190734863,20626000
2014-04-15,7.339691162109375,12.949999809265137,13.0,12.850000381469727,13.0,28795000
2014-04-16,7.283014297485352,12.850000381469727,13.0,12.850000381469727,13.0,35449000
2014-04-17,7.283014297485352,12.850000381469727,12.949999809265137,12.850000381469727,12.949999809265137,27520000
2014-04-18,7.339691162109375,12.949999809265137,13.0,12.850000381469727,12.949999809265137,18092000
2014-04-21,7.311352252960205,12.899999618530273,13.0,12.850000381469727,12.949999809265137,15909000
2014-04-22,7.283014297485352,12.850000381469727,13.0,12.850000381469727,12.949999809265137,31869000
2014-04-23,7.481382846832275,13.199999809265137,13.300000190734863,12.949999809265137,13.0,90927000
2014-04-24,7.453044891357422,13.149999618530273,13.199999809265137,13.100000381469727,13.199999809265137,33380000
2014-04-25,7.25467586517334,12.800000190734863,13.149999618530273,12.600000381469727,13.050000190734863,62353000
2014-04-28,7.25467586517334,12.800000190734863,12.949999809265137,12.649999618530273,12.649999618530273,42048000
2014-04-29,7.396368503570557,13.050000190734863,13.199999809265137,12.850000381469727,12.949999809265137,63915000
2014-04-30,7.396368503570557,13.050000190734863,13.199999809265137,12.949999809265137,13.100000381469727,59517000
2014-05-02,7.453044891357422,13.149999618530273,13.199999809265137,13.0,13.100000381469727,93213000
2014-05-05,7.339691162109375,12.949999809265137,13.199999809265137,12.949999809265137,13.149999618530273,48509000
2014-05-06,7.396368503570557,13.050000190734863,13.050000190734863,12.899999618530273,13.0,42918000
2014-05-07,7.368029594421387,13.0,13.149999618530273,13.0,13.050000190734863,47239000
2014-05-08,7.594738960266113,13.399999618530273,13.399999618530273,13.100000381469727,13.149999618530273,98276000
2014-05-09,7.509722709655762,13.25,13.449999809265137,13.199999809265137,13.399999618530273,40563000
2014-05-12,7.424707412719727,13.100000381469727,13.300000190734863,13.050000190734863,13.300000190734863,35289000
2014-05-13,7.424707412719727,13.100000381469727,13.199999809265137,13.100000381469727,13.199999809265137,21001000
2014-05-14,7.56640100479126,13.350000381469727,13.350000381469727,13.149999618530273,13.149999618530273,44666000
2014-05-15,7.509722709655762,13.25,13.350000381469727,13.149999618530273,13.300000190734863,14644000
2014-05-16,7.509722709655762,13.25,13.25,13.100000381469727,13.149999618530273,20688000
2014-05-19,7.538061141967773,13.300000190734863,13.350000381469727,13.199999809265137,13.300000190734863,19326000
2014-05-20,7.538061141967773,13.300000190734863,13.350000381469727,13.199999809265137,13.300000190734863,23274000
2014-05-21,7.481382846832275,13.199999809265137,13.300000190734863,13.149999618530273,13.25,17443000
2014-05-22,7.56640100479126,13.350000381469727,13.399999618530273,13.25,13.300000190734863,38887000
2014-05-23,7.56640100479126,13.350000381469727,13.449999809265137,13.25,13.399999618530273,24868000
2014-05-26,7.594738960266113,13.399999618530273,13.399999618530273,13.300000190734863,13.399999618530273,27107000
2014-05-27,7.73643159866333,13.649999618530273,13.699999809265137,13.350000381469727,13.399999618530273,72153000
2014-05-28,8.019815444946289,14.149999618530273,14.199999809265137,13.699999809265137,13.699999809265137,123849000
2014-05-29,7.821446895599365,13.800000190734863,14.350000381469727,13.800000190734863,14.199999809265137,107562000
2014-05-30,7.96314001083374,14.050000190734863,14.199999809265137,13.75,13.899999618530273,96625000
2014-06-03,8.019815444946289,14.149999618530273,14.149999618530273,13.949999809265137,14.149999618530273,52370000
2014-06-04,8.104832649230957,14.300000190734863,14.300000190734863,14.149999618530273,14.25,48327000
2014-06-05,8.076494216918945,14.25,14.600000381469727,14.25,14.300000190734863,83143000
2014-06-06,8.27486515045166,14.600000381469727,14.600000381469727,14.300000190734863,14.5,53375000
2014-06-09,8.189847946166992,14.449999809265137,14.600000381469727,14.300000190734863,14.600000381469727,27886000
2014-06-10,8.133172035217285,14.350000381469727,14.600000381469727,14.25,14.550000190734863,40703000
2014-06-11,8.218186378479004,14.5,14.5,14.300000190734863,14.399999618530273,28868000
2014-06-12,8.529911994934082,15.050000190734863,15.100000381469727,14.600000381469727,14.600000381469727,146465000
2014-06-13,8.444894790649414,14.899999618530273,15.100000381469727,14.899999618530273,15.050000190734863,108704000
2014-06-16,8.331542015075684,14.699999809265137,15.0,14.699999809265137,14.899999618530273,68156000
2014-06-17,8.331542015075684,14.699999809265137,14.949999809265137,14.699999809265137,14.899999618530273,95294000
2014-06-18,8.218186378479004,14.5,14.800000190734863,14.399999618530273,14.800000190734863,91498000
2014-06-19,8.444894790649414,14.899999618530273,14.899999618530273,14.449999809265137,14.5,71719000
2014-06-20,8.246526718139648,14.550000190734863,15.0,14.550000190734863,15.0,43812000
2014-06-23,8.218186378479004,14.5,14.699999809265137,14.5,14.649999618530273,44851000
2014-06-24,8.246526718139648,14.550000190734863,14.699999809265137,14.449999809265137,14.550000190734863,32595000
2014-06-25,8.27486515045166,14.600000381469727,14.649999618530273,14.449999809265137,14.649999618530273,38197000
2014-06-26,8.558249473571777,15.100000381469727,15.350000381469727,14.649999618530273,14.699999809265137,137798000
2014-06-27,8.416558265686035,14.850000381469727,15.100000381469727,14.850000381469727,15.0,57083000
2014-06-30,8.473233222961426,14.949999809265137,15.050000190734863,14.850000381469727,14.850000381469727,72521000
2014-07-01,8.643266677856445,15.25,15.399999618530273,14.850000381469727,15.0,126616000
2014-07-02,8.671605110168457,15.300000190734863,15.800000190734863,15.25,15.399999618530273,167124000
2014-07-03,8.869973182678223,15.649999618530273,15.699999809265137,15.399999618530273,15.399999618530273,127596000
2014-07-04,9.351730346679688,16.5,16.700000762939453,15.800000190734863,15.800000190734863,198808000
2014-07-07,9.322505950927734,15.949999809265137,16.200000762939453,15.800000190734863,16.100000381469727,127768000
2014-07-08,9.117937088012695,15.600000381469727,16.100000381469727,15.550000190734863,16.0,82270000
2014-07-09,9.059488296508789,15.5,15.699999809265137,15.399999618530273,15.600000381469727,61225000
2014-07-10,9.176384925842285,15.699999809265137,15.899999618530273,15.550000190734863,15.850000381469727,84558000
2014-07-11,8.94259262084961,15.300000190734863,15.600000381469727,15.100000381469727,15.600000381469727,81759000
2014-07-14,9.264057159423828,15.850000381469727,16.299999237060547,15.449999809265137,15.5,98833000
2014-07-15,9.176384925842285,15.699999809265137,16.0,15.649999618530273,15.899999618530273,48485000
2014-07-16,9.03026294708252,15.449999809265137,15.699999809265137,15.399999618530273,15.649999618530273,41718000
2014-07-17,8.825695037841797,15.100000381469727,15.300000190734863,15.050000190734863,15.300000190734863,88359000
2014-07-18,8.91336727142334,15.25,15.25,14.800000190734863,14.899999618530273,55576000
2014-07-21,9.088713645935059,15.550000190734863,16.0,15.550000190734863,15.699999809265137,116940000
2014-07-22,9.176384925842285,15.699999809265137,15.800000190734863,15.5,15.600000381469727,57611000
2014-07-23,9.176384925842285,15.699999809265137,15.699999809265137,15.699999809265137,15.699999809265137,0
2014-07-24,9.147160530090332,15.649999618530273,15.75,15.550000190734863,15.649999618530273,42755000
2014-07-25,8.91336727142334,15.25,15.600000381469727,15.199999809265137,15.600000381469727,52967000
2014-07-28,8.67957592010498,14.850000381469727,15.149999618530273,14.850000381469727,15.100000381469727,77758000
2014-07-29,8.562676429748535,14.649999618530273,15.0,14.600000381469727,14.850000381469727,67850000
2014-07-30,8.7087984085083,14.899999618530273,14.949999809265137,14.699999809265137,14.699999809265137,53617000
2014-07-31,8.21198844909668,14.050000190734863,14.5,13.899999618530273,14.5,180511000
2014-08-01,7.919746398925781,13.550000190734863,13.649999618530273,13.5,13.550000190734863,144747000
2014-08-04,7.948970794677734,13.600000381469727,13.600000381469727,13.350000381469727,13.399999618530273,106515000
2014-08-05,7.715175628662109,13.199999809265137,13.5,13.199999809265137,13.449999809265137,109139000
2014-08-06,7.802851676940918,13.350000381469727,13.449999809265137,13.149999618530273,13.199999809265137,67248000
2014-08-07,7.773626327514648,13.300000190734863,13.600000381469727,13.300000190734863,13.449999809265137,63694000
2014-08-08,7.656728744506836,13.100000381469727,13.300000190734863,13.0,13.199999809265137,88209000
2014-08-11,7.744400978088379,13.25,13.300000190734863,13.0,13.0,54440000
2014-08-12,7.627504348754883,13.050000190734863,13.25,13.050000190734863,13.25,39163000
2014-08-13,7.685952186584473,13.149999618530273,13.199999809265137,13.050000190734863,13.100000381469727,25730000
2014-08-14,7.773626327514648,13.300000190734863,13.5,13.199999809265137,13.199999809265137,59771000
2014-08-15,7.715175628662109,13.199999809265137,13.350000381469727,13.199999809265137,13.300000190734863,23166000
2014-08-18,7.656728744506836,13.100000381469727,13.300000190734863,13.100000381469727,13.199999809265137,24042000
2014-08-19,7.715175628662109,13.199999809265137,13.300000190734863,13.100000381469727,13.25,23109000
2014-08-20,7.744400978088379,13.25,13.399999618530273,13.25,13.300000190734863,39156000
2014-08-21,7.715175628662109,13.199999809265137,13.350000381469727,13.199999809265137,13.300000190734863,22918000
2014-08-22,7.890522003173828,13.5,13.699999809265137,13.199999809265137,13.199999809265137,90693000
2014-08-25,7.861297607421875,13.449999809265137,13.5,13.399999618530273,13.5,25885000
2014-08-26,7.919746398925781,13.550000190734863,13.649999618530273,13.399999618530273,13.449999809265137,50357000
2014-08-27,7.948970794677734,13.600000381469727,13.800000190734863,13.600000381469727,13.600000381469727,67756000
2014-08-28,7.978194236755371,13.649999618530273,13.699999809265137,13.5,13.600000381469727,48126000
2014-08-29,7.978194236755371,13.649999618530273,13.850000381469727,13.550000190734863,13.600000381469727,43951000
2014-09-01,8.036643028259277,13.75,13.850000381469727,13.699999809265137,13.75,42995000
2014-09-02,7.832074165344238,13.399999618530273,13.75,13.399999618530273,13.75,50193000
2014-09-03,7.861297607421875,13.449999809265137,13.5,13.350000381469727,13.5,48218000
2014-09-04,7.832074165344238,13.399999618530273,13.5,13.350000381469727,13.5,21548000
2014-09-05,7.773626327514648,13.300000190734863,13.5,13.300000190734863,13.5,32909000
2014-09-09,7.802851676940918,13.350000381469727,13.449999809265137,13.350000381469727,13.399999618530273,21218000
2014-09-10,7.744400978088379,13.25,13.350000381469727,13.199999809265137,13.300000190734863,29065000
2014-09-11,7.715175628662109,13.199999809265137,13.300000190734863,13.149999618530273,13.25,19353000
2014-09-12,7.569056987762451,12.949999809265137,13.25,12.899999618530273,13.199999809265137,55423000
2014-09-15,7.539831638336182,12.899999618530273,12.949999809265137,12.75,12.899999618530273,35027000
2014-09-16,7.3644866943359375,12.600000381469727,12.899999618530273,12.600000381469727,12.899999618530273,38596000
2014-09-17,7.539831638336182,12.899999618530273,13.050000190734863,12.699999809265137,12.800000190734863,46844000
2014-09-18,7.510608196258545,12.850000381469727,13.0,12.800000190734863,13.0,16950000
2014-09-19,7.569056987762451,12.949999809265137,13.050000190734863,12.899999618530273,12.949999809265137,32154000
2014-09-22,7.452160835266113,12.75,12.949999809265137,12.699999809265137,12.949999809265137,30263000
2014-09-23,7.452160835266113,12.75,12.850000381469727,12.699999809265137,12.75,23224000
2014-09-24,7.481384754180908,12.800000190734863,12.850000381469727,12.75,12.75,23141000
2014-09-25,7.422935962677002,12.699999809265137,12.899999618530273,12.600000381469727,12.850000381469727,43621000
2014-09-26,7.393712520599365,12.649999618530273,12.800000190734863,12.5,12.600000381469727,27481000
2014-09-29,7.3644866943359375,12.600000381469727,12.75,12.600000381469727,12.699999809265137,32268000
2014-09-30,7.3644866943359375,12.600000381469727,12.699999809265137,12.350000381469727,12.649999618530273,56792000
2014-10-01,7.335263252258301,12.550000190734863,12.699999809265137,12.5,12.550000190734863,29947000
2014-10-02,7.422935962677002,12.699999809265137,12.699999809265137,12.449999809265137,12.5,26872000
2014-10-03,7.539831638336182,12.899999618530273,13.0,12.649999618530273,12.649999618530273,50995000
2014-10-06,7.539831638336182,12.899999618530273,13.0,12.800000190734863,12.899999618530273,27623000
2014-10-07,7.481384754180908,12.800000190734863,12.899999618530273,12.699999809265137,12.800000190734863,24531000
2014-10-08,7.539831638336182,12.899999618530273,13.050000190734863,12.649999618530273,12.699999809265137,37929000
2014-10-09,7.539831638336182,12.899999618530273,13.100000381469727,12.899999618530273,13.0,54941000
2014-10-13,7.189143657684326,12.300000190734863,12.5,12.25,12.5,61423000
2014-10-14,7.335263252258301,12.550000190734863,12.649999618530273,12.350000381469727,12.399999618530273,49759000
2014-10-15,7.247591018676758,12.399999618530273,12.550000190734863,12.300000190734863,12.5,57046000
2014-10-16,7.189143657684326,12.300000190734863,12.449999809265137,12.149999618530273,12.300000190734863,45597000
2014-10-17,7.043021202087402,12.050000190734863,12.449999809265137,12.050000190734863,12.449999809265137,55758000
2014-10-20,7.218367099761963,12.350000381469727,12.399999618530273,12.199999809265137,12.25,39974000
2014-10-21,7.189143657684326,12.300000190734863,12.399999618530273,12.25,12.350000381469727,12980000
2014-10-22,7.2768144607543945,12.449999809265137,12.550000190734863,12.399999618530273,12.399999618530273,43018000
2014-10-23,7.306037425994873,12.5,12.550000190734863,12.350000381469727,12.399999618530273,22387000
2014-10-24,7.218367099761963,12.350000381469727,12.550000190734863,12.350000381469727,12.5,19606000
2014-10-27,7.218367099761963,12.350000381469727,12.5,12.350000381469727,12.5,16566000
2014-10-28,7.2768144607543945,12.449999809265137,12.5,12.399999618530273,12.449999809265137,21187000
2014-10-29,7.393712520599365,12.649999618530273,12.75,12.5,12.550000190734863,47180000
2014-10-30,7.715175628662109,13.199999809265137,13.199999809265137,12.899999618530273,13.0,123118000
2014-10-31,7.832074165344238,13.399999618530273,13.399999618530273,13.100000381469727,13.300000190734863,52993000
2014-11-03,7.802851676940918,13.350000381469727,13.5,13.25,13.5,49726000
2014-11-04,7.802851676940918,13.350000381469727,13.449999809265137,13.199999809265137,13.350000381469727,35281000
2014-11-05,7.832074165344238,13.399999618530273,13.399999618530273,13.199999809265137,13.399999618530273,31427000
2014-11-06,7.773626327514648,13.300000190734863,13.399999618530273,13.199999809265137,13.350000381469727,30993000
2014-11-07,7.744400978088379,13.25,13.350000381469727,13.199999809265137,13.199999809265137,17392000
2014-11-10,7.948970794677734,13.600000381469727,13.800000190734863,13.300000190734863,13.350000381469727,99409000
2014-11-11,7.948970794677734,13.600000381469727,13.699999809265137,13.449999809265137,13.649999618530273,50033000
2014-11-12,7.861297607421875,13.449999809265137,13.649999618530273,13.449999809265137,13.5,31632000
2014-11-13,7.890522003173828,13.5,13.550000190734863,13.399999618530273,13.5,21834000
2014-11-14,7.978194236755371,13.649999618530273,13.699999809265137,13.449999809265137,13.5,48811000
2014-11-17,7.802851676940918,13.350000381469727,13.699999809265137,13.300000190734863,13.699999809265137,35675000
2014-11-18,7.715175628662109,13.199999809265137,13.449999809265137,13.050000190734863,13.399999618530273,39647000
2014-11-19,7.861297607421875,13.449999809265137,13.449999809265137,13.149999618530273,13.199999809265137,47537000
2014-11-20,8.21198844909668,14.050000190734863,14.100000381469727,13.449999809265137,13.5,179240000
2014-11-21,8.21198844909668,14.050000190734863,14.149999618530273,13.899999618530273,14.100000381469727,76747000
2014-11-24,8.124314308166504,13.899999618530273,14.149999618530273,13.899999618530273,14.100000381469727,39244000
2014-11-25,8.182764053344727,14.0,14.0,13.850000381469727,14.0,28237000
2014-11-26,8.095090866088867,13.850000381469727,14.0,13.850000381469727,13.949999809265137,27823000
2014-11-27,8.153539657592773,13.949999809265137,14.25,13.899999618530273,14.0,85455000
2014-11-28,8.036643028259277,13.75,14.0,13.75,14.0,55033000
2014-12-01,7.978194236755371,13.649999618530273,13.850000381469727,13.399999618530273,13.449999809265137,49268000
2014-12-02,7.919746398925781,13.550000190734863,13.699999809265137,13.449999809265137,13.649999618530273,41457000
2014-12-03,8.124314308166504,13.899999618530273,13.899999618530273,13.600000381469727,13.699999809265137,35677000
2014-12-04,8.416558265686035,14.399999618530273,14.649999618530273,14.0,14.0,168026000
2014-12-05,8.32888412475586,14.25,14.5,14.25,14.350000381469727,64596000
2014-12-08,8.32888412475586,14.25,14.649999618530273,14.25,14.399999618530273,77734000
2014-12-09,8.32888412475586,14.25,14.350000381469727,14.149999618530273,14.149999618530273,40105000
2014-12-10,8.095090866088867,13.850000381469727,14.199999809265137,13.850000381469727,14.149999618530273,52000000
2014-12-11,8.095090866088867,13.850000381469727,14.0,13.649999618530273,13.800000190734863,36887000
2014-12-12,8.06586742401123,13.800000190734863,14.050000190734863,13.800000190734863,14.0,27171000
2014-12-15,8.387332916259766,14.350000381469727,14.449999809265137,13.800000190734863,13.800000190734863,67593000
2014-12-16,8.153539657592773,13.949999809265137,14.350000381469727,13.949999809265137,14.300000190734863,86917000
2014-12-17,7.948970794677734,13.600000381469727,13.949999809265137,13.600000381469727,13.850000381469727,74664000
2014-12-18,8.153539657592773,13.949999809265137,14.050000190734863,13.800000190734863,13.850000381469727,60406000
2014-12-19,8.32888412475586,14.25,14.399999618530273,14.050000190734863,14.100000381469727,103833000
2014-12-22,8.445781707763672,14.449999809265137,14.600000381469727,14.300000190734863,14.399999618530273,73673000
2014-12-23,8.621127128601074,14.75,14.800000190734863,14.550000190734863,14.550000190734863,102110000
2014-12-24,8.67957592010498,14.850000381469727,15.0,14.75,14.800000190734863,71215000
2014-12-25,8.591902732849121,14.699999809265137,15.0,14.649999618530273,14.899999618530273,27202000
2014-12-26,8.650349617004395,14.800000190734863,14.800000190734863,14.550000190734863,14.699999809265137,27794000
2014-12-29,8.591902732849121,14.699999809265137,15.0,14.699999809265137,14.800000190734863,63979000
2014-12-30,8.475006103515625,14.5,14.949999809265137,14.350000381469727,14.850000381469727,60563000
2014-12-31,8.621127128601074,14.75,14.800000190734863,14.5,14.550000190734863,45368000
2015-01-05,8.91336727142334,15.25,15.449999809265137,14.649999618530273,14.75,115816000
2015-01-06,8.621127128601074,14.75,15.100000381469727,14.75,15.0,73895000
2015-01-07,8.650349617004395,14.800000190734863,14.949999809265137,14.649999618530273,14.75,46863000
2015-01-08,8.7087984085083,14.899999618530273,15.100000381469727,14.899999618530273,15.0,65614000
2015-01-09,8.825695037841797,15.100000381469727,15.300000190734863,15.0,15.199999809265137,93567000
2015-01-12,9.205609321594238,15.75,16.100000381469727,15.25,15.25,232802000
2015-01-13,9.088713645935059,15.550000190734863,15.949999809265137,15.5,15.800000190734863,102386000
2015-01-14,8.91336727142334,15.25,15.5,15.149999618530273,15.449999809265137,106271000
2015-01-15,8.79647159576416,15.050000190734863,15.449999809265137,15.050000190734863,15.25,96255000
2015-01-16,8.591902732849121,14.699999809265137,15.449999809265137,14.699999809265137,15.100000381469727,161590000
2015-01-19,8.79647159576416,15.050000190734863,15.149999618530273,14.899999618530273,14.949999809265137,79718000
2015-01-20,8.884142875671387,15.199999809265137,15.300000190734863,15.149999618530273,15.25,45314000
2015-01-21,8.854918479919434,15.149999618530273,15.350000381469727,15.050000190734863,15.300000190734863,47758000
2015-01-22,9.03026294708252,15.449999809265137,15.550000190734863,15.25,15.300000190734863,85502000
2015-01-23,9.117937088012695,15.600000381469727,15.699999809265137,15.5,15.649999618530273,95295000
2015-01-26,9.059488296508789,15.5,15.699999809265137,15.399999618530273,15.5,55949000
2015-01-27,9.03026294708252,15.449999809265137,15.600000381469727,15.300000190734863,15.600000381469727,58564000
2015-01-28,9.147160530090332,15.649999618530273,15.649999618530273,15.300000190734863,15.399999618530273,87927000
2015-01-29,8.971817016601562,15.350000381469727,15.699999809265137,15.25,15.649999618530273,101729000
2015-01-30,9.001041412353516,15.399999618530273,15.600000381469727,15.350000381469727,15.5,84579000
2015-02-02,9.03026294708252,15.449999809265137,15.550000190734863,15.350000381469727,15.449999809265137,55795000
2015-02-03,9.147160530090332,15.649999618530273,15.75,15.550000190734863,15.550000190734863,99918000
2015-02-04,9.147160530090332,15.649999618530273,15.899999618530273,15.649999618530273,15.850000381469727,106648000
2015-02-05,9.205609321594238,15.75,15.800000190734863,15.600000381469727,15.800000190734863,52986000
2015-02-06,9.147160530090332,15.649999618530273,15.800000190734863,15.649999618530273,15.800000190734863,43503000
2015-02-09,9.147160530090332,15.649999618530273,15.75,15.550000190734863,15.649999618530273,38957000
2015-02-10,9.001041412353516,15.399999618530273,15.800000190734863,15.399999618530273,15.75,42900000
2015-02-11,9.205609321594238,15.75,15.800000190734863,15.5,15.600000381469727,73934000
2015-02-12,9.147160530090332,15.649999618530273,15.850000381469727,15.600000381469727,15.850000381469727,40397000
2015-02-13,9.117937088012695,15.600000381469727,15.75,15.5,15.699999809265137,45647000
2015-02-24,9.264057159423828,15.850000381469727,15.850000381469727,15.600000381469727,15.800000190734863,70595000
2015-02-25,9.380952835083008,16.049999237060547,16.049999237060547,15.800000190734863,15.850000381469727,88001000
2015-02-26,9.351729393005371,16.0,16.049999237060547,15.800000190734863,16.0,67130000
2015-03-02,9.264057159423828,15.850000381469727,16.100000381469727,15.75,16.049999237060547,60203000
2015-03-03,9.264057159423828,15.850000381469727,15.949999809265137,15.699999809265137,15.899999618530273,47857000
2015-03-04,9.205609321594238,15.75,15.949999809265137,15.75,15.800000190734863,50751000
2015-03-05,9.147160530090332,15.649999618530273,15.850000381469727,15.649999618530273,15.699999809265137,51109000
2015-03-06,9.147160530090332,15.649999618530273,15.75,15.550000190734863,15.649999618530273,55247000
2015-03-09,9.176384925842285,15.699999809265137,15.699999809265137,15.5,15.600000381469727,58867000
2015-03-10,9.176384925842285,15.699999809265137,15.899999618530273,15.699999809265137,15.75,61412000
2015-03-11,9.147160530090332,15.649999618530273,15.899999618530273,15.550000190734863,15.600000381469727,56671000
2015-03-12,9.234831809997559,15.800000190734863,15.899999618530273,15.649999618530273,15.649999618530273,43902000
2015-03-13,9.176384925842285,15.699999809265137,15.899999618530273,15.699999809265137,15.850000381469727,22110000
2015-03-16,9.147160530090332,15.649999618530273,15.75,15.600000381469727,15.75,29455000
2015-03-17,9.147160530090332,15.649999618530273,15.800000190734863,15.649999618530273,15.699999809265137,26191000
2015-03-18,9.205609321594238,15.75,15.800000190734863,15.550000190734863,15.649999618530273,50814000
2015-03-19,9.264057159423828,15.850000381469727,15.949999809265137,15.75,15.899999618530273,46486000
2015-03-20,9.147160530090332,15.649999618530273,15.850000381469727,15.600000381469727,15.75,38471000
2015-03-23,9.205609321594238,15.75,15.800000190734863,15.649999618530273,15.75,29920000
2015-03-24,9.176384925842285,15.699999809265137,15.800000190734863,15.600000381469727,15.75,28070000
2015-03-25,9.117937088012695,15.600000381469727,15.800000190734863,15.600000381469727,15.75,30187000
2015-03-26,8.91336727142334,15.25,15.350000381469727,15.050000190734863,15.300000190734863,76941000
2015-03-27,8.884142875671387,15.199999809265137,15.449999809265137,15.199999809265137,15.300000190734863,59408000
2015-03-30,8.94259262084961,15.300000190734863,15.449999809265137,15.199999809265137,15.300000190734863,35479000
2015-03-31,9.059488296508789,15.5,15.5,15.300000190734863,15.449999809265137,43287000
2015-04-01,8.91336727142334,15.25,15.449999809265137,15.25,15.449999809265137,23013000
2015-04-02,9.059488296508789,15.5,15.5,15.300000190734863,15.350000381469727,32865000
2015-04-07,9.234831809997559,15.800000190734863,15.800000190734863,15.649999618530273,15.699999809265137,43496000
2015-04-08,9.147160530090332,15.649999618530273,15.75,15.600000381469727,15.699999809265137,34418000
2015-04-09,9.001041412353516,15.399999618530273,15.649999618530273,15.399999618530273,15.600000381469727,42211000
2015-04-10,8.91336727142334,15.25,15.550000190734863,15.199999809265137,15.449999809265137,37189000
2015-04-13,8.91336727142334,15.25,15.449999809265137,15.199999809265137,15.300000190734863,50510000
2015-04-14,8.825695037841797,15.100000381469727,15.350000381469727,15.050000190734863,15.25,50272000
2015-04-15,8.504230499267578,14.550000190734863,14.949999809265137,14.5,14.949999809265137,116661000
2015-04-16,8.591902732849121,14.699999809265137,14.699999809265137,14.550000190734863,14.649999618530273,50387000
2015-04-17,8.358107566833496,14.300000190734863,14.449999809265137,14.25,14.449999809265137,67175000
2015-04-20,8.182764053344727,14.0,14.149999618530273,13.800000190734863,14.050000190734863,86143000
2015-04-21,8.21198844909668,14.050000190734863,14.149999618530273,13.899999618530273,14.0,51767000
2015-04-22,8.2412109375,14.100000381469727,14.25,14.050000190734863,14.100000381469727,45402000
2015-04-23,8.533453941345215,14.600000381469727,14.600000381469727,14.199999809265137,14.25,78217000
2015-04-24,8.562676429748535,14.649999618530273,14.899999618530273,14.600000381469727,14.699999809265137,101324000
2015-04-27,8.7087984085083,14.899999618530273,15.0,14.699999809265137,14.699999809265137,78787000
2015-04-28,8.67957592010498,14.850000381469727,15.100000381469727,14.850000381469727,15.050000190734863,46088000
2015-04-29,8.562676429748535,14.649999618530273,14.949999809265137,14.600000381469727,14.850000381469727,44081000
2015-04-30,8.533453941345215,14.600000381469727,14.850000381469727,14.399999618530273,14.850000381469727,78270000
2015-05-04,8.358107566833496,14.300000190734863,14.699999809265137,14.300000190734863,14.649999618530273,54001000
2015-05-05,8.358107566833496,14.300000190734863,14.350000381469727,14.199999809265137,14.25,33861000
2015-05-06,8.387332916259766,14.350000381469727,14.5,14.199999809265137,14.25,28514000
2015-05-07,8.21198844909668,14.050000190734863,14.25,14.0,14.25,61619000
2015-05-08,8.095090866088867,13.850000381469727,14.149999618530273,13.850000381469727,14.050000190734863,60457000
2015-05-11,8.182764053344727,14.0,14.149999618530273,13.949999809265137,14.050000190734863,57001000
2015-05-12,8.036643028259277,13.75,13.850000381469727,13.300000190734863,13.5,149168000
2015-05-13,8.153539657592773,13.949999809265137,14.050000190734863,13.649999618530273,13.75,62574000
2015-05-14,8.036643028259277,13.75,14.0,13.75,13.949999809265137,51691000
2015-05-15,8.036643028259277,13.75,13.899999618530273,13.699999809265137,13.75,32410000
2015-05-18,7.948970794677734,13.600000381469727,13.800000190734863,13.600000381469727,13.75,33793000
2015-05-19,8.153539657592773,13.949999809265137,14.100000381469727,13.699999809265137,13.75,53209000
2015-05-20,8.124314308166504,13.899999618530273,14.100000381469727,13.850000381469727,13.949999809265137,32236000
2015-05-21,8.06586742401123,13.800000190734863,13.899999618530273,13.649999618530273,13.850000381469727,34083000
2015-05-22,8.124314308166504,13.899999618530273,13.949999809265137,13.800000190734863,13.899999618530273,37323000
2015-05-25,8.06586742401123,13.800000190734863,14.0,13.800000190734863,14.0,17890000
2015-05-26,8.124314308166504,13.899999618530273,14.0,13.850000381469727,13.949999809265137,20160000
2015-05-27,8.153539657592773,13.949999809265137,14.0,13.800000190734863,13.949999809265137,22600000
2015-05-28,8.2412109375,14.100000381469727,14.149999618530273,14.0,14.100000381469727,42407000
2015-05-29,8.124314308166504,13.899999618530273,14.149999618530273,13.899999618530273,14.100000381469727,45210000
2015-06-01,8.036643028259277,13.75,13.899999618530273,13.649999618530273,13.850000381469727,45615000
2015-06-02,8.007418632507324,13.699999809265137,13.949999809265137,13.649999618530273,13.75,50282000
2015-06-03,8.06586742401123,13.800000190734863,13.899999618530273,13.699999809265137,13.75,33379000
2015-06-04,7.861297607421875,13.449999809265137,13.75,13.399999618530273,13.699999809265137,67634000
2015-06-05,7.802851676940918,13.350000381469727,13.600000381469727,13.350000381469727,13.399999618530273,45509000
2015-06-08,7.715175628662109,13.199999809265137,13.399999618530273,13.149999618530273,13.300000190734863,46156000
2015-06-09,7.627504348754883,13.050000190734863,13.399999618530273,12.949999809265137,13.199999809265137,63108000
2015-06-10,7.744400978088379,13.25,13.25,13.0,13.100000381469727,63271000
2015-06-11,7.656728744506836,13.100000381469727,13.350000381469727,13.050000190734863,13.300000190734863,42656000
2015-06-12,7.656728744506836,13.100000381469727,13.149999618530273,13.0,13.100000381469727,29924000
2015-06-15,7.715175628662109,13.199999809265137,13.199999809265137,13.050000190734863,13.100000381469727,34718000
2015-06-16,7.59827995300293,13.0,13.199999809265137,13.0,13.100000381469727,24865000
2015-06-17,7.569056987762451,12.949999809265137,13.100000381469727,12.949999809265137,13.0,35305000
2015-06-18,7.59827995300293,13.0,13.100000381469727,13.0,13.0,32686000
2015-06-22,7.685952186584473,13.149999618530273,13.25,13.0,13.0,50412000
2015-06-23,7.773626327514648,13.300000190734863,13.350000381469727,13.199999809265137,13.25,39557000
2015-06-24,7.744400978088379,13.25,13.350000381469727,13.149999618530273,13.300000190734863,24060000
2015-06-25,7.919746398925781,13.550000190734863,13.550000190734863,13.25,13.350000381469727,58866000
2015-06-26,7.744400978088379,13.25,13.550000190734863,13.25,13.5,40585000
2015-06-29,7.510608196258545,12.850000381469727,13.100000381469727,12.800000190734863,13.050000190734863,66143000
2015-06-30,7.627504348754883,13.050000190734863,13.100000381469727,12.800000190734863,12.850000381469727,50477000
2015-07-01,7.744400978088379,13.25,13.300000190734863,13.050000190734863,13.100000381469727,38499000
2015-07-02,7.685952186584473,13.149999618530273,13.300000190734863,13.149999618530273,13.149999618530273,43837000
2015-07-03,7.773626327514648,13.300000190734863,13.300000190734863,13.149999618530273,13.199999809265137,24991000
2015-07-06,7.627504348754883,13.050000190734863,13.300000190734863,13.0,13.199999809265137,39201000
2015-07-07,7.539831638336182,12.899999618530273,13.199999809265137,12.899999618530273,13.050000190734863,51195000
2015-07-08,7.247591018676758,12.399999618530273,12.899999618530273,12.300000190734863,12.850000381469727,102428000
2015-07-09,7.2768144607543945,12.449999809265137,12.5,12.050000190734863,12.25,57744000
2015-07-10,7.2768144607543945,12.449999809265137,12.449999809265137,12.449999809265137,12.449999809265137,0
2015-07-13,7.335263252258301,12.550000190734863,12.600000381469727,12.5,12.5,94328000
2015-07-14,7.426765441894531,12.149999618530273,12.350000381469727,12.149999618530273,12.199999809265137,56621000
2015-07-15,7.457329750061035,12.199999809265137,12.300000190734863,12.100000381469727,12.300000190734863,41339000
2015-07-16,7.457329750061035,12.199999809265137,12.350000381469727,12.149999618530273,12.300000190734863,28863000
2015-07-17,7.33507776260376,12.0,12.199999809265137,11.949999809265137,12.100000381469727,61789000
2015-07-20,7.3045148849487305,11.949999809265137,12.100000381469727,11.899999618530273,12.100000381469727,49237000
2015-07-21,7.365640640258789,12.050000190734863,12.050000190734863,11.899999618530273,12.0,50197000
2015-07-22,7.029449462890625,11.5,12.0,11.449999809265137,11.949999809265137,121011000
2015-07-23,6.81550931930542,11.149999618530273,11.600000381469727,11.100000381469727,11.5,86616000
2015-07-24,6.907197952270508,11.300000190734863,11.300000190734863,11.149999618530273,11.199999809265137,37902000
2015-07-27,6.784946918487549,11.100000381469727,11.350000381469727,11.100000381469727,11.300000190734863,41269000
2015-07-28,6.66269588470459,10.899999618530273,11.149999618530273,10.899999618530273,11.0,77540000
2015-07-29,6.571006774902344,10.75,11.0,10.75,11.0,48460000
2015-07-30,6.937761306762695,11.350000381469727,11.399999618530273,11.100000381469727,11.100000381469727,82093000
2015-07-31,6.87663459777832,11.25,11.449999809265137,11.100000381469727,11.399999618530273,55012000
2015-08-03,6.846072196960449,11.199999809265137,11.399999618530273,11.100000381469727,11.350000381469727,58378000
2015-08-04,6.81550931930542,11.149999618530273,11.25,11.0,11.199999809265137,54990000
2015-08-05,6.87663459777832,11.25,11.25,11.0,11.0,38725000
2015-08-06,6.87663459777832,11.25,11.300000190734863,11.100000381469727,11.25,38701000
2015-08-07,6.846072196960449,11.199999809265137,11.25,11.100000381469727,11.199999809265137,37168000
2015-08-10,6.846072196960449,11.199999809265137,11.199999809265137,11.100000381469727,11.100000381469727,35389000
2015-08-11,6.846072196960449,11.199999809265137,11.350000381469727,11.199999809265137,11.300000190734863,41594000
2015-08-12,6.87663459777832,11.25,11.300000190734863,11.100000381469727,11.199999809265137,39454000
2015-08-13,6.846072196960449,11.199999809265137,11.300000190734863,11.199999809265137,11.300000190734863,37390000
2015-08-14,6.846072196960449,11.199999809265137,11.25,11.199999809265137,11.25,26041000
2015-08-17,6.784946918487549,11.100000381469727,11.25,11.100000381469727,11.25,19154000
2015-08-18,6.81550931930542,11.149999618530273,11.199999809265137,11.100000381469727,11.100000381469727,25217000
2015-08-19,6.66269588470459,10.899999618530273,11.100000381469727,10.699999809265137,11.100000381469727,70985000
2015-08-20,6.6321330070495605,10.850000381469727,11.0,10.75,10.800000190734863,31974000
2015-08-21,6.357068061828613,10.399999618530273,10.75,10.399999618530273,10.699999809265137,71517000
2015-08-24,6.14312744140625,10.050000190734863,10.300000190734863,9.920000076293945,10.199999809265137,84715000
2015-08-25,6.387629508972168,10.449999809265137,10.600000381469727,10.100000381469727,10.100000381469727,58250000
2015-08-26,6.357068061828613,10.399999618530273,10.5,10.199999809265137,10.350000381469727,45242000
2015-08-27,6.448756217956543,10.550000190734863,10.649999618530273,10.5,10.550000190734863,37155000
2015-08-28,6.601568698883057,10.800000190734863,10.850000381469727,10.600000381469727,10.699999809265137,40601000
2015-08-31,6.571006774902344,10.75,10.850000381469727,10.600000381469727,10.850000381469727,49954000
2015-09-01,6.571006774902344,10.75,10.800000190734863,10.550000190734863,10.600000381469727,36536000
2015-09-02,6.601568698883057,10.800000190734863,10.850000381469727,10.600000381469727,10.649999618530273,27703000
2015-09-03,6.937761306762695,11.350000381469727,11.350000381469727,10.800000190734863,10.899999618530273,66472000
2015-09-04,6.754384517669678,11.050000190734863,11.350000381469727,11.0,11.300000190734863,36401000
2015-09-07,6.723822593688965,11.0,11.149999618530273,10.850000381469727,10.949999809265137,28773000
2015-09-08,6.784946918487549,11.100000381469727,11.100000381469727,10.899999618530273,11.0,19979000
2015-09-09,6.968323707580566,11.399999618530273,11.550000190734863,11.25,11.350000381469727,72200000
2015-09-10,7.029449462890625,11.5,11.5,11.149999618530273,11.300000190734863,44900000
2015-09-11,7.029449462890625,11.5,11.550000190734863,11.350000381469727,11.399999618530273,24258000
2015-09-14,7.029449462890625,11.5,11.600000381469727,11.399999618530273,11.5,26059000
2015-09-15,6.998886585235596,11.449999809265137,11.550000190734863,11.399999618530273,11.5,26254000
2015-09-16,6.968323707580566,11.399999618530273,11.600000381469727,11.350000381469727,11.550000190734863,29333000
2015-09-17,7.0600128173828125,11.550000190734863,11.600000381469727,11.449999809265137,11.550000190734863,41720000
2015-09-18,7.090576171875,11.600000381469727,11.600000381469727,11.449999809265137,11.550000190734863,30194000
2015-09-21,6.846072196960449,11.199999809265137,11.5,11.199999809265137,11.449999809265137,33174000
2015-09-22,6.907197952270508,11.300000190734863,11.350000381469727,11.149999618530273,11.350000381469727,33264000
2015-09-23,6.693258285522461,10.949999809265137,11.199999809265137,10.899999618530273,11.100000381469727,44172000
2015-09-24,6.601568698883057,10.800000190734863,11.050000190734863,10.800000190734863,11.0,37675000
2015-09-25,6.693258285522461,10.949999809265137,10.949999809265137,10.75,10.850000381469727,31365000
2015-09-29,6.693258285522461,10.949999809265137,10.949999809265137,10.949999809265137,10.949999809265137,0
2015-09-30,6.601568698883057,10.800000190734863,10.899999618530273,10.699999809265137,10.699999809265137,63332000
2015-10-01,6.66269588470459,10.899999618530273,11.050000190734863,10.800000190734863,10.850000381469727,37837000
2015-10-02,6.693258285522461,10.949999809265137,11.0,10.850000381469727,10.949999809265137,22523000
2015-10-05,6.81550931930542,11.149999618530273,11.199999809265137,10.949999809265137,11.0,28647000
2015-10-06,6.87663459777832,11.25,11.350000381469727,11.149999618530273,11.300000190734863,26124000
2015-10-07,6.907197952270508,11.300000190734863,11.300000190734863,11.100000381469727,11.25,30446000
2015-10-08,6.87663459777832,11.25,11.399999618530273,11.199999809265137,11.399999618530273,20119000
2015-10-12,6.968323707580566,11.399999618530273,11.399999618530273,11.199999809265137,11.25,47232000
2015-10-13,6.998886585235596,11.449999809265137,11.449999809265137,11.300000190734863,11.399999618530273,24714000
2015-10-14,7.273951053619385,11.899999618530273,12.0,11.449999809265137,11.449999809265137,123751000
2015-10-15,7.5184550285339355,12.300000190734863,12.300000190734863,12.050000190734863,12.050000190734863,107393000
2015-10-16,7.426765441894531,12.149999618530273,12.300000190734863,12.050000190734863,12.300000190734863,56152000
2015-10-19,7.549017906188965,12.350000381469727,12.399999618530273,12.149999618530273,12.149999618530273,40800000
2015-10-20,7.4878926277160645,12.25,12.449999809265137,12.25,12.449999809265137,35738000
2015-10-21,7.365640640258789,12.050000190734863,12.300000190734863,12.0,12.300000190734863,29115000
2015-10-22,7.426765441894531,12.149999618530273,12.199999809265137,12.050000190734863,12.050000190734863,20126000
2015-10-23,7.549017906188965,12.350000381469727,12.449999809265137,12.300000190734863,12.399999618530273,44377000
2015-10-26,7.610143184661865,12.449999809265137,12.5,12.350000381469727,12.449999809265137,29312000
2015-10-27,7.640704154968262,12.5,12.5,12.300000190734863,12.449999809265137,20233000
2015-10-28,7.396203994750977,12.100000381469727,12.399999618530273,12.050000190734863,12.399999618530273,34425000
2015-10-29,7.273951053619385,11.899999618530273,12.100000381469727,11.800000190734863,12.050000190734863,53855000
2015-10-30,7.273951053619385,11.899999618530273,12.0,11.850000381469727,11.899999618530273,23268000
2015-11-02,7.365640640258789,12.050000190734863,12.199999809265137,11.949999809265137,12.0,26479000
2015-11-03,7.5184550285339355,12.300000190734863,12.300000190734863,12.050000190734863,12.050000190734863,36480000
2015-11-04,7.579579830169678,12.399999618530273,12.600000381469727,12.350000381469727,12.399999618530273,73596000
2015-11-05,7.701831340789795,12.600000381469727,12.699999809265137,12.449999809265137,12.550000190734863,50104000
2015-11-06,7.579579830169678,12.399999618530273,12.550000190734863,12.350000381469727,12.5,37522000
2015-11-09,7.426765441894531,12.149999618530273,12.5,12.149999618530273,12.300000190734863,30231000
2015-11-10,7.365640640258789,12.050000190734863,12.199999809265137,12.0,12.149999618530273,37662000
2015-11-11,7.33507776260376,12.0,12.199999809265137,11.899999618530273,12.100000381469727,29619000
2015-11-12,7.3045148849487305,11.949999809265137,12.100000381469727,11.899999618530273,12.050000190734863,20323000
2015-11-13,7.273951053619385,11.899999618530273,12.100000381469727,11.899999618530273,11.899999618530273,23913000
2015-11-16,7.0600128173828125,11.550000190734863,11.899999618530273,11.5,11.850000381469727,56765000
2015-11-17,7.457329750061035,12.199999809265137,12.199999809265137,11.75,11.75,54337000
2015-11-18,7.396203994750977,12.100000381469727,12.25,12.050000190734863,12.25,30661000
2015-11-19,7.4878926277160645,12.25,12.300000190734863,12.050000190734863,12.25,37905000
2015-11-20,7.549017906188965,12.350000381469727,12.449999809265137,12.199999809265137,12.199999809265137,52572000
2015-11-23,7.579579830169678,12.399999618530273,12.449999809265137,12.25,12.449999809265137,29015000
2015-11-24,7.3045148849487305,11.949999809265137,12.300000190734863,11.949999809265137,12.25,30712000
2015-11-25,7.396203994750977,12.100000381469727,12.149999618530273,11.899999618530273,12.0,18918000
2015-11-26,7.457329750061035,12.199999809265137,12.399999618530273,12.149999618530273,12.199999809265137,24312000
2015-11-27,7.365640640258789,12.050000190734863,12.25,12.0,12.199999809265137,11320000
2015-11-30,7.243388652801514,11.850000381469727,12.100000381469727,11.850000381469727,11.949999809265137,62872000
2015-12-01,7.457329750061035,12.199999809265137,12.199999809265137,11.899999618530273,12.0,21786000
2015-12-02,7.365640640258789,12.050000190734863,12.199999809265137,11.949999809265137,11.949999809265137,29515000
2015-12-03,7.4878926277160645,12.25,12.350000381469727,11.949999809265137,12.050000190734863,38665000
2015-12-04,7.365640640258789,12.050000190734863,12.199999809265137,12.050000190734863,12.050000190734863,22271000
2015-12-07,7.396203994750977,12.100000381469727,12.25,12.050000190734863,12.100000381469727,26822000
2015-12-08,7.3045148849487305,11.949999809265137,12.149999618530273,11.899999618530273,12.100000381469727,25862000
2015-12-09,7.090576171875,11.600000381469727,11.949999809265137,11.600000381469727,11.899999618530273,40905000
2015-12-10,7.0600128173828125,11.550000190734863,11.600000381469727,11.300000190734863,11.399999618530273,54972000
2015-12-11,7.151700019836426,11.699999809265137,11.800000190734863,11.600000381469727,11.600000381469727,43172000
2015-12-14,7.151700019836426,11.699999809265137,11.699999809265137,11.5,11.600000381469727,20908000
2015-12-15,7.090576171875,11.600000381469727,11.850000381469727,11.600000381469727,11.800000190734863,18529000
2015-12-16,7.212826728820801,11.800000190734863,11.899999618530273,11.699999809265137,11.850000381469727,25327000
2015-12-17,7.426765441894531,12.149999618530273,12.199999809265137,11.850000381469727,11.899999618530273,43592000
2015-12-18,7.33507776260376,12.0,12.199999809265137,11.949999809265137,12.050000190734863,40984000
2015-12-21,7.610143184661865,12.449999809265137,12.600000381469727,12.050000190734863,12.100000381469727,83778000
2015-12-22,7.549017906188965,12.350000381469727,12.5,12.25,12.5,23424000
2015-12-23,7.610143184661865,12.449999809265137,12.5,12.300000190734863,12.350000381469727,26296000
2015-12-24,7.5184550285339355,12.300000190734863,12.550000190734863,12.300000190734863,12.5,14433000
2015-12-25,7.579579830169678,12.399999618530273,12.449999809265137,12.300000190734863,12.300000190734863,7321000
2015-12-28,7.5184550285339355,12.300000190734863,12.449999809265137,12.300000190734863,12.449999809265137,10449000
2015-12-29,7.426765441894531,12.149999618530273,12.350000381469727,12.149999618530273,12.300000190734863,16721000
2015-12-30,7.396203994750977,12.100000381469727,12.25,12.100000381469727,12.199999809265137,11780000
2015-12-31,7.396203994750977,12.100000381469727,12.199999809265137,12.050000190734863,12.100000381469727,13730000
2016-01-04,7.212826728820801,11.800000190734863,12.149999618530273,11.800000190734863,12.100000381469727,44581000
2016-01-05,7.182263374328613,11.75,12.050000190734863,11.699999809265137,11.800000190734863,37702000
2016-01-06,7.182263374328613,11.75,11.949999809265137,11.649999618530273,11.850000381469727,25366000
2016-01-07,6.998886585235596,11.449999809265137,11.75,11.399999618530273,11.699999809265137,57713000
2016-01-08,6.968323707580566,11.399999618530273,11.5,11.199999809265137,11.199999809265137,42907000
2016-01-11,6.754384517669678,11.050000190734863,11.300000190734863,11.050000190734863,11.199999809265137,41340000
2016-01-12,6.784946918487549,11.100000381469727,11.199999809265137,11.100000381469727,11.149999618530273,22724000
2016-01-13,6.754384517669678,11.050000190734863,11.25,11.0,11.149999618530273,35121000
2016-01-14,6.81550931930542,11.149999618530273,11.149999618530273,10.800000190734863,11.0,31936000
2016-01-15,6.87663459777832,11.25,11.300000190734863,11.050000190734863,11.25,36354000
2016-01-18,6.81550931930542,11.149999618530273,11.199999809265137,10.949999809265137,11.0,23325000
2016-01-19,6.81550931930542,11.149999618530273,11.199999809265137,11.100000381469727,11.149999618530273,12924000
2016-01-20,6.784946918487549,11.100000381469727,11.199999809265137,11.100000381469727,11.149999618530273,27562000
2016-01-21,6.784946918487549,11.100000381469727,11.199999809265137,11.050000190734863,11.149999618530273,17674000
2016-01-22,6.87663459777832,11.25,11.25,11.149999618530273,11.199999809265137,14701000
2016-01-25,6.998886585235596,11.449999809265137,11.550000190734863,11.300000190734863,11.350000381469727,22268000
2016-01-26,7.151700019836426,11.699999809265137,11.699999809265137,11.399999618530273,11.5,43465000
2016-01-27,7.151700019836426,11.699999809265137,11.800000190734863,11.600000381469727,11.75,22369000
2016-01-28,7.793520450592041,12.75,12.850000381469727,12.050000190734863,12.050000190734863,204731000
2016-01-29,7.8546462059021,12.850000381469727,12.899999618530273,12.600000381469727,12.850000381469727,89324000
2016-02-01,7.885207653045654,12.899999618530273,12.899999618530273,12.699999809265137,12.850000381469727,41238000
2016-02-02,8.007460594177246,13.100000381469727,13.100000381469727,12.800000190734863,12.899999618530273,69931000
2016-02-03,7.885207653045654,12.899999618530273,13.050000190734863,12.850000381469727,13.0,30179000
2016-02-15,8.068585395812988,13.199999809265137,13.25,12.699999809265137,12.75,69174000
2016-02-16,8.038021087646484,13.149999618530273,13.199999809265137,12.949999809265137,13.100000381469727,28880000
2016-02-17,8.099148750305176,13.25,13.300000190734863,13.0,13.149999618530273,36710000
2016-02-18,8.190835952758789,13.399999618530273,13.550000190734863,13.300000190734863,13.399999618530273,63432000
2016-02-19,8.068585395812988,13.199999809265137,13.449999809265137,13.199999809265137,13.399999618530273,25873000
2016-02-22,8.068585395812988,13.199999809265137,13.350000381469727,13.100000381469727,13.199999809265137,24110000
2016-02-23,8.068585395812988,13.199999809265137,13.300000190734863,13.149999618530273,13.199999809265137,27901000
2016-02-24,8.068585395812988,13.199999809265137,13.300000190734863,13.050000190734863,13.199999809265137,26004000
2016-02-25,8.099148750305176,13.25,13.300000190734863,13.100000381469727,13.199999809265137,26675000
2016-02-26,8.16027545928955,13.350000381469727,13.5,13.25,13.300000190734863,49008000
2016-03-01,8.190835952758789,13.399999618530273,13.449999809265137,13.300000190734863,13.350000381469727,30924000
2016-03-02,8.16027545928955,13.350000381469727,13.550000190734863,13.350000381469727,13.5,27014000
2016-03-03,8.221399307250977,13.449999809265137,13.449999809265137,13.300000190734863,13.350000381469727,30449000
2016-03-04,8.190835952758789,13.399999618530273,13.5,13.350000381469727,13.449999809265137,30836000
2016-03-07,8.190835952758789,13.399999618530273,13.5,13.25,13.449999809265137,29669000
2016-03-08,8.068585395812988,13.199999809265137,13.399999618530273,13.100000381469727,13.350000381469727,37093000
2016-03-09,7.885207653045654,12.899999618530273,13.199999809265137,12.899999618530273,13.199999809265137,28575000
2016-03-10,8.038021087646484,13.149999618530273,13.399999618530273,12.949999809265137,12.949999809265137,51425000
2016-03-11,8.099148750305176,13.25,13.25,13.050000190734863,13.149999618530273,27312000
2016-03-14,8.190835952758789,13.399999618530273,13.399999618530273,13.300000190734863,13.300000190734863,25473000
2016-03-15,8.099148750305176,13.25,13.399999618530273,13.100000381469727,13.399999618530273,21840000
2016-03-16,8.099148750305176,13.25,13.350000381469727,13.199999809265137,13.25,15507000
2016-03-17,8.129712104797363,13.300000190734863,13.5,13.25,13.449999809265137,30973000
2016-03-18,8.129712104797363,13.300000190734863,13.399999618530273,13.199999809265137,13.300000190734863,33527000
2016-03-21,8.16027545928955,13.350000381469727,13.350000381469727,13.199999809265137,13.300000190734863,13141000
2016-03-22,8.129712104797363,13.300000190734863,13.399999618530273,13.100000381469727,13.399999618530273,22711000
2016-03-23,8.068585395812988,13.199999809265137,13.350000381469727,13.149999618530273,13.300000190734863,13734000
2016-03-24,8.099148750305176,13.25,13.399999618530273,13.100000381469727,13.199999809265137,24076000
2016-03-25,8.007460594177246,13.100000381469727,13.300000190734863,13.100000381469727,13.25,7874000
2016-03-28,8.007460594177246,13.100000381469727,13.149999618530273,13.050000190734863,13.100000381469727,15663000
2016-03-29,7.885207653045654,12.899999618530273,13.149999618530273,12.899999618530273,13.100000381469727,16774000
2016-03-30,8.099148750305176,13.25,13.25,12.949999809265137,13.0,41247000
2016-03-31,8.129712104797363,13.300000190734863,13.300000190734863,13.199999809265137,13.25,41307000
2016-04-01,8.038021087646484,13.149999618530273,13.300000190734863,13.0,13.149999618530273,23218000
2016-04-06,7.793520450592041,12.75,13.050000190734863,12.75,13.0,33833000
2016-04-07,7.701831340789795,12.600000381469727,12.850000381469727,12.449999809265137,12.75,51040000
2016-04-08,7.793520450592041,12.75,12.75,12.449999809265137,12.5,40103000
2016-04-11,7.701831340789795,12.600000381469727,12.699999809265137,12.449999809265137,12.649999618530273,30592000
2016-04-12,7.885207653045654,12.899999618530273,13.0,12.649999618530273,12.699999809265137,38126000
2016-04-13,7.885207653045654,12.899999618530273,12.899999618530273,12.699999809265137,12.899999618530273,33542000
2016-04-14,7.8546462059021,12.850000381469727,12.899999618530273,12.75,12.850000381469727,36885000
2016-04-15,7.8546462059021,12.850000381469727,12.850000381469727,12.649999618530273,12.75,33058000
2016-04-18,7.885207653045654,12.899999618530273,13.100000381469727,12.850000381469727,12.899999618530273,46364000
2016-04-19,7.732395172119141,12.649999618530273,13.0,12.649999618530273,13.0,24794000
2016-04-20,7.701831340789795,12.600000381469727,12.800000190734863,12.600000381469727,12.699999809265137,30715000
2016-04-21,7.671268939971924,12.550000190734863,12.699999809265137,12.5,12.600000381469727,21687000
2016-04-22,7.76295804977417,12.699999809265137,12.75,12.449999809265137,12.5,26250000
2016-04-25,7.76295804977417,12.699999809265137,12.75,12.600000381469727,12.699999809265137,10856000
2016-04-26,7.76295804977417,12.699999809265137,12.75,12.550000190734863,12.600000381469727,27727000
2016-04-27,7.671268939971924,12.550000190734863,12.649999618530273,12.5,12.600000381469727,29982000
2016-04-28,7.33507776260376,12.0,12.449999809265137,11.850000381469727,12.449999809265137,101526000
2016-04-29,7.33507776260376,12.0,12.0,11.850000381469727,11.899999618530273,31584000
2016-05-03,7.121138095855713,11.649999618530273,11.949999809265137,11.600000381469727,11.899999618530273,39030000
2016-05-04,6.998886585235596,11.449999809265137,11.600000381469727,11.350000381469727,11.550000190734863,60831000
2016-05-05,6.907197952270508,11.300000190734863,11.449999809265137,11.25,11.399999618530273,48193000
2016-05-06,6.907197952270508,11.300000190734863,11.350000381469727,11.199999809265137,11.300000190734863,41325000
2016-05-09,6.87663459777832,11.25,11.350000381469727,11.149999618530273,11.300000190734863,21220000
2016-05-10,6.87663459777832,11.25,11.350000381469727,11.149999618530273,11.199999809265137,23368000
2016-05-11,6.87663459777832,11.25,11.449999809265137,11.25,11.350000381469727,38288000
2016-05-12,6.968323707580566,11.399999618530273,11.600000381469727,11.399999618530273,11.5,38573000
2016-05-13,6.907197952270508,11.300000190734863,11.350000381469727,11.199999809265137,11.350000381469727,37411000
2016-05-16,6.998886585235596,11.449999809265137,11.449999809265137,11.199999809265137,11.199999809265137,25405000
2016-05-17,7.0600128173828125,11.550000190734863,11.550000190734863,11.350000381469727,11.399999618530273,36715000
2016-05-18,7.0600128173828125,11.550000190734863,11.550000190734863,11.350000381469727,11.399999618530273,27982000
2016-05-19,7.029449462890625,11.5,11.5,11.350000381469727,11.449999809265137,33054000
2016-05-20,7.0600128173828125,11.550000190734863,11.550000190734863,11.399999618530273,11.399999618530273,27686000
2016-05-23,7.212826728820801,11.800000190734863,11.800000190734863,11.399999618530273,11.449999809265137,37572000
2016-05-24,7.212826728820801,11.800000190734863,11.800000190734863,11.649999618530273,11.699999809265137,23886000
2016-05-25,7.33507776260376,12.0,12.149999618530273,11.800000190734863,11.899999618530273,55011000
2016-05-26,7.396203994750977,12.100000381469727,12.100000381469727,11.899999618530273,12.0,30425000
2016-05-27,7.426765441894531,12.149999618530273,12.149999618530273,12.050000190734863,12.149999618530273,21329000
2016-05-30,7.457329750061035,12.199999809265137,12.199999809265137,12.050000190734863,12.100000381469727,23921000
2016-05-31,7.457329750061035,12.199999809265137,12.199999809265137,12.100000381469727,12.149999618530273,40545000
2016-06-01,7.4878926277160645,12.25,12.25,12.100000381469727,12.100000381469727,28374000
2016-06-02,7.4878926277160645,12.25,12.399999618530273,12.149999618530273,12.199999809265137,29235000
2016-06-03,7.579579830169678,12.399999618530273,12.399999618530273,12.149999618530273,12.25,23267000
2016-06-06,7.579579830169678,12.399999618530273,12.399999618530273,12.300000190734863,12.350000381469727,19992000
2016-06-07,7.610143184661865,12.449999809265137,12.449999809265137,12.300000190734863,12.350000381469727,27982000
2016-06-08,7.579579830169678,12.399999618530273,12.5,12.300000190734863,12.449999809265137,42208000
2016-06-13,7.457329750061035,12.199999809265137,12.350000381469727,12.0,12.350000381469727,46745000
2016-06-14,7.396203994750977,12.100000381469727,12.199999809265137,12.0,12.149999618530273,25902000
2016-06-15,7.4878926277160645,12.25,12.25,12.050000190734863,12.100000381469727,19722000
2016-06-16,7.33507776260376,12.0,12.25,11.899999618530273,12.25,27503000
2016-06-17,7.426765441894531,12.149999618530273,12.149999618530273,12.0,12.0,35581000
2016-06-20,7.610143184661865,12.449999809265137,12.449999809265137,12.100000381469727,12.149999618530273,31690000
2016-06-21,7.4878926277160645,12.25,12.5,12.25,12.449999809265137,29024000
2016-06-22,7.610143184661865,12.449999809265137,12.5,12.25,12.300000190734863,27814000
2016-06-23,7.671268939971924,12.550000190734863,12.600000381469727,12.350000381469727,12.399999618530273,38133000
2016-06-24,7.33507776260376,12.0,12.550000190734863,11.949999809265137,12.550000190734863,69650000
2016-06-27,7.610143184661865,12.449999809265137,12.5,12.0,12.050000190734863,40105000
2016-06-28,7.5184550285339355,12.300000190734863,12.399999618530273,12.25,12.399999618530273,3033000
2016-06-29,7.671268939971924,12.550000190734863,12.550000190734863,12.350000381469727,12.399999618530273,24489000
2016-06-30,7.701831340789795,12.600000381469727,12.600000381469727,12.449999809265137,12.600000381469727,16588000
2016-07-01,7.671268939971924,12.550000190734863,12.699999809265137,12.550000190734863,12.649999618530273,20848000
2016-07-04,7.732395172119141,12.649999618530273,12.699999809265137,12.550000190734863,12.550000190734863,18364000
2016-07-05,7.701831340789795,12.600000381469727,12.699999809265137,12.550000190734863,12.649999618530273,11084000
2016-07-06,7.549017906188965,12.350000381469727,12.550000190734863,12.350000381469727,12.550000190734863,29198000
2016-07-07,7.579579830169678,12.399999618530273,12.550000190734863,12.399999618530273,12.399999618530273,50482000
2016-07-08,7.579579830169678,12.399999618530273,12.399999618530273,12.399999618530273,12.399999618530273,0
2016-07-11,7.915771484375,12.949999809265137,12.949999809265137,12.949999809265137,12.949999809265137,417000
2016-07-12,7.957327842712402,12.449999809265137,12.5,12.300000190734863,12.5,93051000
2016-07-13,7.989284038543701,12.5,12.600000381469727,12.350000381469727,12.550000190734863,45032000
2016-07-14,7.989284038543701,12.5,12.5,12.399999618530273,12.5,18954000
2016-07-15,7.89341402053833,12.350000381469727,12.550000190734863,12.350000381469727,12.5,28657000
2016-07-18,7.989284038543701,12.5,12.5,12.399999618530273,12.449999809265137,22966000
2016-07-19,7.957327842712402,12.449999809265137,12.5,12.350000381469727,12.449999809265137,32487000
2016-07-20,7.89341402053833,12.350000381469727,12.449999809265137,12.25,12.399999618530273,29622000
2016-07-21,7.989284038543701,12.5,12.5,12.350000381469727,12.399999618530273,29379000
2016-07-22,7.861456871032715,12.300000190734863,12.5,12.300000190734863,12.399999618530273,25491000
2016-07-25,7.861456871032715,12.300000190734863,12.449999809265137,12.199999809265137,12.350000381469727,21296000
2016-07-26,7.925370216369629,12.399999618530273,12.399999618530273,12.300000190734863,12.350000381469727,24272000
2016-07-27,8.021242141723633,12.550000190734863,12.600000381469727,12.449999809265137,12.5,54715000
2016-07-28,7.733628273010254,12.100000381469727,12.149999618530273,11.899999618530273,12.050000190734863,130598000
2016-07-29,7.605798244476318,11.899999618530273,12.050000190734863,11.899999618530273,12.0,45552000
2016-08-01,7.605798244476318,11.899999618530273,12.0,11.899999618530273,11.899999618530273,25780000
2016-08-02,7.63775634765625,11.949999809265137,12.050000190734863,11.949999809265137,11.949999809265137,18134000
2016-08-03,7.541885852813721,11.800000190734863,11.899999618530273,11.800000190734863,11.850000381469727,30901000
2016-08-04,7.605798244476318,11.899999618530273,11.899999618530273,11.800000190734863,11.850000381469727,12696000
2016-08-05,7.605798244476318,11.899999618530273,12.0,11.850000381469727,11.899999618530273,19705000
2016-08-08,7.605798244476318,11.899999618530273,12.0,11.800000190734863,12.0,23045000
2016-08-09,7.63775634765625,11.949999809265137,11.949999809265137,11.800000190734863,11.850000381469727,23541000
2016-08-10,7.605798244476318,11.899999618530273,11.949999809265137,11.800000190734863,11.899999618530273,16638000
2016-08-11,7.63775634765625,11.949999809265137,11.949999809265137,11.800000190734863,11.850000381469727,18693000
2016-08-12,7.669714450836182,12.0,12.0,11.899999618530273,11.949999809265137,11536000
2016-08-15,7.5738420486450195,11.850000381469727,12.0,11.800000190734863,11.949999809265137,16126000
2016-08-16,7.509928226470947,11.75,11.899999618530273,11.699999809265137,11.850000381469727,35644000
2016-08-17,7.509928226470947,11.75,11.800000190734863,11.600000381469727,11.75,21011000
2016-08-18,7.446014404296875,11.649999618530273,11.75,11.649999618530273,11.699999809265137,14269000
2016-08-19,7.382099628448486,11.550000190734863,11.699999809265137,11.550000190734863,11.649999618530273,23630000
2016-08-22,7.286228179931641,11.399999618530273,11.600000381469727,11.399999618530273,11.550000190734863,25387000
2016-08-23,7.318184852600098,11.449999809265137,11.5,11.399999618530273,11.399999618530273,21199000
2016-08-24,7.350142478942871,11.5,11.550000190734863,11.449999809265137,11.5,15699000
2016-08-25,7.541885852813721,11.800000190734863,11.850000381469727,11.449999809265137,11.5,53485000
2016-08-26,7.509928226470947,11.75,11.850000381469727,11.699999809265137,11.850000381469727,20657000
2016-08-29,7.382099628448486,11.550000190734863,11.800000190734863,11.550000190734863,11.800000190734863,28183000
2016-08-30,7.41405725479126,11.600000381469727,11.699999809265137,11.5,11.649999618530273,21141000
2016-08-31,7.382099628448486,11.550000190734863,11.649999618530273,11.5,11.649999618530273,32614000
2016-09-01,7.318184852600098,11.449999809265137,11.550000190734863,11.449999809265137,11.5,26073000
2016-09-02,7.41405725479126,11.600000381469727,11.600000381469727,11.5,11.600000381469727,19314000
2016-09-05,7.477970123291016,11.699999809265137,11.699999809265137,11.600000381469727,11.649999618530273,11923000
2016-09-06,7.509928226470947,11.75,11.75,11.649999618530273,11.649999618530273,17055000
2016-09-07,7.5738420486450195,11.850000381469727,11.899999618530273,11.699999809265137,11.75,30074000
2016-09-08,7.509928226470947,11.75,11.800000190734863,11.699999809265137,11.75,15856000
2016-09-09,7.446014404296875,11.649999618530273,11.699999809265137,11.600000381469727,11.600000381469727,13657000
2016-09-12,7.41405725479126,11.600000381469727,11.600000381469727,11.449999809265137,11.5,26720000
2016-09-13,7.382099628448486,11.550000190734863,11.600000381469727,11.449999809265137,11.550000190734863,24462000
2016-09-14,7.286228179931641,11.399999618530273,11.550000190734863,11.399999618530273,11.449999809265137,24431000
2016-09-19,7.41405725479126,11.600000381469727,11.699999809265137,11.449999809265137,11.449999809265137,38446000
2016-09-20,7.382099628448486,11.550000190734863,11.600000381469727,11.5,11.550000190734863,23331000
2016-09-21,7.541885852813721,11.800000190734863,11.800000190734863,11.550000190734863,11.600000381469727,38210000
2016-09-22,7.509928226470947,11.75,11.850000381469727,11.649999618530273,11.850000381469727,26292000
2016-09-23,7.477970123291016,11.699999809265137,11.75,11.649999618530273,11.75,17817000
2016-09-26,7.41405725479126,11.600000381469727,11.75,11.550000190734863,11.699999809265137,13583000
2016-09-27,7.41405725479126,11.600000381469727,11.600000381469727,11.600000381469727,11.600000381469727,0
2016-09-28,7.41405725479126,11.600000381469727,11.600000381469727,11.600000381469727,11.600000381469727,0
2016-09-29,7.477970123291016,11.699999809265137,11.75,11.600000381469727,11.600000381469727,29389000
2016-09-30,7.382099628448486,11.550000190734863,11.649999618530273,11.5,11.649999618530273,26496000
2016-10-03,7.41405725479126,11.600000381469727,11.649999618530273,11.550000190734863,11.550000190734863,9910000
2016-10-04,7.41405725479126,11.600000381469727,11.600000381469727,11.550000190734863,11.600000381469727,13757000
2016-10-05,7.41405725479126,11.600000381469727,11.600000381469727,11.5,11.5,14213000
2016-10-06,7.41405725479126,11.600000381469727,11.600000381469727,11.550000190734863,11.550000190734863,12181000
2016-10-07,7.350142478942871,11.5,11.600000381469727,11.5,11.600000381469727,9478000
2016-10-11,7.446014404296875,11.649999618530273,11.699999809265137,11.5,11.600000381469727,37549000
2016-10-12,7.382099628448486,11.550000190734863,11.649999618530273,11.5,11.600000381469727,23404000
2016-10-13,7.350142478942871,11.5,11.600000381469727,11.449999809265137,11.600000381469727,29294000
2016-10-14,7.446014404296875,11.649999618530273,11.699999809265137,11.449999809265137,11.5,29093000
2016-10-17,7.382099628448486,11.550000190734863,11.649999618530273,11.5,11.649999618530273,12913000
2016-10-18,7.446014404296875,11.649999618530273,11.649999618530273,11.550000190734863,11.550000190734863,14454000
2016-10-19,7.477970123291016,11.699999809265137,11.699999809265137,11.600000381469727,11.649999618530273,18053000
2016-10-20,7.446014404296875,11.649999618530273,11.699999809265137,11.600000381469727,11.699999809265137,11800000
2016-10-21,7.477970123291016,11.699999809265137,11.699999809265137,11.600000381469727,11.600000381469727,14370000
2016-10-24,7.446014404296875,11.649999618530273,11.75,11.600000381469727,11.75,12076000
2016-10-25,7.477970123291016,11.699999809265137,11.75,11.649999618530273,11.699999809265137,17773000
2016-10-26,7.382099628448486,11.550000190734863,11.699999809265137,11.5,11.649999618530273,25153000
2016-10-27,7.350142478942871,11.5,11.649999618530273,11.5,11.600000381469727,25798000
2016-10-28,7.477970123291016,11.699999809265137,11.699999809265137,11.5,11.550000190734863,29704000
2016-10-31,7.509928226470947,11.75,11.800000190734863,11.600000381469727,11.699999809265137,29451000
2016-11-01,7.509928226470947,11.75,11.800000190734863,11.649999618530273,11.699999809265137,14250000
2016-11-02,7.477970123291016,11.699999809265137,11.75,11.600000381469727,11.75,14508000
2016-11-03,7.41405725479126,11.600000381469727,11.75,11.600000381469727,11.699999809265137,12005000
2016-11-04,7.41405725479126,11.600000381469727,11.649999618530273,11.550000190734863,11.600000381469727,9163000
2016-11-07,7.446014404296875,11.649999618530273,11.699999809265137,11.600000381469727,11.649999618530273,10880000
2016-11-08,7.477970123291016,11.699999809265137,11.699999809265137,11.600000381469727,11.649999618530273,11647000
2016-11-09,7.350142478942871,11.5,11.75,11.449999809265137,11.75,34073000
2016-11-10,7.41405725479126,11.600000381469727,11.649999618530273,11.550000190734863,11.600000381469727,22419000
2016-11-11,7.254271507263184,11.350000381469727,11.550000190734863,11.300000190734863,11.5,49233000
2016-11-14,7.222313404083252,11.300000190734863,11.5,11.25,11.399999618530273,26701000
2016-11-15,7.222313404083252,11.300000190734863,11.399999618530273,11.300000190734863,11.300000190734863,16921000
2016-11-16,7.222313404083252,11.300000190734863,11.399999618530273,11.300000190734863,11.350000381469727,19891000
2016-11-17,7.254271507263184,11.350000381469727,11.449999809265137,11.300000190734863,11.350000381469727,18696000
2016-11-18,7.222313404083252,11.300000190734863,11.399999618530273,11.300000190734863,11.350000381469727,22067000
2016-11-21,7.286228179931641,11.399999618530273,11.550000190734863,11.399999618530273,11.399999618530273,19315000
2016-11-22,7.286228179931641,11.399999618530273,11.449999809265137,11.350000381469727,11.399999618530273,18305000
2016-11-23,7.318184852600098,11.449999809265137,11.449999809265137,11.350000381469727,11.399999618530273,7911000
2016-11-24,7.254271507263184,11.350000381469727,11.449999809265137,11.350000381469727,11.449999809265137,8436000
2016-11-25,7.254271507263184,11.350000381469727,11.399999618530273,11.350000381469727,11.350000381469727,6376000
2016-11-28,7.254271507263184,11.350000381469727,11.399999618530273,11.350000381469727,11.350000381469727,12387000
2016-11-29,7.254271507263184,11.350000381469727,11.399999618530273,11.300000190734863,11.350000381469727,15701000
2016-11-30,7.1903557777404785,11.25,11.399999618530273,11.25,11.399999618530273,50440000
2016-12-01,7.254271507263184,11.350000381469727,11.350000381469727,11.25,11.25,19269000
2016-12-02,7.222313404083252,11.300000190734863,11.350000381469727,11.25,11.350000381469727,17425000
2016-12-05,7.15839958190918,11.199999809265137,11.300000190734863,11.199999809265137,11.300000190734863,17335000
2016-12-06,7.286228179931641,11.399999618530273,11.399999618530273,11.25,11.300000190734863,18320000
2016-12-07,7.254271507263184,11.350000381469727,11.399999618530273,11.350000381469727,11.399999618530273,10902000
2016-12-08,7.286228179931641,11.399999618530273,11.449999809265137,11.300000190734863,11.399999618530273,24986000
2016-12-09,7.254271507263184,11.350000381469727,11.399999618530273,11.300000190734863,11.399999618530273,16771000
2016-12-12,7.222313404083252,11.300000190734863,11.399999618530273,11.300000190734863,11.350000381469727,11281000
2016-12-13,7.222313404083252,11.300000190734863,11.350000381469727,11.25,11.300000190734863,27707000
2016-12-14,7.15839958190918,11.199999809265137,11.350000381469727,11.199999809265137,11.300000190734863,26718000
2016-12-15,7.222313404083252,11.300000190734863,11.350000381469727,11.25,11.25,17343000
2016-12-16,7.222313404083252,11.300000190734863,11.399999618530273,11.300000190734863,11.350000381469727,16297000
2016-12-19,7.222313404083252,11.300000190734863,11.350000381469727,11.300000190734863,11.350000381469727,9107000
2016-12-20,7.222313404083252,11.300000190734863,11.350000381469727,11.25,11.300000190734863,17801000
2016-12-21,7.222313404083252,11.300000190734863,11.350000381469727,11.300000190734863,11.300000190734863,16194000
2016-12-22,7.222313404083252,11.300000190734863,11.350000381469727,11.300000190734863,11.300000190734863,14044000
2016-12-23,7.222313404083252,11.300000190734863,11.399999618530273,11.300000190734863,11.350000381469727,18958000
2016-12-26,7.222313404083252,11.300000190734863,11.350000381469727,11.300000190734863,11.300000190734863,6956000
2016-12-27,7.222313404083252,11.300000190734863,11.350000381469727,11.300000190734863,11.350000381469727,6254000
2016-12-28,7.254271507263184,11.350000381469727,11.399999618530273,11.300000190734863,11.350000381469727,10019000
2016-12-29,7.222313404083252,11.300000190734863,11.399999618530273,11.300000190734863,11.300000190734863,13291000
2016-12-30,7.286228179931641,11.399999618530273,11.399999618530273,11.300000190734863,11.300000190734863,13553000
2017-01-03,7.286228179931641,11.399999618530273,11.399999618530273,11.300000190734863,11.399999618530273,10152000
2017-01-04,7.254271507263184,11.350000381469727,11.399999618530273,11.350000381469727,11.399999618530273,11090000
2017-01-05,7.286228179931641,11.399999618530273,11.449999809265137,11.300000190734863,11.350000381469727,20809000
2017-01-06,7.41405725479126,11.600000381469727,11.649999618530273,11.399999618530273,11.399999618530273,37909000
2017-01-09,7.41405725479126,11.600000381469727,11.75,11.550000190734863,11.600000381469727,30019000
2017-01-10,7.446014404296875,11.649999618530273,11.649999618530273,11.550000190734863,11.600000381469727,19413000
2017-01-11,7.446014404296875,11.649999618530273,11.699999809265137,11.600000381469727,11.649999618530273,13465000
2017-01-12,7.541885852813721,11.800000190734863,11.800000190734863,11.649999618530273,11.699999809265137,27658000
2017-01-13,7.541885852813721,11.800000190734863,11.800000190734863,11.649999618530273,11.75,22192000
2017-01-16,7.446014404296875,11.649999618530273,11.75,11.649999618530273,11.699999809265137,9060000
2017-01-17,7.446014404296875,11.649999618530273,11.75,11.600000381469727,11.600000381469727,9406000
2017-01-18,7.446014404296875,11.649999618530273,11.699999809265137,11.600000381469727,11.649999618530273,15815000
2017-01-19,7.41405725479126,11.600000381469727,11.699999809265137,11.600000381469727,11.649999618530273,14979000
2017-01-20,7.41405725479126,11.600000381469727,11.699999809265137,11.550000190734863,11.600000381469727,13863000
2017-01-23,7.382099628448486,11.550000190734863,11.649999618530273,11.550000190734863,11.600000381469727,23659000
2017-01-24,7.254271507263184,11.350000381469727,11.5,11.350000381469727,11.449999809265137,45605000
2017-02-02,7.222313404083252,11.300000190734863,11.550000190734863,11.300000190734863,11.5,50854000
2017-02-03,7.286228179931641,11.399999618530273,11.399999618530273,11.300000190734863,11.350000381469727,31696000
2017-02-06,7.318184852600098,11.449999809265137,11.5,11.350000381469727,11.399999618530273,30099000
2017-02-07,7.350142478942871,11.5,11.550000190734863,11.399999618530273,11.399999618530273,26408000
2017-02-08,7.318184852600098,11.449999809265137,11.550000190734863,11.399999618530273,11.5,27188000
2017-02-09,7.350142478942871,11.5,11.550000190734863,11.449999809265137,11.5,22505000
2017-02-10,7.41405725479126,11.600000381469727,11.600000381469727,11.5,11.550000190734863,31474000
2017-02-13,7.477970123291016,11.699999809265137,11.699999809265137,11.550000190734863,11.600000381469727,22463000
2017-02-14,7.477970123291016,11.699999809265137,11.75,11.649999618530273,11.699999809265137,20623000
2017-02-15,7.509928226470947,11.75,11.75,11.600000381469727,11.699999809265137,29795000
2017-02-16,7.541885852813721,11.800000190734863,11.899999618530273,11.699999809265137,11.800000190734863,43898000
2017-02-17,7.509928226470947,11.75,11.800000190734863,11.699999809265137,11.800000190734863,14953000
2017-02-20,7.509928226470947,11.75,11.800000190734863,11.699999809265137,11.75,11621000
2017-02-21,7.509928226470947,11.75,11.75,11.699999809265137,11.75,9482000
2017-02-22,7.382099628448486,11.550000190734863,11.800000190734863,11.550000190734863,11.75,31979000
2017-02-23,7.509928226470947,11.75,11.800000190734863,11.649999618530273,11.649999618530273,22201000
2017-02-24,8.14907169342041,12.75,12.850000381469727,11.800000190734863,11.850000381469727,317890000
2017-03-01,7.925370216369629,12.399999618530273,12.850000381469727,12.399999618530273,12.75,154554000
2017-03-02,7.861456871032715,12.300000190734863,12.649999618530273,12.25,12.600000381469727,67059000
2017-03-03,7.765584468841553,12.149999618530273,12.399999618530273,12.149999618530273,12.300000190734863,51258000
2017-03-06,7.733628273010254,12.100000381469727,12.199999809265137,12.100000381469727,12.149999618530273,32689000
2017-03-07,7.957327842712402,12.449999809265137,12.649999618530273,12.149999618530273,12.149999618530273,87762000
2017-03-08,7.829500675201416,12.25,12.449999809265137,12.25,12.399999618530273,31632000
2017-03-09,7.733628273010254,12.100000381469727,12.300000190734863,12.100000381469727,12.25,44646000
2017-03-10,7.733628273010254,12.100000381469727,12.199999809265137,12.050000190734863,12.149999618530273,24238000
2017-03-13,7.797542572021484,12.199999809265137,12.25,12.100000381469727,12.199999809265137,12180000
2017-03-14,7.797542572021484,12.199999809265137,12.25,12.100000381469727,12.199999809265137,19665000
2017-03-15,7.829500675201416,12.25,12.300000190734863,12.149999618530273,12.199999809265137,21679000
2017-03-16,7.925370216369629,12.399999618530273,12.449999809265137,12.300000190734863,12.350000381469727,46106000
2017-03-17,7.925370216369629,12.399999618530273,12.449999809265137,12.300000190734863,12.399999618530273,24859000
2017-03-20,7.861456871032715,12.300000190734863,12.350000381469727,12.25,12.350000381469727,17455000
2017-03-21,7.861456871032715,12.300000190734863,12.350000381469727,12.25,12.350000381469727,23587000
2017-03-22,7.797542572021484,12.199999809265137,12.25,12.149999618530273,12.199999809265137,31001000
2017-03-23,7.925370216369629,12.399999618530273,12.449999809265137,12.199999809265137,12.199999809265137,44665000
2017-03-24,7.829500675201416,12.25,12.449999809265137,12.25,12.399999618530273,26218000
2017-03-27,7.829500675201416,12.25,12.399999618530273,12.199999809265137,12.25,24490000
2017-03-28,7.733628273010254,12.100000381469727,12.300000190734863,12.050000190734863,12.25,49208000
2017-03-29,7.733628273010254,12.100000381469727,12.199999809265137,12.050000190734863,12.149999618530273,25829000
2017-03-30,7.797542572021484,12.199999809265137,12.300000190734863,12.100000381469727,12.149999618530273,21375000
2017-03-31,7.797542572021484,12.199999809265137,12.199999809265137,12.100000381469727,12.149999618530273,31785000
2017-04-05,7.829500675201416,12.25,12.300000190734863,12.149999618530273,12.199999809265137,39581000
2017-04-06,7.797542572021484,12.199999809265137,12.25,12.100000381469727,12.199999809265137,15682000
2017-04-07,7.765584468841553,12.149999618530273,12.199999809265137,12.050000190734863,12.149999618530273,22683000
2017-04-10,7.765584468841553,12.149999618530273,12.25,12.100000381469727,12.149999618530273,17357000
2017-04-11,7.765584468841553,12.149999618530273,12.199999809265137,12.100000381469727,12.100000381469727,16342000
2017-04-12,7.669714450836182,12.0,12.149999618530273,12.0,12.100000381469727,27827000
2017-04-13,7.733628273010254,12.100000381469727,12.149999618530273,12.0,12.050000190734863,22528000
2017-04-14,7.669714450836182,12.0,12.100000381469727,12.0,12.100000381469727,19444000
2017-04-17,7.7016706466674805,12.050000190734863,12.050000190734863,11.949999809265137,12.0,16921000
2017-04-18,7.733628273010254,12.100000381469727,12.300000190734863,12.0,12.050000190734863,38341000
2017-04-19,7.63775634765625,11.949999809265137,12.100000381469727,11.899999618530273,12.050000190734863,29668000
2017-04-20,7.5738420486450195,11.850000381469727,11.949999809265137,11.850000381469727,11.899999618530273,23771000
2017-04-21,7.605798244476318,11.899999618530273,11.949999809265137,11.850000381469727,11.899999618530273,23867000
2017-04-24,7.605798244476318,11.899999618530273,11.949999809265137,11.850000381469727,11.899999618530273,18802000
2017-04-25,7.669714450836182,12.0,12.050000190734863,11.850000381469727,11.899999618530273,24341000
2017-04-26,7.733628273010254,12.100000381469727,12.100000381469727,11.949999809265137,12.0,23498000
2017-04-27,7.733628273010254,12.100000381469727,12.149999618530273,12.0,12.050000190734863,29960000
2017-04-28,7.7016706466674805,12.050000190734863,12.100000381469727,12.0,12.100000381469727,29028000
2017-05-02,7.7016706466674805,12.050000190734863,12.149999618530273,12.050000190734863,12.100000381469727,22665000
2017-05-03,7.7016706466674805,12.050000190734863,12.199999809265137,12.0,12.050000190734863,33825000
2017-05-04,7.797542572021484,12.199999809265137,12.199999809265137,12.050000190734863,12.149999618530273,18595000
2017-05-05,7.733628273010254,12.100000381469727,12.25,12.100000381469727,12.25,20442000
2017-05-08,7.797542572021484,12.199999809265137,12.25,12.149999618530273,12.199999809265137,23682000
2017-05-09,7.733628273010254,12.100000381469727,12.300000190734863,12.100000381469727,12.25,18904000
2017-05-10,7.829500675201416,12.25,12.300000190734863,12.149999618530273,12.199999809265137,35614000
2017-05-11,7.797542572021484,12.199999809265137,12.300000190734863,12.199999809265137,12.300000190734863,22755000
2017-05-12,7.861456871032715,12.300000190734863,12.300000190734863,12.199999809265137,12.25,23849000
2017-05-15,7.829500675201416,12.25,12.300000190734863,12.199999809265137,12.300000190734863,14137000
2017-05-16,7.765584468841553,12.149999618530273,12.25,12.149999618530273,12.25,17074000
2017-05-17,7.797542572021484,12.199999809265137,12.25,12.100000381469727,12.199999809265137,25401000
2017-05-18,7.829500675201416,12.25,12.25,12.050000190734863,12.100000381469727,16586000
2017-05-19,7.797542572021484,12.199999809265137,12.300000190734863,12.149999618530273,12.25,18647000
2017-05-22,7.829500675201416,12.25,12.300000190734863,12.199999809265137,12.25,12821000
2017-05-23,7.89341402053833,12.350000381469727,12.350000381469727,12.25,12.25,30357000
2017-05-24,7.89341402053833,12.350000381469727,12.449999809265137,12.300000190734863,12.350000381469727,23862000
2017-05-25,7.925370216369629,12.399999618530273,12.449999809265137,12.350000381469727,12.350000381469727,20817000
2017-05-26,7.957327842712402,12.449999809265137,12.449999809265137,12.300000190734863,12.399999618530273,16641000
2017-05-31,7.957327842712402,12.449999809265137,12.550000190734863,12.350000381469727,12.5,31476000
2017-06-01,7.925370216369629,12.399999618530273,12.5,12.399999618530273,12.449999809265137,16660000
2017-06-02,7.925370216369629,12.399999618530273,12.5,12.350000381469727,12.449999809265137,15826000
2017-06-05,7.957327842712402,12.449999809265137,12.449999809265137,12.300000190734863,12.350000381469727,19736000
2017-06-06,7.957327842712402,12.449999809265137,12.449999809265137,12.350000381469727,12.449999809265137,11556000
2017-06-07,7.957327842712402,12.449999809265137,12.5,12.399999618530273,12.449999809265137,17570000
2017-06-08,7.89341402053833,12.350000381469727,12.449999809265137,12.350000381469727,12.350000381469727,17613000
2017-06-09,7.829500675201416,12.25,12.449999809265137,12.25,12.350000381469727,23332000
2017-06-12,7.765584468841553,12.149999618530273,12.25,12.149999618530273,12.199999809265137,18772000
2017-06-13,7.797542572021484,12.199999809265137,12.25,12.100000381469727,12.199999809265137,18369000
2017-06-14,7.765584468841553,12.149999618530273,12.25,12.0,12.25,23063000
2017-06-15,7.797542572021484,12.199999809265137,12.199999809265137,12.100000381469727,12.100000381469727,15657000
2017-06-16,7.797542572021484,12.199999809265137,12.25,12.149999618530273,12.199999809265137,22311000
2017-06-19,7.829500675201416,12.25,12.25,12.149999618530273,12.199999809265137,17338000
2017-06-20,7.861456871032715,12.300000190734863,12.300000190734863,12.199999809265137,12.25,10427000
2017-06-21,7.925370216369629,12.399999618530273,12.550000190734863,12.199999809265137,12.25,74583000
2017-06-22,7.925370216369629,12.399999618530273,12.5,12.300000190734863,12.449999809265137,18455000
2017-06-23,8.181028366088867,12.800000190734863,12.949999809265137,12.399999618530273,12.449999809265137,176244000
2017-06-26,8.50059986114502,13.300000190734863,13.449999809265137,12.850000381469727,12.850000381469727,190773000
2017-06-27,8.4047269821167,13.149999618530273,13.600000381469727,13.149999618530273,13.399999618530273,105270000
2017-06-28,9.235613822937012,14.449999809265137,14.449999809265137,13.5,13.5,517683000
2017-06-29,9.427356719970703,14.75,15.25,14.699999809265137,15.100000381469727,439469000
2017-06-30,9.427356719970703,14.75,14.800000190734863,14.5,14.550000190734863,225793000
2017-07-03,9.203657150268555,14.399999618530273,14.850000381469727,14.350000381469727,14.800000190734863,150836000
2017-07-04,9.075828552246094,14.199999809265137,14.600000381469727,14.199999809265137,14.449999809265137,99842000
2017-07-05,9.203657150268555,14.399999618530273,14.449999809265137,14.25,14.300000190734863,116182000
2017-07-06,9.235613822937012,14.449999809265137,14.449999809265137,14.25,14.449999809265137,65954000
2017-07-07,9.171699523925781,14.350000381469727,14.449999809265137,14.300000190734863,14.399999618530273,78826000
2017-07-10,9.139741897583008,14.300000190734863,14.5,14.25,14.449999809265137,136430000
2017-07-11,9.338432312011719,14.100000381469727,14.100000381469727,13.75,13.800000190734863,96229000
2017-07-12,9.404661178588867,14.199999809265137,14.25,14.100000381469727,14.149999618530273,73061000
2017-07-13,9.83515739440918,14.850000381469727,14.899999618530273,14.25,14.350000381469727,217574000
2017-07-14,9.636467933654785,14.550000190734863,14.899999618530273,14.550000190734863,14.899999618530273,85371000
2017-07-17,9.570237159729004,14.449999809265137,14.699999809265137,14.350000381469727,14.699999809265137,46541000
2017-07-18,9.570237159729004,14.449999809265137,14.449999809265137,14.350000381469727,14.399999618530273,38991000
2017-07-19,9.802042961120605,14.800000190734863,14.949999809265137,14.5,14.550000190734863,109635000
2017-07-20,9.967617988586426,15.050000190734863,15.25,14.899999618530273,15.0,152717000
2017-07-21,9.768928527832031,14.75,15.100000381469727,14.649999618530273,15.050000190734863,64896000
2017-07-24,9.802042961120605,14.800000190734863,14.850000381469727,14.649999618530273,14.800000190734863,41179000
2017-07-25,9.868271827697754,14.899999618530273,14.949999809265137,14.75,14.899999618530273,41560000
2017-07-26,10.199423789978027,15.399999618530273,15.449999809265137,15.100000381469727,15.199999809265137,202972000
2017-07-27,9.437777519226074,14.25,14.5,14.0,14.199999809265137,299371000
2017-07-28,9.205971717834473,13.899999618530273,14.199999809265137,13.850000381469727,14.100000381469727,129090000
2017-07-31,9.205971717834473,13.899999618530273,14.050000190734863,13.800000190734863,13.899999618530273,75905000
2017-08-01,9.040396690368652,13.649999618530273,13.899999618530273,13.649999618530273,13.850000381469727,57729000
2017-08-02,9.040396690368652,13.649999618530273,13.850000381469727,13.600000381469727,13.699999809265137,55684000
2017-08-03,8.874822616577148,13.399999618530273,13.600000381469727,13.399999618530273,13.550000190734863,58718000
2017-08-04,9.172856330871582,13.850000381469727,13.850000381469727,13.399999618530273,13.399999618530273,106578000
2017-08-07,9.205971717834473,13.899999618530273,13.949999809265137,13.75,13.850000381469727,52228000
2017-08-08,9.272202491760254,14.0,14.100000381469727,13.899999618530273,14.050000190734863,50372000
2017-08-09,9.205971717834473,13.899999618530273,14.0,13.899999618530273,14.0,40249000
2017-08-10,9.272202491760254,14.0,14.199999809265137,13.899999618530273,13.949999809265137,124627000
2017-08-11,9.305318832397461,14.050000190734863,14.100000381469727,13.800000190734863,13.800000190734863,81512000
2017-08-14,9.305318832397461,14.050000190734863,14.149999618530273,13.949999809265137,14.149999618530273,45620000
2017-08-15,9.338432312011719,14.100000381469727,14.149999618530273,13.899999618530273,14.149999618530273,64068000
2017-08-16,9.305318832397461,14.050000190734863,14.149999618530273,14.0,14.0,44825000
2017-08-17,9.371546745300293,14.149999618530273,14.199999809265137,14.050000190734863,14.100000381469727,29988000
2017-08-18,9.338432312011719,14.100000381469727,14.100000381469727,14.0,14.0,22950000
2017-08-21,9.371546745300293,14.149999618530273,14.300000190734863,14.050000190734863,14.100000381469727,39046753
2017-08-22,9.470891952514648,14.300000190734863,14.300000190734863,14.149999618530273,14.300000190734863,28557494
2017-08-23,9.404661178588867,14.199999809265137,14.399999618530273,14.149999618530273,14.399999618530273,30575803
2017-08-24,9.901386260986328,14.949999809265137,15.0,14.300000190734863,14.350000381469727,149395945
2017-08-25,9.868271827697754,14.899999618530273,15.0,14.699999809265137,15.0,58223121
2017-08-28,9.868271827697754,14.899999618530273,15.149999618530273,14.899999618530273,15.0,50027240
2017-08-29,9.868271827697754,14.899999618530273,15.100000381469727,14.800000190734863,15.0,43363946
2017-08-30,9.83515739440918,14.850000381469727,15.050000190734863,14.699999809265137,15.0,37189931
2017-08-31,9.967617988586426,15.050000190734863,15.350000381469727,14.899999618530273,14.949999809265137,137654222
2017-09-01,10.629918098449707,16.049999237060547,16.5,15.149999618530273,15.300000190734863,373330587
2017-09-04,10.927953720092773,16.5,16.75,16.100000381469727,16.149999618530273,220970070
2017-09-05,10.927953720092773,16.5,16.5,16.149999618530273,16.399999618530273,105413304
2017-09-06,10.629918098449707,16.049999237060547,16.399999618530273,15.949999809265137,16.299999237060547,105799739
2017-09-07,10.795492172241211,16.299999237060547,16.799999237060547,16.049999237060547,16.049999237060547,208649181
2017-09-08,10.76237678527832,16.25,16.5,16.200000762939453,16.399999618530273,67429505
2017-09-11,10.629918098449707,16.049999237060547,16.399999618530273,16.049999237060547,16.25,39683117
2017-09-12,10.530572891235352,15.899999618530273,16.200000762939453,15.800000190734863,16.100000381469727,68864374
2017-09-13,10.398112297058105,15.699999809265137,16.100000381469727,15.699999809265137,15.949999809265137,49706351
2017-09-14,10.530572891235352,15.899999618530273,16.100000381469727,15.600000381469727,15.800000190734863,55352030
2017-09-15,10.29876708984375,15.550000190734863,15.899999618530273,15.550000190734863,15.899999618530273,66947676
2017-09-18,10.530572891235352,15.899999618530273,16.0,15.600000381469727,15.649999618530273,49076923
2017-09-19,10.596802711486816,16.0,16.200000762939453,15.850000381469727,16.049999237060547,59301078
2017-09-20,10.364996910095215,15.649999618530273,16.0,15.550000190734863,16.0,38000508
2017-09-21,10.497458457946777,15.850000381469727,15.899999618530273,15.600000381469727,15.649999618530273,44092594
2017-09-22,10.26565170288086,15.5,15.899999618530273,15.399999618530273,15.850000381469727,38645339
2017-09-25,10.066962242126465,15.199999809265137,15.649999618530273,15.149999618530273,15.550000190734863,42904781
2017-09-26,10.100077629089355,15.25,15.5,15.100000381469727,15.149999618530273,39562677
2017-09-27,10.100077629089355,15.25,15.449999809265137,15.25,15.300000190734863,30568758
2017-09-28,10.232537269592285,15.449999809265137,15.5,15.25,15.449999809265137,29390155
2017-09-29,10.033846855163574,15.149999618530273,15.449999809265137,15.100000381469727,15.449999809265137,49909398
2017-10-02,10.033846855163574,15.149999618530273,15.25,15.050000190734863,15.100000381469727,20630955
2017-10-03,10.46434211730957,15.800000190734863,16.100000381469727,15.25,15.300000190734863,121011084
2017-10-05,10.398112297058105,15.699999809265137,16.0,15.649999618530273,15.899999618530273,48563114
2017-10-06,10.29876708984375,15.550000190734863,15.800000190734863,15.5,15.699999809265137,38165950
2017-10-11,10.46434211730957,15.800000190734863,16.100000381469727,15.649999618530273,15.699999809265137,71759212
2017-10-12,10.530572891235352,15.899999618530273,16.100000381469727,15.850000381469727,15.949999809265137,43136440
2017-10-13,10.563688278198242,15.949999809265137,16.149999618530273,15.850000381469727,15.899999618530273,70840411
2017-10-16,10.563688278198242,15.949999809265137,16.049999237060547,15.899999618530273,16.0,42692972
2017-10-17,10.530572891235352,15.899999618530273,16.0,15.850000381469727,16.0,24207299
2017-10-18,10.563688278198242,15.949999809265137,16.149999618530273,15.899999618530273,16.0,33201648
2017-10-19,10.364996910095215,15.649999618530273,16.100000381469727,15.649999618530273,16.0,50698643
2017-10-20,10.29876708984375,15.550000190734863,15.649999618530273,15.399999618530273,15.600000381469727,43608989
2017-10-23,10.331881523132324,15.600000381469727,15.850000381469727,15.550000190734863,15.699999809265137,31161517
2017-10-24,10.29876708984375,15.550000190734863,15.699999809265137,15.5,15.649999618530273,18592033
2017-10-25,10.26565170288086,15.5,15.699999809265137,15.449999809265137,15.649999618530273,22519255
2017-10-26,10.29876708984375,15.550000190734863,15.600000381469727,15.050000190734863,15.300000190734863,86021724
2017-10-27,10.232537269592285,15.449999809265137,15.649999618530273,15.399999618530273,15.550000190734863,33936230
2017-10-30,10.46434211730957,15.800000190734863,15.850000381469727,15.550000190734863,15.550000190734863,49192225
2017-10-31,10.26565170288086,15.5,15.850000381469727,15.5,15.800000190734863,56534819
2017-11-01,10.26565170288086,15.5,15.699999809265137,15.5,15.649999618530273,26176532
2017-11-02,10.26565170288086,15.5,15.600000381469727,15.449999809265137,15.550000190734863,16684932
2017-11-03,10.232537269592285,15.449999809265137,15.600000381469727,15.449999809265137,15.600000381469727,21385155
2017-11-06,10.100077629089355,15.25,15.5,15.199999809265137,15.449999809265137,44785007
2017-11-07,10.199423789978027,15.399999618530273,15.399999618530273,15.25,15.300000190734863,17279082
2017-11-08,10.166308403015137,15.350000381469727,15.399999618530273,15.300000190734863,15.399999618530273,12629656
2017-11-09,10.398112297058105,15.699999809265137,15.949999809265137,15.399999618530273,15.449999809265137,92201809
2017-11-10,10.497458457946777,15.850000381469727,15.899999618530273,15.600000381469727,15.699999809265137,37515315
2017-11-13,10.364996910095215,15.649999618530273,15.800000190734863,15.600000381469727,15.800000190734863,31238911
2017-11-14,10.431228637695312,15.75,15.850000381469727,15.600000381469727,15.699999809265137,32748470
2017-11-15,10.331881523132324,15.600000381469727,15.75,15.5,15.699999809265137,32041841
2017-11-16,10.331881523132324,15.600000381469727,15.75,15.5,15.600000381469727,24885125
2017-11-17,10.364996910095215,15.649999618530273,15.800000190734863,15.600000381469727,15.699999809265137,18470595
2017-11-20,10.530572891235352,15.899999618530273,16.0,15.649999618530273,15.649999618530273,49301271
2017-11-21,10.696146965026855,16.149999618530273,16.350000381469727,15.850000381469727,15.899999618530273,88638640
2017-11-22,10.663033485412598,16.100000381469727,16.350000381469727,16.100000381469727,16.25,70047120
2017-11-23,10.563688278198242,15.949999809265137,16.149999618530273,15.899999618530273,16.100000381469727,31456593
2017-11-24,10.563688278198242,15.949999809265137,16.100000381469727,15.949999809265137,16.0,25950090
2017-11-27,10.46434211730957,15.800000190734863,16.049999237060547,15.699999809265137,16.0,29931575
2017-11-28,10.497458457946777,15.850000381469727,15.949999809265137,15.699999809265137,15.899999618530273,22794894
2017-11-29,10.398112297058105,15.699999809265137,15.949999809265137,15.600000381469727,15.899999618530273,30762394
2017-11-30,10.133193016052246,15.300000190734863,15.600000381469727,15.300000190734863,15.5,76131735
2017-12-01,10.166308403015137,15.350000381469727,15.550000190734863,15.100000381469727,15.399999618530273,37063822
2017-12-04,10.398112297058105,15.699999809265137,15.699999809265137,15.350000381469727,15.449999809265137,29442712
2017-12-05,10.29876708984375,15.550000190734863,15.649999618530273,15.449999809265137,15.649999618530273,24366444
2017-12-06,9.934502601623535,15.0,15.5,14.899999618530273,15.449999809265137,53149345
2017-12-07,9.70269775390625,14.649999618530273,15.25,14.550000190734863,15.050000190734863,57685398
2017-12-08,9.70269775390625,14.649999618530273,14.850000381469727,14.550000190734863,14.800000190734863,36748999
2017-12-11,10.033846855163574,15.149999618530273,15.149999618530273,14.800000190734863,14.850000381469727,33189554
2017-12-12,9.901386260986328,14.949999809265137,15.149999618530273,14.850000381469727,15.149999618530273,17874261
2017-12-13,9.802042961120605,14.800000190734863,14.949999809265137,14.800000190734863,14.899999618530273,11375969
2017-12-14,9.868271827697754,14.899999618530273,15.149999618530273,14.850000381469727,14.899999618530273,41188298
2017-12-15,9.70269775390625,14.649999618530273,14.899999618530273,14.649999618530273,14.850000381469727,38377016
2017-12-18,9.603351593017578,14.5,14.800000190734863,14.5,14.75,25440191
2017-12-19,9.636467933654785,14.550000190734863,14.75,14.550000190734863,14.600000381469727,21218677
2017-12-20,9.669583320617676,14.600000381469727,14.699999809265137,14.5,14.550000190734863,17598605
2017-12-21,9.570237159729004,14.449999809265137,14.699999809265137,14.399999618530273,14.600000381469727,34815083
2017-12-22,9.53712272644043,14.399999618530273,14.5,14.300000190734863,14.5,32325564
2017-12-25,9.570237159729004,14.449999809265137,14.5,14.399999618530273,14.449999809265137,8019253
2017-12-26,9.305318832397461,14.050000190734863,14.5,14.050000190734863,14.449999809265137,29369690
2017-12-27,9.404661178588867,14.199999809265137,14.25,14.100000381469727,14.100000381469727,16454806
2017-12-28,9.470891952514648,14.300000190734863,14.399999618530273,14.149999618530273,14.199999809265137,20198244
2017-12-29,9.404661178588867,14.199999809265137,14.449999809265137,14.149999618530273,14.300000190734863,33614830
2018-01-02,9.437777519226074,14.25,14.300000190734863,14.149999618530273,14.199999809265137,16608150
2018-01-03,9.53712272644043,14.399999618530273,14.600000381469727,14.350000381469727,14.399999618530273,54796186
2018-01-04,9.504008293151855,14.350000381469727,14.5,14.25,14.399999618530273,31518466
2018-01-05,9.636467933654785,14.550000190734863,14.550000190734863,14.350000381469727,14.399999618530273,39095319
2018-01-08,9.73581314086914,14.699999809265137,14.699999809265137,14.449999809265137,14.550000190734863,48290538
2018-01-09,9.768928527832031,14.75,14.75,14.550000190734863,14.649999618530273,26322671
2018-01-10,9.404661178588867,14.199999809265137,14.699999809265137,14.100000381469727,14.649999618530273,54225915
2018-01-11,9.272202491760254,14.0,14.199999809265137,13.899999618530273,14.149999618530273,50336611
2018-01-12,9.404661178588867,14.199999809265137,14.300000190734863,14.0,14.050000190734863,49913480
2018-01-15,9.470891952514648,14.300000190734863,14.350000381469727,14.199999809265137,14.25,21464684
2018-01-16,9.470891952514648,14.300000190734863,14.300000190734863,14.149999618530273,14.300000190734863,26699657
2018-01-17,9.470891952514648,14.300000190734863,14.350000381469727,14.149999618530273,14.199999809265137,26465563
2018-01-18,9.470891952514648,14.300000190734863,14.399999618530273,14.300000190734863,14.300000190734863,40184881
2018-01-19,9.404661178588867,14.199999809265137,14.350000381469727,14.050000190734863,14.350000381469727,33002588
2018-01-22,9.272202491760254,14.0,14.25,13.949999809265137,14.149999618530273,74930371
2018-01-23,9.669583320617676,14.600000381469727,14.850000381469727,14.050000190734863,14.100000381469727,149322801
2018-01-24,9.53712272644043,14.399999618530273,14.600000381469727,14.300000190734863,14.5,69620583
2018-01-25,9.603351593017578,14.5,15.100000381469727,14.5,14.600000381469727,162032761
2018-01-26,9.669583320617676,14.600000381469727,14.649999618530273,14.350000381469727,14.600000381469727,75870231
2018-01-29,9.636467933654785,14.550000190734863,14.850000381469727,14.449999809265137,14.75,60472966
2018-01-30,9.570237159729004,14.449999809265137,14.649999618530273,14.399999618530273,14.550000190734863,33310846
2018-01-31,9.437777519226074,14.25,14.399999618530273,14.199999809265137,14.399999618530273,61565233
2018-02-01,9.53712272644043,14.399999618530273,14.550000190734863,14.25,14.25,37161440
2018-02-02,9.636467933654785,14.550000190734863,14.600000381469727,14.300000190734863,14.350000381469727,54740128
2018-02-05,9.53712272644043,14.399999618530273,14.5,14.199999809265137,14.199999809265137,37115724
2018-02-06,9.23908805847168,13.949999809265137,14.199999809265137,13.75,14.100000381469727,110514393
2018-02-07,9.404661178588867,14.199999809265137,14.300000190734863,14.100000381469727,14.149999618530273,54288824
2018-02-08,9.371546745300293,14.149999618530273,14.25,14.100000381469727,14.100000381469727,36045599
2018-02-09,9.305318832397461,14.050000190734863,14.199999809265137,13.75,13.949999809265137,82496338
2018-02-12,9.172856330871582,13.850000381469727,14.149999618530273,13.850000381469727,14.050000190734863,50923978
2018-02-21,9.338432312011719,14.100000381469727,14.149999618530273,13.949999809265137,14.050000190734863,55608851
2018-02-22,9.23908805847168,13.949999809265137,14.050000190734863,13.899999618530273,14.0,24796329
2018-02-23,9.371546745300293,14.149999618530273,14.149999618530273,14.0,14.0,26398680
2018-02-26,9.338432312011719,14.100000381469727,14.25,14.100000381469727,14.199999809265137,19235326
2018-02-27,9.371546745300293,14.149999618530273,14.25,14.149999618530273,14.149999618530273,25142905
2018-03-01,9.272202491760254,14.0,14.100000381469727,13.949999809265137,14.100000381469727,31311735
2018-03-02,9.272202491760254,14.0,14.0,13.850000381469727,13.899999618530273,24219882
2018-03-05,9.205971717834473,13.899999618530273,14.050000190734863,13.850000381469727,14.0,18923532
2018-03-06,9.371546745300293,14.149999618530273,14.199999809265137,13.949999809265137,14.0,38196016
2018-03-07,9.305318832397461,14.050000190734863,14.199999809265137,14.0,14.100000381469727,23556623
2018-03-08,10.232537269592285,15.449999809265137,15.449999809265137,14.75,14.800000190734863,192783370
2018-03-09,10.000732421875,15.100000381469727,15.699999809265137,15.050000190734863,15.600000381469727,171989378
2018-03-12,10.100077629089355,15.25,15.449999809265137,15.199999809265137,15.300000190734863,53882965
2018-03-13,10.100077629089355,15.25,15.25,15.100000381469727,15.199999809265137,41466811
2018-03-14,10.000732421875,15.100000381469727,15.25,15.050000190734863,15.199999809265137,29865280
2018-03-15,10.000732421875,15.100000381469727,15.199999809265137,15.050000190734863,15.050000190734863,26807907
2018-03-16,10.066962242126465,15.199999809265137,15.199999809265137,15.0,15.050000190734863,40546513
2018-03-19,10.100077629089355,15.25,15.350000381469727,15.100000381469727,15.149999618530273,26548555
2018-03-20,10.066962242126465,15.199999809265137,15.199999809265137,15.100000381469727,15.199999809265137,22326811
2018-03-21,10.066962242126465,15.199999809265137,15.25,15.100000381469727,15.199999809265137,18505425
2018-03-22,10.100077629089355,15.25,15.350000381469727,15.149999618530273,15.300000190734863,24926924
2018-03-23,10.066962242126465,15.199999809265137,15.199999809265137,15.0,15.050000190734863,50157951
2018-03-26,10.033846855163574,15.149999618530273,15.199999809265137,15.050000190734863,15.050000190734863,27810888
2018-03-27,10.29876708984375,15.550000190734863,15.649999618530273,15.149999618530273,15.199999809265137,58111240
2018-03-28,10.199423789978027,15.399999618530273,15.5,15.300000190734863,15.350000381469727,19099923
2018-03-29,10.133193016052246,15.300000190734863,15.449999809265137,15.199999809265137,15.350000381469727,37000161
2018-03-30,10.199423789978027,15.399999618530273,15.449999809265137,15.199999809265137,15.300000190734863,29931778
2018-04-02,10.232537269592285,15.449999809265137,15.75,15.399999618530273,15.5,28643495
2018-04-03,10.199423789978027,15.399999618530273,15.449999809265137,15.300000190734863,15.350000381469727,25663884
2018-04-09,10.100077629089355,15.25,15.399999618530273,15.199999809265137,15.300000190734863,41328988
2018-04-10,10.133193016052246,15.300000190734863,15.399999618530273,15.199999809265137,15.300000190734863,43686362
2018-04-11,10.199423789978027,15.399999618530273,15.600000381469727,15.300000190734863,15.350000381469727,29420087
2018-04-12,10.232537269592285,15.449999809265137,15.5,15.350000381469727,15.399999618530273,24395100
2018-04-13,10.199423789978027,15.399999618530273,15.5,15.399999618530273,15.399999618530273,19916291
2018-04-16,10.166308403015137,15.350000381469727,15.449999809265137,15.350000381469727,15.399999618530273,16106002
2018-04-17,10.166308403015137,15.350000381469727,15.5,15.300000190734863,15.350000381469727,33941740
2018-04-18,10.331881523132324,15.600000381469727,15.600000381469727,15.350000381469727,15.449999809265137,43266308
2018-04-19,10.497458457946777,15.850000381469727,16.0,15.600000381469727,15.649999618530273,57239731
2018-04-20,10.331881523132324,15.600000381469727,15.800000190734863,15.5,15.75,34122407
2018-04-23,10.29876708984375,15.550000190734863,15.800000190734863,15.5,15.550000190734863,20121592
2018-04-24,10.166308403015137,15.350000381469727,15.649999618530273,15.199999809265137,15.550000190734863,57837166
2018-04-25,10.26565170288086,15.5,15.600000381469727,15.300000190734863,15.300000190734863,50347727
2018-04-26,10.398112297058105,15.699999809265137,15.850000381469727,15.399999618530273,15.5,79246861
2018-04-27,10.398112297058105,15.699999809265137,15.949999809265137,15.600000381469727,15.699999809265137,45414790
2018-04-30,10.596802711486816,16.0,16.100000381469727,15.699999809265137,15.699999809265137,60872336
2018-05-02,10.76237678527832,16.25,16.850000381469727,16.0,16.0,105765858
2018-05-03,10.629918098449707,16.049999237060547,16.25,15.949999809265137,16.25,53928795
2018-05-04,10.596802711486816,16.0,16.399999618530273,15.949999809265137,16.0,49075125
2018-05-07,10.364996910095215,15.649999618530273,16.149999618530273,15.649999618530273,16.100000381469727,41618961
2018-05-08,10.497458457946777,15.850000381469727,15.850000381469727,15.649999618530273,15.800000190734863,25284222
2018-05-09,10.729263305664062,16.200000762939453,16.549999237060547,15.75,15.850000381469727,48096224
2018-05-10,10.563688278198242,15.949999809265137,16.450000762939453,15.949999809265137,16.350000381469727,23378264
2018-05-11,10.696146965026855,16.149999618530273,16.200000762939453,16.0,16.100000381469727,31393160
2018-05-14,10.861722946166992,16.399999618530273,16.399999618530273,16.0,16.200000762939453,32914897
2018-05-15,10.894838333129883,16.450000762939453,16.549999237060547,16.200000762939453,16.350000381469727,42548647
2018-05-16,10.795492172241211,16.299999237060547,16.549999237060547,16.200000762939453,16.399999618530273,33701981
2018-05-17,10.629918098449707,16.049999237060547,16.5,16.049999237060547,16.350000381469727,26416612
2018-05-18,10.629918098449707,16.049999237060547,16.149999618530273,15.949999809265137,16.149999618530273,22129437
2018-05-21,10.629918098449707,16.049999237060547,16.149999618530273,16.0,16.049999237060547,10344761
2018-05-22,10.729263305664062,16.200000762939453,16.649999618530273,16.200000762939453,16.25,43275499
2018-05-23,10.729263305664062,16.200000762939453,16.399999618530273,16.100000381469727,16.350000381469727,21014513
2018-05-24,10.729263305664062,16.200000762939453,16.299999237060547,16.049999237060547,16.200000762939453,13951673
2018-05-25,10.76237678527832,16.25,16.299999237060547,16.149999618530273,16.200000762939453,25392359
2018-05-28,10.861722946166992,16.399999618530273,16.5,16.25,16.450000762939453,34010039
2018-05-29,10.894838333129883,16.450000762939453,16.600000381469727,16.350000381469727,16.5,33254072
2018-05-30,10.861722946166992,16.399999618530273,16.700000762939453,16.25,16.299999237060547,54574035
2018-05-31,11.027297973632812,16.649999618530273,16.649999618530273,16.399999618530273,16.549999237060547,97119929
2018-06-01,10.894838333129883,16.450000762939453,16.700000762939453,16.399999618530273,16.649999618530273,30379635
2018-06-04,10.927953720092773,16.5,16.549999237060547,16.399999618530273,16.5,33403733
2018-06-05,10.927953720092773,16.5,16.649999618530273,16.450000762939453,16.600000381469727,31280763
2018-06-06,10.861722946166992,16.399999618530273,16.549999237060547,16.350000381469727,16.5,41873811
2018-06-07,10.994183540344238,16.600000381469727,16.600000381469727,16.399999618530273,16.450000762939453,38502990
2018-06-08,10.861722946166992,16.399999618530273,16.600000381469727,16.350000381469727,16.549999237060547,29558632
2018-06-11,11.126642227172852,16.799999237060547,16.799999237060547,16.5,16.549999237060547,72224476
2018-06-12,11.159757614135742,16.850000381469727,17.0,16.75,16.850000381469727,76328073
2018-06-13,12.252553939819336,18.5,18.5,17.200000762939453,17.399999618530273,350536539
2018-06-14,11.987632751464844,18.100000381469727,18.549999237060547,17.899999618530273,18.350000381469727,181043205
2018-06-15,12.351899147033691,18.649999618530273,18.649999618530273,17.950000762939453,18.0,96066502
2018-06-19,12.053862571716309,18.200000762939453,18.5,18.200000762939453,18.450000762939453,91259275
2018-06-20,11.954517364501953,18.049999237060547,18.25,17.649999618530273,18.200000762939453,90050350
2018-06-21,11.689597129821777,17.649999618530273,18.0,17.649999618530273,18.0,49753035
2018-06-22,11.788942337036133,17.799999237060547,17.899999618530273,17.200000762939453,17.5,57142286
2018-06-25,11.788942337036133,17.799999237060547,17.850000381469727,17.399999618530273,17.75,31182075
2018-06-26,11.65648365020752,17.600000381469727,17.649999618530273,17.399999618530273,17.5,30096426
2018-06-27,11.65648365020752,17.600000381469727,18.0,17.5,17.700000762939453,52024313
2018-06-28,11.225987434387207,16.950000762939453,17.350000381469727,16.899999618530273,17.350000381469727,70476104
2018-06-29,11.225987434387207,16.950000762939453,16.950000762939453,16.950000762939453,16.950000762939453,0
2018-07-02,12.053862571716309,18.200000762939453,18.350000381469727,17.850000381469727,18.100000381469727,162084485
2018-07-03,11.888289451599121,17.950000762939453,18.149999618530273,17.75,18.0,98406139
2018-07-04,11.888289451599121,17.950000762939453,18.649999618530273,17.850000381469727,18.200000762939453,105768020
2018-07-05,11.888289451599121,17.950000762939453,18.0,17.549999237060547,18.0,56808340
2018-07-06,11.65648365020752,17.600000381469727,17.850000381469727,17.399999618530273,17.75,61037692
2018-07-09,11.689597129821777,17.649999618530273,17.700000762939453,17.5,17.600000381469727,62565827
2018-07-10,11.732139587402344,17.0,17.25,16.950000762939453,17.200000762939453,57819296
2018-07-11,11.663126945495605,16.899999618530273,17.0,16.700000762939453,16.950000762939453,30143840
2018-07-12,12.042698860168457,17.450000762939453,17.600000381469727,16.950000762939453,17.0,75250156
2018-07-13,12.008191108703613,17.399999618530273,17.600000381469727,17.299999237060547,17.549999237060547,20428290
2018-07-16,11.904669761657715,17.25,17.5,17.149999618530273,17.450000762939453,35435883
2018-07-17,11.904669761657715,17.25,17.350000381469727,17.049999237060547,17.200000762939453,33440075
2018-07-18,12.008191108703613,17.399999618530273,17.75,17.149999618530273,17.25,67247948
2018-07-19,12.146215438842773,17.600000381469727,17.75,17.5,17.600000381469727,59100677
2018-07-20,12.318745613098145,17.850000381469727,18.100000381469727,17.75,17.850000381469727,97511292
2018-07-23,12.59479808807373,18.25,18.649999618530273,18.049999237060547,18.399999618530273,104322118
2018-07-24,12.560291290283203,18.200000762939453,18.350000381469727,17.899999618530273,18.0,70162052
2018-07-25,12.560291290283203,18.200000762939453,18.450000762939453,17.950000762939453,18.149999618530273,84335840
2018-07-26,12.077201843261719,17.5,17.549999237060547,17.0,17.350000381469727,196330657
2018-07-27,11.939175605773926,17.299999237060547,17.549999237060547,17.25,17.450000762939453,56979863
2018-07-30,11.870166778564453,17.200000762939453,17.299999237060547,17.0,17.200000762939453,55988748
2018-07-31,12.11170768737793,17.549999237060547,17.549999237060547,17.149999618530273,17.200000762939453,108556048
2018-08-01,12.008191108703613,17.399999618530273,17.5,17.200000762939453,17.5,32256878
2018-08-02,11.939175605773926,17.299999237060547,17.5,17.200000762939453,17.5,30848738
2018-08-03,12.215228080749512,17.700000762939453,17.75,17.399999618530273,17.399999618530273,59478342
2018-08-06,12.3877592086792,17.950000762939453,18.049999237060547,17.75,17.799999237060547,62004305
2018-08-07,12.318745613098145,17.850000381469727,17.950000762939453,17.700000762939453,17.799999237060547,33961732
2018-08-08,12.3877592086792,17.950000762939453,18.0,17.75,17.950000762939453,49063549
2018-08-09,12.318745613098145,17.850000381469727,18.049999237060547,17.700000762939453,17.850000381469727,71095101
2018-08-10,12.3877592086792,17.950000762939453,18.049999237060547,17.75,17.799999237060547,51563981
2018-08-13,11.939175605773926,17.299999237060547,17.850000381469727,17.299999237060547,17.799999237060547,56243477
2018-08-14,12.008191108703613,17.399999618530273,17.450000762939453,17.25,17.299999237060547,28349756
2018-08-15,11.69763469696045,16.950000762939453,17.450000762939453,16.950000762939453,17.399999618530273,54972841
2018-08-16,11.83565902709961,17.149999618530273,17.200000762939453,16.700000762939453,16.75,35998118
2018-08-17,11.870166778564453,17.200000762939453,17.25,17.100000381469727,17.149999618530273,30651088
2018-08-20,12.11170768737793,17.549999237060547,17.649999618530273,17.200000762939453,17.25,38416849
2018-08-21,12.422266960144043,18.0,18.0,17.549999237060547,17.600000381469727,80748426
2018-08-22,12.077201843261719,17.5,17.899999618530273,17.5,17.899999618530273,36992562
2018-08-23,12.180721282958984,17.649999618530273,17.649999618530273,17.450000762939453,17.549999237060547,18832922
2018-08-24,11.939175605773926,17.299999237060547,17.649999618530273,17.200000762939453,17.549999237060547,26098754
2018-08-27,12.008191108703613,17.399999618530273,17.450000762939453,17.200000762939453,17.450000762939453,23307601
2018-08-28,12.077201843261719,17.5,17.700000762939453,17.350000381469727,17.399999618530273,24876881
2018-08-29,12.11170768737793,17.549999237060547,17.600000381469727,17.350000381469727,17.5,28640070
2018-08-30,11.97368335723877,17.350000381469727,17.549999237060547,17.350000381469727,17.5,25952572
2018-08-31,11.97368335723877,17.350000381469727,17.350000381469727,17.100000381469727,17.25,43748570
2018-09-03,11.801152229309082,17.100000381469727,17.299999237060547,17.049999237060547,17.200000762939453,25135814
2018-09-04,11.870166778564453,17.200000762939453,17.25,17.100000381469727,17.149999618530273,16189877
2018-09-05,11.732139587402344,17.0,17.149999618530273,17.0,17.100000381469727,33116439
2018-09-06,11.663126945495605,16.899999618530273,16.950000762939453,16.75,16.850000381469727,31933666
2018-09-07,11.249051094055176,16.299999237060547,16.850000381469727,16.149999618530273,16.75,50782783
2018-09-10,10.731456756591797,15.550000190734863,16.25,15.5,16.200000762939453,119068509
2018-09-11,10.800470352172852,15.649999618530273,15.699999809265137,15.350000381469727,15.5,68393936
2018-09-12,10.627938270568848,15.399999618530273,15.75,15.300000190734863,15.699999809265137,36269840
2018-09-13,10.765963554382324,15.600000381469727,15.600000381469727,15.199999809265137,15.399999618530273,35107587
2018-09-14,10.834976196289062,15.699999809265137,15.800000190734863,15.600000381469727,15.699999809265137,33309692
2018-09-17,10.765963554382324,15.600000381469727,15.699999809265137,15.550000190734863,15.699999809265137,17324379
2018-09-18,10.55892562866211,15.300000190734863,15.550000190734863,15.199999809265137,15.5,26015669
2018-09-19,10.765963554382324,15.600000381469727,15.649999618530273,15.350000381469727,15.449999809265137,31600089
2018-09-20,10.662445068359375,15.449999809265137,15.600000381469727,15.399999618530273,15.600000381469727,23341924
2018-09-21,10.938495635986328,15.850000381469727,15.850000381469727,15.449999809265137,15.550000190734863,45287222
2018-09-25,10.800470352172852,15.649999618530273,15.899999618530273,15.600000381469727,15.899999618530273,18291276
2018-09-26,10.973002433776855,15.899999618530273,15.899999618530273,15.600000381469727,15.600000381469727,26348243
2018-09-27,11.007506370544434,15.949999809265137,16.0,15.75,15.800000190734863,25682429
2018-09-28,11.145532608032227,16.149999618530273,16.149999618530273,15.850000381469727,15.899999618530273,28153094
2018-10-01,10.973002433776855,15.899999618530273,16.0,15.850000381469727,16.0,12157097
2018-10-02,10.765963554382324,15.600000381469727,15.949999809265137,15.600000381469727,15.850000381469727,15619834
2018-10-03,10.69694995880127,15.5,15.699999809265137,15.449999809265137,15.600000381469727,17982464
2018-10-04,10.42090129852295,15.100000381469727,15.449999809265137,15.050000190734863,15.399999618530273,48230973
2018-10-05,10.14484977722168,14.699999809265137,15.100000381469727,14.600000381469727,15.0,57497812
2018-10-08,10.213863372802734,14.800000190734863,14.850000381469727,14.649999618530273,14.649999618530273,21598076
2018-10-09,10.213863372802734,14.800000190734863,14.850000381469727,14.300000190734863,14.800000190734863,48875474
2018-10-11,9.48923110961914,13.75,14.25,13.649999618530273,14.0,120755857
2018-10-12,9.420217514038086,13.649999618530273,14.050000190734863,13.649999618530273,13.649999618530273,81810423
2018-10-15,9.213181495666504,13.350000381469727,13.649999618530273,13.350000381469727,13.550000190734863,45337262
2018-10-16,9.109661102294922,13.199999809265137,13.5,13.100000381469727,13.350000381469727,54706473
2018-10-17,9.385712623596191,13.600000381469727,13.600000381469727,13.350000381469727,13.449999809265137,50830558
2018-10-18,9.14416790008545,13.25,13.649999618530273,13.199999809265137,13.600000381469727,39445621
2018-10-19,9.17867374420166,13.300000190734863,13.449999809265137,13.0,13.100000381469727,88342012
2018-10-22,9.0406494140625,13.100000381469727,13.199999809265137,13.0,13.199999809265137,43472145
2018-10-23,8.799105644226074,12.75,13.050000190734863,12.699999809265137,13.050000190734863,47902377
2018-10-24,8.730093002319336,12.649999618530273,13.0,12.5,12.75,59429485
2018-10-25,8.488548278808594,12.300000190734863,12.399999618530273,11.850000381469727,11.899999618530273,75059655
2018-10-26,8.074472427368164,11.699999809265137,12.050000190734863,11.600000381469727,12.0,135893463
2018-10-29,8.005460739135742,11.600000381469727,11.800000190734863,11.5,11.5,60307053
2018-10-30,8.074472427368164,11.699999809265137,11.949999809265137,11.449999809265137,11.600000381469727,75673087
2018-10-31,8.143485069274902,11.800000190734863,11.850000381469727,11.649999618530273,11.850000381469727,89349728
2018-11-01,8.247002601623535,11.949999809265137,12.050000190734863,11.649999618530273,11.699999809265137,70480864
2018-11-02,8.212496757507324,11.899999618530273,11.899999618530273,11.600000381469727,11.800000190734863,71188356
2018-11-05,7.418852806091309,10.75,11.199999809265137,10.75,10.75,233448269
2018-11-06,7.522372245788574,10.899999618530273,11.199999809265137,10.75,11.050000190734863,209094828
2018-11-07,7.556878089904785,10.949999809265137,11.100000381469727,10.800000190734863,11.0,101535652
2018-11-08,7.487865924835205,10.850000381469727,11.0,10.649999618530273,11.0,153873512
2018-11-09,7.315334796905518,10.600000381469727,10.850000381469727,10.5,10.800000190734863,101968055
2018-11-12,7.384346961975098,10.699999809265137,10.699999809265137,10.449999809265137,10.550000190734863,93870885
2018-11-13,7.21181583404541,10.449999809265137,10.600000381469727,10.399999618530273,10.5,114461337
2018-11-14,7.453358173370361,10.800000190734863,10.850000381469727,10.449999809265137,10.5,77930233
2018-11-15,7.729409694671631,11.199999809265137,11.25,10.850000381469727,10.899999618530273,88328611
2018-11-16,7.591384410858154,11.0,11.300000190734863,10.899999618530273,11.300000190734863,82071588
2018-11-19,7.660396575927734,11.100000381469727,11.100000381469727,10.850000381469727,10.949999809265137,51496509
2018-11-20,7.591384410858154,11.0,11.100000381469727,10.899999618530273,11.0,35264856
2018-11-21,7.591384410858154,11.0,11.149999618530273,10.899999618530273,10.949999809265137,30590619
2018-11-22,7.729409694671631,11.199999809265137,11.199999809265137,11.0,11.050000190734863,39103506
2018-11-23,7.694903373718262,11.149999618530273,11.25,11.050000190734863,11.199999809265137,29554385
2018-11-26,7.936448574066162,11.5,11.550000190734863,11.199999809265137,11.199999809265137,42841802
2018-11-27,8.108978271484375,11.75,11.800000190734863,11.399999618530273,11.550000190734863,49125712
2018-11-28,8.108978271484375,11.75,11.850000381469727,11.600000381469727,11.75,54305180
2018-11-29,7.936448574066162,11.5,11.850000381469727,11.5,11.850000381469727,51275633
2018-11-30,7.970953941345215,11.550000190734863,11.699999809265137,11.399999618530273,11.550000190734863,108883538
2018-12-03,8.074472427368164,11.699999809265137,11.850000381469727,11.699999809265137,11.699999809265137,69038070
2018-12-04,8.143485069274902,11.800000190734863,11.899999618530273,11.699999809265137,11.75,57053658
2018-12-05,7.970953941345215,11.550000190734863,11.699999809265137,11.5,11.649999618530273,37858349
2018-12-06,7.798422336578369,11.300000190734863,11.550000190734863,11.199999809265137,11.550000190734863,53440490
2018-12-07,7.729409694671631,11.199999809265137,11.350000381469727,11.100000381469727,11.300000190734863,41299094
2018-12-10,7.660396575927734,11.100000381469727,11.199999809265137,11.050000190734863,11.100000381469727,28909847
2018-12-11,7.591384410858154,11.0,11.100000381469727,10.899999618530273,11.0,43083155
2018-12-12,7.798422336578369,11.300000190734863,11.399999618530273,11.0,11.100000381469727,39227753
2018-12-13,7.936448574066162,11.5,11.550000190734863,11.350000381469727,11.350000381469727,60620361
2018-12-14,7.832928657531738,11.350000381469727,11.5,11.25,11.399999618530273,43971055
2018-12-17,7.867434501647949,11.399999618530273,11.550000190734863,11.350000381469727,11.399999618530273,47467219
2018-12-18,7.729409694671631,11.199999809265137,11.350000381469727,11.199999809265137,11.300000190734863,44061825
2018-12-19,7.798422336578369,11.300000190734863,11.449999809265137,11.199999809265137,11.25,47343708
2018-12-20,7.798422336578369,11.300000190734863,11.449999809265137,11.199999809265137,11.25,40497768
2018-12-21,7.867434501647949,11.399999618530273,11.449999809265137,11.25,11.300000190734863,63555203
2018-12-24,7.729409694671631,11.199999809265137,11.350000381469727,11.149999618530273,11.300000190734863,25863419
2018-12-25,7.694903373718262,11.149999618530273,11.199999809265137,11.050000190734863,11.100000381469727,11846569
2018-12-26,7.729409694671631,11.199999809265137,11.25,11.149999618530273,11.199999809265137,12700965
2018-12-27,7.763916492462158,11.25,11.399999618530273,11.199999809265137,11.350000381469727,20757329
2018-12-28,7.763916492462158,11.25,11.300000190734863,11.199999809265137,11.25,16896997
2019-01-02,7.660396575927734,11.100000381469727,11.350000381469727,11.100000381469727,11.300000190734863,18798696
2019-01-03,7.522372245788574,10.899999618530273,11.100000381469727,10.75,11.100000381469727,49252981
2019-01-04,7.384346961975098,10.699999809265137,10.75,10.550000190734863,10.699999809265137,43041214
2019-01-07,7.591384410858154,11.0,11.050000190734863,10.800000190734863,10.899999618530273,32910190
2019-01-08,7.556878089904785,10.949999809265137,11.100000381469727,10.899999618530273,11.100000381469727,20389466
2019-01-09,7.660396575927734,11.100000381469727,11.149999618530273,11.050000190734863,11.100000381469727,36188175
2019-01-10,7.694903373718262,11.149999618530273,11.149999618530273,11.050000190734863,11.149999618530273,30341057
2019-01-11,7.729409694671631,11.199999809265137,11.199999809265137,11.100000381469727,11.149999618530273,23328976
2019-01-14,7.660396575927734,11.100000381469727,11.25,11.050000190734863,11.199999809265137,25189695
2019-01-15,7.763916492462158,11.25,11.300000190734863,11.100000381469727,11.199999809265137,34809977
2019-01-16,7.798422336578369,11.300000190734863,11.350000381469727,11.149999618530273,11.25,30906563
2019-01-17,7.763916492462158,11.25,11.399999618530273,11.199999809265137,11.350000381469727,40067607
2019-01-18,7.867434501647949,11.399999618530273,11.399999618530273,11.25,11.350000381469727,30066230
2019-01-21,8.074472427368164,11.699999809265137,11.75,11.449999809265137,11.5,60585046
2019-01-22,8.074472427368164,11.699999809265137,11.75,11.649999618530273,11.699999809265137,19850996
2019-01-23,7.970953941345215,11.550000190734863,11.649999618530273,11.550000190734863,11.649999618530273,9871702
2019-01-24,8.074472427368164,11.699999809265137,11.699999809265137,11.600000381469727,11.600000381469727,13008945
2019-01-25,8.247002601623535,11.949999809265137,11.949999809265137,11.75,11.800000190734863,43611148
2019-01-28,8.177992820739746,11.850000381469727,11.949999809265137,11.75,11.949999809265137,34489190
2019-01-29,8.281510353088379,12.0,12.0,11.699999809265137,11.800000190734863,37426129
2019-01-30,7.832928657531738,11.350000381469727,11.5,11.25,11.399999618530273,95570714
2019-02-11,7.487865924835205,10.850000381469727,11.399999618530273,10.800000190734863,11.399999618530273,82010464
2019-02-12,7.660396575927734,11.100000381469727,11.149999618530273,10.800000190734863,10.850000381469727,70690509
2019-02-13,7.660396575927734,11.100000381469727,11.199999809265137,11.0,11.199999809265137,51522805
2019-02-14,7.798422336578369,11.300000190734863,11.300000190734863,11.100000381469727,11.149999618530273,26940217
2019-02-15,7.867434501647949,11.399999618530273,11.399999618530273,11.199999809265137,11.25,33217732
2019-02-18,7.901940822601318,11.449999809265137,11.550000190734863,11.449999809265137,11.5,21590780
2019-02-19,7.901940822601318,11.449999809265137,11.5,11.399999618530273,11.449999809265137,15100991
2019-02-20,7.867434501647949,11.399999618530273,11.449999809265137,11.350000381469727,11.449999809265137,21871874
2019-02-21,7.901940822601318,11.449999809265137,11.5,11.350000381469727,11.449999809265137,33906945
2019-02-22,7.936448574066162,11.5,11.5,11.300000190734863,11.449999809265137,39409802
2019-02-25,8.039966583251953,11.649999618530273,11.699999809265137,11.5,11.550000190734863,58222707
2019-02-26,8.039966583251953,11.649999618530273,11.75,11.600000381469727,11.649999618530273,31765810
2019-02-27,7.901940822601318,11.449999809265137,11.649999618530273,11.350000381469727,11.649999618530273,65102102
2019-03-04,7.901940822601318,11.449999809265137,11.600000381469727,11.300000190734863,11.350000381469727,27904777
2019-03-05,8.005460739135742,11.600000381469727,11.600000381469727,11.399999618530273,11.399999618530273,22504875
2019-03-06,8.074472427368164,11.699999809265137,11.75,11.550000190734863,11.550000190734863,20169922
2019-03-07,8.177992820739746,11.850000381469727,12.0,11.75,11.75,58798424
2019-03-08,8.005460739135742,11.600000381469727,11.850000381469727,11.600000381469727,11.850000381469727,26782759
2019-03-11,7.901940822601318,11.449999809265137,11.600000381469727,11.399999618530273,11.550000190734863,40281218
2019-03-12,8.039966583251953,11.649999618530273,11.649999618530273,11.550000190734863,11.550000190734863,15935867
2019-03-13,7.970953941345215,11.550000190734863,11.649999618530273,11.5,11.649999618530273,14050087
2019-03-14,7.901940822601318,11.449999809265137,11.600000381469727,11.449999809265137,11.550000190734863,17760239
2019-03-15,8.039966583251953,11.649999618530273,11.649999618530273,11.449999809265137,11.449999809265137,28892091
2019-03-18,8.074472427368164,11.699999809265137,11.699999809265137,11.550000190734863,11.550000190734863,22359888
2019-03-19,8.074472427368164,11.699999809265137,11.75,11.649999618530273,11.699999809265137,25848816
2019-03-20,7.970953941345215,11.550000190734863,11.699999809265137,11.550000190734863,11.649999618530273,18746543
2019-03-21,8.005460739135742,11.600000381469727,11.699999809265137,11.550000190734863,11.600000381469727,27175505
2019-03-22,8.143485069274902,11.800000190734863,11.800000190734863,11.649999618530273,11.649999618530273,27719568
2019-03-25,8.039966583251953,11.649999618530273,11.800000190734863,11.600000381469727,11.649999618530273,37537288
2019-03-26,8.039966583251953,11.649999618530273,11.75,11.649999618530273,11.649999618530273,13701719
2019-03-27,8.039966583251953,11.649999618530273,11.699999809265137,11.600000381469727,11.649999618530273,14664465
2019-03-28,8.039966583251953,11.649999618530273,11.699999809265137,11.600000381469727,11.649999618530273,19455846
2019-03-29,8.039966583251953,11.649999618530273,11.699999809265137,11.600000381469727,11.649999618530273,21571004
2019-04-01,7.970953941345215,11.550000190734863,11.75,11.550000190734863,11.699999809265137,22798711
2019-04-02,8.005460739135742,11.600000381469727,11.699999809265137,11.550000190734863,11.649999618530273,19678479
2019-04-03,7.970953941345215,11.550000190734863,11.649999618530273,11.550000190734863,11.600000381469727,21951315
2019-04-08,8.212496757507324,11.899999618530273,12.149999618530273,11.600000381469727,11.600000381469727,105510930
2019-04-09,8.488548278808594,12.300000190734863,12.300000190734863,11.949999809265137,12.0,86939518
2019-04-10,8.454041481018066,12.25,12.350000381469727,12.100000381469727,12.300000190734863,48397306
2019-04-11,8.350523948669434,12.100000381469727,12.449999809265137,12.100000381469727,12.350000381469727,89309795
2019-04-12,8.419535636901855,12.199999809265137,12.25,12.100000381469727,12.25,17252844
2019-04-15,8.316018104553223,12.050000190734863,12.300000190734863,12.050000190734863,12.25,22168344
2019-04-16,8.350523948669434,12.100000381469727,12.25,12.0,12.100000381469727,32488007
2019-04-17,8.419535636901855,12.199999809265137,12.399999618530273,12.100000381469727,12.149999618530273,59977263
2019-04-18,8.281510353088379,12.0,12.300000190734863,11.899999618530273,12.25,44463821
2019-04-19,8.350523948669434,12.100000381469727,12.100000381469727,12.0,12.050000190734863,24015462
2019-04-22,8.212496757507324,11.899999618530273,12.149999618530273,11.899999618530273,12.149999618530273,28202641
2019-04-23,8.247002601623535,11.949999809265137,12.0,11.899999618530273,11.899999618530273,27169104
2019-04-24,8.247002601623535,11.949999809265137,12.100000381469727,11.850000381469727,12.050000190734863,39688992
2019-04-25,9.0406494140625,13.100000381469727,13.100000381469727,12.600000381469727,12.600000381469727,185934503
2019-04-26,9.282193183898926,13.449999809265137,13.449999809265137,12.949999809265137,13.100000381469727,216758817
2019-04-29,9.213181495666504,13.350000381469727,13.5,13.25,13.449999809265137,71900498
2019-04-30,9.282193183898926,13.449999809265137,13.5,13.300000190734863,13.350000381469727,63103184
2019-05-02,9.351204872131348,13.550000190734863,13.600000381469727,13.350000381469727,13.350000381469727,37508456
2019-05-03,9.558243751525879,13.850000381469727,13.899999618530273,13.550000190734863,13.550000190734863,87607849
2019-05-06,9.109661102294922,13.199999809265137,13.699999809265137,13.149999618530273,13.5,94350184
2019-05-07,9.385712623596191,13.600000381469727,13.649999618530273,13.25,13.350000381469727,53939136
2019-05-08,9.282193183898926,13.449999809265137,13.550000190734863,13.300000190734863,13.350000381469727,53979097
2019-05-09,9.075155258178711,13.149999618530273,13.449999809265137,13.0,13.399999618530273,61721274
2019-05-10,9.109661102294922,13.199999809265137,13.399999618530273,13.050000190734863,13.300000190734863,34772896
2019-05-13,8.93713092803955,12.949999809265137,13.199999809265137,12.949999809265137,13.100000381469727,34652746
2019-05-14,8.971636772155762,13.0,13.100000381469727,12.600000381469727,12.800000190734863,68436279
2019-05-15,8.90262222290039,12.899999618530273,13.149999618530273,12.899999618530273,12.949999809265137,54345421
2019-05-16,8.93713092803955,12.949999809265137,13.0,12.800000190734863,12.899999618530273,32193147
2019-05-17,8.971636772155762,13.0,13.25,12.949999809265137,13.100000381469727,52327936
2019-05-20,8.799105644226074,12.75,13.100000381469727,12.75,13.050000190734863,36419272
2019-05-21,8.93713092803955,12.949999809265137,13.050000190734863,12.649999618530273,12.699999809265137,39455900
2019-05-22,8.971636772155762,13.0,13.050000190734863,12.850000381469727,12.949999809265137,25560881
2019-05-23,8.86811637878418,12.850000381469727,13.0,12.75,12.850000381469727,46770279
2019-05-24,8.93713092803955,12.949999809265137,13.100000381469727,12.899999618530273,12.949999809265137,27753770
2019-05-27,8.833611488342285,12.800000190734863,13.050000190734863,12.800000190734863,13.0,25262205
2019-05-28,8.592066764831543,12.449999809265137,12.800000190734863,12.399999618530273,12.800000190734863,86813566
2019-05-29,8.695585250854492,12.600000381469727,12.600000381469727,12.149999618530273,12.300000190734863,32266476
2019-05-30,8.799105644226074,12.75,12.800000190734863,12.550000190734863,12.699999809265137,43693334
2019-05-31,8.90262222290039,12.899999618530273,12.949999809265137,12.649999618530273,12.649999618530273,29740913
2019-06-03,9.109661102294922,13.199999809265137,13.25,12.699999809265137,12.800000190734863,41302659
2019-06-04,8.971636772155762,13.0,13.300000190734863,12.899999618530273,13.149999618530273,41757982
2019-06-05,8.90262222290039,12.899999618530273,13.199999809265137,12.899999618530273,13.149999618530273,24276407
2019-06-06,9.006141662597656,13.050000190734863,13.100000381469727,12.850000381469727,12.899999618530273,30618239
2019-06-10,9.17867374420166,13.300000190734863,13.300000190734863,13.050000190734863,13.199999809265137,28170170
2019-06-11,9.247685432434082,13.399999618530273,13.449999809265137,13.25,13.350000381469727,30040260
2019-06-12,9.351204872131348,13.550000190734863,13.550000190734863,13.350000381469727,13.449999809265137,30229283
2019-06-13,9.48923110961914,13.75,13.949999809265137,13.399999618530273,13.5,70097271
2019-06-14,9.454724311828613,13.699999809265137,13.75,13.600000381469727,13.699999809265137,28211150
2019-06-17,9.420217514038086,13.649999618530273,13.850000381469727,13.600000381469727,13.699999809265137,30522774
2019-06-18,9.14416790008545,13.25,13.649999618530273,13.25,13.649999618530273,41290425
2019-06-19,9.420217514038086,13.649999618530273,13.649999618530273,13.350000381469727,13.449999809265137,48300373
2019-06-20,9.247685432434082,13.399999618530273,13.75,13.350000381469727,13.699999809265137,38934573
2019-06-21,9.454724311828613,13.699999809265137,13.699999809265137,13.449999809265137,13.550000190734863,48460614
2019-06-24,9.48923110961914,13.75,13.800000190734863,13.5,13.550000190734863,25972285
2019-06-25,9.454724311828613,13.699999809265137,13.850000381469727,13.649999618530273,13.75,26154417
2019-06-26,9.523736953735352,13.800000190734863,13.949999809265137,13.75,13.850000381469727,59484921
2019-06-27,9.661761283874512,14.0,14.100000381469727,13.899999618530273,13.949999809265137,62428579
2019-06-28,9.6272554397583,13.949999809265137,14.100000381469727,13.850000381469727,14.100000381469727,32353347
2019-07-01,9.903306007385254,14.350000381469727,14.449999809265137,14.050000190734863,14.050000190734863,47180565
2019-07-02,9.834293365478516,14.25,14.399999618530273,14.199999809265137,14.399999618530273,17391518
2019-07-03,9.696268081665039,14.050000190734863,14.25,14.0,14.149999618530273,22614581
2019-07-04,9.765280723571777,14.149999618530273,14.199999809265137,14.0,14.100000381469727,12644573
2019-07-05,9.730774879455566,14.100000381469727,14.199999809265137,13.899999618530273,14.050000190734863,20384750
2019-07-08,9.6272554397583,13.949999809265137,14.050000190734863,13.800000190734863,13.949999809265137,25191698
2019-07-09,9.661761283874512,14.0,14.100000381469727,13.850000381469727,13.949999809265137,24138020
2019-07-10,10.110342979431152,14.649999618530273,14.699999809265137,14.100000381469727,14.100000381469727,61150881
2019-07-11,10.317381858825684,14.949999809265137,15.0,14.600000381469727,14.699999809265137,92427391
2019-07-12,10.075837135314941,14.600000381469727,14.899999618530273,14.600000381469727,14.800000190734863,62666064
2019-07-15,10.282875061035156,14.899999618530273,14.899999618530273,14.5,14.649999618530273,62793156
2019-07-16,10.060040473937988,14.0,14.350000381469727,13.949999809265137,14.350000381469727,66174379
2019-07-17,9.88039779663086,13.75,13.949999809265137,13.75,13.899999618530273,36348632
2019-07-18,9.916325569152832,13.800000190734863,13.899999618530273,13.75,13.800000190734863,19896936
2019-07-19,9.916325569152832,13.800000190734863,14.050000190734863,13.800000190734863,13.899999618530273,27177340
2019-07-22,9.772611618041992,13.600000381469727,13.850000381469727,13.550000190734863,13.75,32142568
2019-07-23,9.772611618041992,13.600000381469727,13.75,13.550000190734863,13.600000381469727,29467684
2019-07-24,9.952254295349121,13.850000381469727,13.899999618530273,13.600000381469727,13.699999809265137,36353065
2019-07-25,9.736681938171387,13.550000190734863,13.949999809265137,13.399999618530273,13.850000381469727,91752730
2019-07-26,9.485180854797363,13.199999809265137,13.550000190734863,13.199999809265137,13.550000190734863,64242723
2019-07-29,9.628894805908203,13.399999618530273,13.449999809265137,13.300000190734863,13.300000190734863,23290509
2019-07-30,9.772611618041992,13.600000381469727,13.75,13.449999809265137,13.5,40138127
2019-07-31,9.916325569152832,13.800000190734863,13.899999618530273,13.649999618530273,13.699999809265137,56482608
2019-08-01,9.628894805908203,13.399999618530273,13.649999618530273,13.300000190734863,13.649999618530273,38617392
2019-08-02,9.592967987060547,13.350000381469727,13.350000381469727,13.050000190734863,13.149999618530273,45049816
2019-08-05,9.413323402404785,13.100000381469727,13.199999809265137,13.0,13.100000381469727,40930437
2019-08-06,9.341465950012207,13.0,13.100000381469727,12.699999809265137,12.800000190734863,39315901
2019-08-07,9.413323402404785,13.100000381469727,13.199999809265137,13.0,13.050000190734863,31239517
2019-08-08,9.557038307189941,13.300000190734863,13.350000381469727,13.050000190734863,13.100000381469727,27796345
2019-08-12,9.341465950012207,13.0,13.300000190734863,13.0,13.25,22603497
2019-08-13,9.305538177490234,12.949999809265137,13.149999618530273,12.899999618530273,13.050000190734863,17761862
2019-08-14,9.413323402404785,13.100000381469727,13.25,13.050000190734863,13.050000190734863,15792014
2019-08-15,9.269607543945312,12.899999618530273,13.050000190734863,12.850000381469727,12.899999618530273,16288109
2019-08-16,9.592967987060547,13.350000381469727,13.449999809265137,12.949999809265137,13.0,39828042
2019-08-19,9.664824485778809,13.449999809265137,13.5,13.199999809265137,13.350000381469727,23032515
2019-08-20,9.700752258300781,13.5,13.5,13.350000381469727,13.399999618530273,23079133
2019-08-21,9.700752258300781,13.5,13.550000190734863,13.399999618530273,13.5,17386161
2019-08-22,9.521110534667969,13.25,13.550000190734863,13.199999809265137,13.550000190734863,26634767
2019-08-23,9.592967987060547,13.350000381469727,13.449999809265137,13.25,13.300000190734863,17781773
2019-08-26,9.341465950012207,13.0,13.149999618530273,13.0,13.100000381469727,26263686
2019-08-27,9.377394676208496,13.050000190734863,13.25,13.050000190734863,13.149999618530273,60011899
2019-08-28,9.449252128601074,13.149999618530273,13.199999809265137,13.050000190734863,13.100000381469727,18889599
2019-08-29,9.485180854797363,13.199999809265137,13.199999809265137,13.100000381469727,13.149999618530273,10676162
2019-08-30,9.664824485778809,13.449999809265137,13.449999809265137,13.199999809265137,13.300000190734863,32774513
2019-09-02,9.592967987060547,13.350000381469727,13.449999809265137,13.300000190734863,13.350000381469727,8426668
2019-09-03,9.485180854797363,13.199999809265137,13.449999809265137,13.199999809265137,13.449999809265137,13374418
2019-09-04,9.772611618041992,13.600000381469727,13.600000381469727,13.199999809265137,13.199999809265137,40434250
2019-09-05,9.772611618041992,13.600000381469727,13.699999809265137,13.5,13.649999618530273,27277402
2019-09-06,9.736681938171387,13.550000190734863,13.649999618530273,13.550000190734863,13.649999618530273,16088617
2019-09-10,9.772611618041992,13.600000381469727,13.649999618530273,13.550000190734863,13.600000381469727,21363294
2019-09-11,9.844468116760254,13.699999809265137,13.699999809265137,13.550000190734863,13.600000381469727,20063333
2019-09-12,9.844468116760254,13.699999809265137,13.850000381469727,13.649999618530273,13.800000190734863,19945952
2019-09-16,9.772611618041992,13.600000381469727,13.850000381469727,13.550000190734863,13.800000190734863,18963597
2019-09-17,9.736681938171387,13.550000190734863,13.600000381469727,13.350000381469727,13.550000190734863,22155960
2019-09-18,9.736681938171387,13.550000190734863,13.649999618530273,13.5,13.600000381469727,18441204
2019-09-19,9.772611618041992,13.600000381469727,13.699999809265137,13.600000381469727,13.600000381469727,23352200
2019-09-20,9.916325569152832,13.800000190734863,13.800000190734863,13.550000190734863,13.600000381469727,41618603
2019-09-23,9.844468116760254,13.699999809265137,13.800000190734863,13.649999618530273,13.699999809265137,25236711
2019-09-24,9.808538436889648,13.649999618530273,13.800000190734863,13.649999618530273,13.699999809265137,33083098
2019-09-25,9.772611618041992,13.600000381469727,13.699999809265137,13.5,13.649999618530273,28777541
2019-09-26,9.772611618041992,13.600000381469727,14.0,13.600000381469727,13.800000190734863,50905225
2019-09-27,9.628894805908203,13.399999618530273,13.649999618530273,13.399999618530273,13.600000381469727,21617074
2019-10-01,9.808538436889648,13.649999618530273,13.649999618530273,13.399999618530273,13.399999618530273,26138304
2019-10-02,9.700752258300781,13.5,13.600000381469727,13.449999809265137,13.5,8772321
2019-10-03,9.628894805908203,13.399999618530273,13.449999809265137,13.199999809265137,13.300000190734863,20721917
2019-10-04,9.664824485778809,13.449999809265137,13.550000190734863,13.350000381469727,13.350000381469727,11753078
2019-10-07,9.592967987060547,13.350000381469727,13.449999809265137,13.300000190734863,13.449999809265137,15828996
2019-10-08,9.592967987060547,13.350000381469727,13.5,13.300000190734863,13.350000381469727,21267479
2019-10-09,9.449252128601074,13.149999618530273,13.350000381469727,13.149999618530273,13.350000381469727,38292987
2019-10-14,9.700752258300781,13.5,13.649999618530273,13.350000381469727,13.449999809265137,45103746
2019-10-15,9.844468116760254,13.699999809265137,13.800000190734863,13.5,13.5,48290101
2019-10-16,9.88039779663086,13.75,13.800000190734863,13.600000381469727,13.800000190734863,22128160
2019-10-17,9.916325569152832,13.800000190734863,13.800000190734863,13.649999618530273,13.75,17379780
2019-10-18,10.0241117477417,13.949999809265137,14.0,13.699999809265137,13.699999809265137,44883099
2019-10-21,9.988183975219727,13.899999618530273,14.0,13.899999618530273,13.949999809265137,12903818
2019-10-22,10.060040473937988,14.0,14.149999618530273,13.899999618530273,14.100000381469727,23631388
2019-10-23,10.095968246459961,14.050000190734863,14.050000190734863,13.949999809265137,14.050000190734863,25578736
2019-10-24,10.455256462097168,14.550000190734863,14.800000190734863,14.050000190734863,14.100000381469727,119513828
2019-10-25,10.347469329833984,14.399999618530273,14.550000190734863,14.300000190734863,14.399999618530273,43635327
2019-10-28,10.239684104919434,14.25,14.5,14.149999618530273,14.449999809265137,23325010
2019-10-29,10.419327735900879,14.5,14.649999618530273,14.300000190734863,14.300000190734863,63793543
2019-10-30,10.347469329833984,14.399999618530273,14.699999809265137,14.350000381469727,14.699999809265137,61233781
2019-10-31,10.060040473937988,14.0,14.350000381469727,13.899999618530273,14.350000381469727,97117355
2019-11-01,10.419327735900879,14.5,14.550000190734863,14.100000381469727,14.149999618530273,93849456
2019-11-04,10.52711296081543,14.649999618530273,14.800000190734863,14.5,14.5,94378432
2019-11-05,10.419327735900879,14.5,14.699999809265137,14.399999618530273,14.649999618530273,51327139
2019-11-06,10.419327735900879,14.5,14.550000190734863,14.300000190734863,14.550000190734863,52059086
2019-11-07,10.239684104919434,14.25,14.550000190734863,14.199999809265137,14.5,44219482
2019-11-08,10.239684104919434,14.25,14.399999618530273,14.199999809265137,14.350000381469727,24415232
2019-11-11,10.239684104919434,14.25,14.350000381469727,14.149999618530273,14.300000190734863,31160053
2019-11-12,10.275613784790039,14.300000190734863,14.350000381469727,14.199999809265137,14.300000190734863,35026594
2019-11-13,10.203754425048828,14.199999809265137,14.399999618530273,14.199999809265137,14.300000190734863,32373797
2019-11-14,10.419327735900879,14.5,14.600000381469727,14.199999809265137,14.199999809265137,56971985
2019-11-15,10.275613784790039,14.300000190734863,14.600000381469727,14.25,14.600000381469727,39855904
2019-11-18,10.419327735900879,14.5,14.75,14.449999809265137,14.600000381469727,58847717
2019-11-19,10.455256462097168,14.550000190734863,14.600000381469727,14.350000381469727,14.449999809265137,29606445
2019-11-20,10.598971366882324,14.75,14.800000190734863,14.449999809265137,14.550000190734863,55131343
2019-11-21,10.52711296081543,14.649999618530273,14.649999618530273,14.449999809265137,14.600000381469727,42654446
2019-11-22,10.49118423461914,14.600000381469727,14.699999809265137,14.5,14.649999618530273,30220829
2019-11-25,10.778614044189453,15.0,15.5,14.649999618530273,14.649999618530273,166478115
2019-11-26,10.92232894897461,15.199999809265137,15.399999618530273,15.100000381469727,15.25,165216747
2019-11-27,10.92232894897461,15.199999809265137,15.399999618530273,15.100000381469727,15.350000381469727,41376514
2019-11-28,10.850472450256348,15.100000381469727,15.300000190734863,15.050000190734863,15.25,34136945
2019-11-29,10.742685317993164,14.949999809265137,15.149999618530273,14.850000381469727,15.100000381469727,45681866
2019-12-02,10.850472450256348,15.100000381469727,15.300000190734863,15.0,15.0,63994877
2019-12-03,11.03011703491211,15.350000381469727,15.350000381469727,15.050000190734863,15.050000190734863,51943907
2019-12-04,11.389403343200684,15.850000381469727,15.949999809265137,15.399999618530273,15.399999618530273,190321503
2019-12-05,11.892404556274414,16.549999237060547,16.700000762939453,16.049999237060547,16.049999237060547,228294147
2019-12-06,11.640904426574707,16.200000762939453,16.5,16.100000381469727,16.5,109731919
2019-12-09,11.67683219909668,16.25,16.549999237060547,16.25,16.399999618530273,68335244
2019-12-10,11.820548057556152,16.450000762939453,16.5,16.25,16.350000381469727,54921807
2019-12-11,11.67683219909668,16.25,16.5,16.149999618530273,16.399999618530273,60175139
2019-12-12,11.92833423614502,16.600000381469727,16.75,16.299999237060547,16.299999237060547,153387102
2019-12-13,11.92833423614502,16.600000381469727,16.799999237060547,16.399999618530273,16.649999618530273,77949040
2019-12-16,11.964262008666992,16.649999618530273,16.850000381469727,16.399999618530273,16.549999237060547,146831
2019-12-17,12.215763092041016,17.0,17.049999237060547,16.700000762939453,16.850000381469727,96263795
2019-12-18,12.07204818725586,16.799999237060547,16.950000762939453,16.700000762939453,16.899999618530273,73543943
2019-12-19,12.000191688537598,16.700000762939453,16.799999237060547,16.450000762939453,16.799999237060547,57550348
2019-12-20,12.000191688537598,16.700000762939453,16.799999237060547,16.549999237060547,16.75,47297813
2019-12-23,11.892404556274414,16.549999237060547,16.700000762939453,16.5,16.700000762939453,30998466
2019-12-24,11.892404556274414,16.549999237060547,16.700000762939453,16.5,16.600000381469727,25642208
2019-12-25,11.964262008666992,16.649999618530273,16.75,16.549999237060547,16.600000381469727,19272385
2019-12-26,11.892404556274414,16.549999237060547,16.649999618530273,16.399999618530273,16.649999618530273,26143849
2019-12-27,12.000191688537598,16.700000762939453,16.75,16.549999237060547,16.600000381469727,31725795
2019-12-30,11.892404556274414,16.549999237060547,16.700000762939453,16.450000762939453,16.649999618530273,46454365
2019-12-31,11.820548057556152,16.450000762939453,16.600000381469727,16.399999618530273,16.5,30478470
2020-01-02,11.892404556274414,16.549999237060547,16.649999618530273,16.399999618530273,16.450000762939453,32937461
2020-01-03,11.712760925292969,16.299999237060547,16.549999237060547,16.149999618530273,16.549999237060547,48588354
2020-01-06,11.533117294311523,16.049999237060547,16.149999618530273,15.949999809265137,16.049999237060547,44790472
2020-01-07,11.49718952178955,16.0,16.149999618530273,15.800000190734863,16.049999237060547,39718117
2020-01-08,11.317544937133789,15.75,15.899999618530273,15.649999618530273,15.850000381469727,60419690
2020-01-09,11.533117294311523,16.049999237060547,16.149999618530273,15.850000381469727,15.850000381469727,43816080
2020-01-10,11.604974746704102,16.149999618530273,16.25,15.850000381469727,16.200000762939453,32386886
2020-01-13,11.533117294311523,16.049999237060547,16.200000762939453,16.049999237060547,16.149999618530273,23989283
2020-01-14,11.67683219909668,16.25,16.399999618530273,16.049999237060547,16.100000381469727,61290528
2020-01-15,11.604974746704102,16.149999618530273,16.399999618530273,16.100000381469727,16.299999237060547,36473736
2020-01-16,11.604974746704102,16.149999618530273,16.200000762939453,16.0,16.200000762939453,27867646
2020-01-17,11.49718952178955,16.0,16.149999618530273,15.949999809265137,16.149999618530273,28648214
2020-01-20,11.533117294311523,16.049999237060547,16.149999618530273,15.850000381469727,15.850000381469727,31117744
2020-01-30,10.850472450256348,15.100000381469727,15.550000190734863,14.949999809265137,15.5,137855301
2020-01-31,10.706757545471191,14.899999618530273,15.199999809265137,14.800000190734863,15.050000190734863,68549345
2020-02-03,10.778614044189453,15.0,15.0,14.149999618530273,14.449999809265137,75514825
2020-02-04,10.92232894897461,15.199999809265137,16.549999237060547,15.199999809265137,16.549999237060547,70790085
2020-02-05,11.137901306152344,15.5,15.699999809265137,15.25,15.25,77032246
2020-02-06,11.67683219909668,16.25,16.350000381469727,15.75,15.800000190734863,157712052
2020-02-07,11.748689651489258,16.350000381469727,16.5,16.149999618530273,16.200000762939453,80109163
2020-02-10,11.784618377685547,16.399999618530273,16.549999237060547,16.0,16.149999618530273,44206055
2020-02-11,12.000191688537598,16.700000762939453,16.899999618530273,16.5,16.549999237060547,72967688
2020-02-12,12.143905639648438,16.899999618530273,16.950000762939453,16.600000381469727,16.649999618530273,79548774
2020-02-13,12.107977867126465,16.850000381469727,17.149999618530273,16.649999618530273,17.0,65415317
2020-02-14,11.856476783752441,16.5,16.700000762939453,16.5,16.600000381469727,43506095
2020-02-17,11.784618377685547,16.399999618530273,16.549999237060547,16.350000381469727,16.5,40030219
2020-02-18,11.604974746704102,16.149999618530273,16.399999618530273,16.100000381469727,16.399999618530273,44154247
2020-02-19,11.569046020507812,16.100000381469727,16.25,16.049999237060547,16.100000381469727,30092840
2020-02-20,11.712760925292969,16.299999237060547,16.5,16.100000381469727,16.25,41324196
2020-02-21,11.533117294311523,16.049999237060547,16.25,16.0,16.149999618530273,26572971
2020-02-24,11.353474617004395,15.800000190734863,15.949999809265137,15.800000190734863,15.899999618530273,42409882
2020-02-25,11.425332069396973,15.899999618530273,16.100000381469727,15.600000381469727,15.600000381469727,39151580
2020-02-26,11.209759712219238,15.600000381469727,15.75,15.600000381469727,15.600000381469727,47662845
2020-02-27,10.994186401367188,15.300000190734863,15.75,15.25,15.600000381469727,79271042
2020-03-02,10.958258628845215,15.25,15.449999809265137,14.949999809265137,14.949999809265137,89628541
2020-03-03,11.137901306152344,15.5,15.75,15.350000381469727,15.550000190734863,88570177
2020-03-04,11.353474617004395,15.800000190734863,16.0,15.5,15.5,84749276
2020-03-05,11.2816162109375,15.699999809265137,16.049999237060547,15.699999809265137,16.0,59085885
2020-03-06,11.101972579956055,15.449999809265137,15.600000381469727,15.399999618530273,15.550000190734863,69534487
2020-03-09,10.814544677734375,15.050000190734863,15.149999618530273,14.949999809265137,15.149999618530273,82969389
2020-03-10,10.742685317993164,14.949999809265137,15.25,14.800000190734863,14.949999809265137,82904523
2020-03-11,10.634900093078613,14.800000190734863,15.050000190734863,14.800000190734863,15.0,55553147
2020-03-12,10.311541557312012,14.350000381469727,14.649999618530273,13.850000381469727,14.600000381469727,138258958
2020-03-13,10.095968246459961,14.050000190734863,14.300000190734863,13.649999618530273,13.699999809265137,211904177
2020-03-16,9.988183975219727,13.899999618530273,14.100000381469727,13.75,14.0,81036386
2020-03-17,9.88039779663086,13.75,14.0,13.649999618530273,13.75,132863414
2020-03-18,9.916325569152832,13.800000190734863,14.0,13.75,13.800000190734863,90628139
2020-03-19,9.844468116760254,13.699999809265137,13.800000190734863,13.100000381469727,13.75,151597652
2020-03-20,9.952254295349121,13.850000381469727,14.399999618530273,13.800000190734863,13.800000190734863,157756287
2020-03-23,9.88039779663086,13.75,13.850000381469727,13.5,13.550000190734863,59406609
2020-03-24,9.952254295349121,13.850000381469727,14.149999618530273,13.800000190734863,14.050000190734863,100357252
2020-03-25,10.131897926330566,14.100000381469727,14.350000381469727,13.949999809265137,14.050000190734863,187932889
2020-03-26,10.131897926330566,14.100000381469727,14.199999809265137,13.949999809265137,14.149999618530273,74645046
2020-03-27,10.060040473937988,14.0,14.350000381469727,13.899999618530273,14.350000381469727,59235321
2020-03-30,10.0241117477417,13.949999809265137,13.949999809265137,13.75,13.850000381469727,38765524
2020-03-31,9.808538436889648,13.649999618530273,14.350000381469727,13.649999618530273,14.350000381469727,79000889
2020-04-01,9.916325569152832,13.800000190734863,13.850000381469727,13.649999618530273,13.850000381469727,44891990
2020-04-06,10.131897926330566,14.100000381469727,14.100000381469727,13.800000190734863,13.949999809265137,75417890
2020-04-07,10.167826652526855,14.149999618530273,14.300000190734863,13.949999809265137,14.25,66031028
2020-04-08,10.203754425048828,14.199999809265137,14.300000190734863,14.100000381469727,14.149999618530273,59324325
2020-04-09,10.203754425048828,14.199999809265137,14.399999618530273,14.100000381469727,14.300000190734863,40473210
2020-04-10,10.275613784790039,14.300000190734863,14.300000190734863,14.149999618530273,14.25,23315732
2020-04-13,10.634900093078613,14.800000190734863,15.100000381469727,14.399999618530273,14.449999809265137,94375364
2020-04-14,10.886399269104004,15.149999618530273,15.149999618530273,14.850000381469727,15.050000190734863,70873919
2020-04-15,10.850472450256348,15.100000381469727,15.199999809265137,14.899999618530273,15.149999618530273,76800916
2020-04-16,10.706757545471191,14.899999618530273,15.100000381469727,14.800000190734863,14.850000381469727,53398536
2020-04-17,10.814544677734375,15.050000190734863,15.449999809265137,15.0,15.199999809265137,102841345
2020-04-20,10.886399269104004,15.149999618530273,15.199999809265137,14.949999809265137,15.100000381469727,46983290
2020-04-21,10.634900093078613,14.800000190734863,15.350000381469727,14.800000190734863,15.100000381469727,74235734
2020-04-22,10.92232894897461,15.199999809265137,15.199999809265137,14.75,14.800000190734863,51801119
2020-04-23,11.353474617004395,15.800000190734863,16.0,15.399999618530273,15.449999809265137,157791012
2020-04-24,11.425332069396973,15.899999618530273,16.100000381469727,15.850000381469727,15.899999618530273,104062670
2020-04-27,11.604974746704102,16.149999618530273,16.299999237060547,15.899999618530273,16.149999618530273,121440284
2020-04-28,10.778614044189453,15.0,15.600000381469727,14.75,15.5,219150807
2020-04-29,10.994186401367188,15.300000190734863,15.5,15.199999809265137,15.199999809265137,96798319
2020-04-30,11.173830032348633,15.550000190734863,15.600000381469727,15.350000381469727,15.449999809265137,64768656
2020-05-04,11.03011703491211,15.350000381469727,15.449999809265137,15.050000190734863,15.100000381469727,47975074
2020-05-05,10.958258628845215,15.25,15.550000190734863,15.25,15.5,34096450
2020-05-06,10.994186401367188,15.300000190734863,15.449999809265137,15.25,15.25,34763487
2020-05-07,11.209759712219238,15.600000381469727,15.850000381469727,15.300000190734863,15.449999809265137,58025473
2020-05-08,11.245687484741211,15.649999618530273,15.850000381469727,15.5,15.850000381469727,39736136
2020-05-11,11.209759712219238,15.600000381469727,15.850000381469727,15.600000381469727,15.800000190734863,42257477
2020-05-12,11.101972579956055,15.449999809265137,15.649999618530273,15.350000381469727,15.5,40406407
2020-05-13,11.209759712219238,15.600000381469727,15.600000381469727,15.350000381469727,15.399999618530273,30545962
2020-05-14,11.03011703491211,15.350000381469727,15.550000190734863,15.199999809265137,15.449999809265137,31677085
2020-05-15,11.066044807434082,15.399999618530273,15.5,15.149999618530273,15.449999809265137,32116870
2020-05-18,10.850472450256348,15.100000381469727,15.399999618530273,15.100000381469727,15.399999618530273,41754666
2020-05-19,10.742685317993164,14.949999809265137,15.300000190734863,14.899999618530273,15.300000190734863,54397126
2020-05-20,10.670828819274902,14.850000381469727,15.149999618530273,14.850000381469727,15.149999618530273,59202595
2020-05-21,10.994186401367188,15.300000190734863,15.300000190734863,14.949999809265137,15.0,39817856
2020-05-22,10.850472450256348,15.100000381469727,15.199999809265137,15.050000190734863,15.149999618530273,33556829
2020-05-25,10.850472450256348,15.100000381469727,15.100000381469727,14.850000381469727,15.100000381469727,19221772
2020-05-26,10.92232894897461,15.199999809265137,15.25,15.100000381469727,15.149999618530273,23880256
2020-05-27,10.850472450256348,15.100000381469727,15.300000190734863,15.100000381469727,15.25,24006301
2020-05-28,11.03011703491211,15.350000381469727,15.399999618530273,15.149999618530273,15.199999809265137,45046009
2020-05-29,11.101972579956055,15.449999809265137,15.449999809265137,15.199999809265137,15.300000190734863,49643911
2020-06-01,11.245687484741211,15.649999618530273,15.800000190734863,15.5,15.600000381469727,45030896
2020-06-02,11.389403343200684,15.850000381469727,15.850000381469727,15.699999809265137,15.75,46869809
2020-06-03,11.640904426574707,16.200000762939453,16.200000762939453,15.949999809265137,16.0,64858876
2020-06-04,11.712760925292969,16.299999237060547,16.600000381469727,16.100000381469727,16.5,94715239
2020-06-05,11.856476783752441,16.5,16.5,16.200000762939453,16.299999237060547,49132614
2020-06-08,12.251690864562988,17.049999237060547,17.5,16.850000381469727,17.5,124131598
2020-06-09,12.107977867126465,16.850000381469727,17.149999618530273,16.549999237060547,17.049999237060547,82141619
2020-06-10,11.92833423614502,16.600000381469727,16.850000381469727,16.399999618530273,16.850000381469727,94791794
2020-06-11,11.533117294311523,16.049999237060547,16.5,15.899999618530273,16.450000762939453,92770897
2020-06-12,11.2816162109375,15.699999809265137,15.800000190734863,15.399999618530273,15.449999809265137,86040818
2020-06-15,11.066044807434082,15.399999618530273,15.5,15.300000190734863,15.449999809265137,81647335
2020-06-16,11.137901306152344,15.5,15.699999809265137,15.399999618530273,15.5,63149426
2020-06-17,10.994186401367188,15.300000190734863,15.550000190734863,15.149999618530273,15.5,71145221
2020-06-18,11.03011703491211,15.350000381469727,15.449999809265137,15.25,15.300000190734863,56787627
2020-06-19,11.066044807434082,15.399999618530273,15.600000381469727,15.399999618530273,15.399999618530273,57562916
2020-06-22,11.2816162109375,15.699999809265137,15.699999809265137,15.350000381469727,15.449999809265137,40713689
2020-06-23,11.101972579956055,15.449999809265137,15.75,15.449999809265137,15.75,57029420
2020-06-24,11.317544937133789,15.75,15.949999809265137,15.5,15.5,58563616
2020-06-29,11.173830032348633,15.550000190734863,15.800000190734863,15.5,15.550000190734863,40174467
2020-06-30,11.425332069396973,15.899999618530273,15.899999618530273,15.649999618530273,15.699999809265137,44717594
2020-07-01,11.569046020507812,16.100000381469727,16.200000762939453,15.949999809265137,16.0,41759557
2020-07-02,11.748689651489258,16.350000381469727,16.350000381469727,16.0,16.200000762939453,52315397
2020-07-03,11.820548057556152,16.450000762939453,16.5,16.350000381469727,16.450000762939453,51767884
2020-07-06,11.964262008666992,16.649999618530273,16.700000762939453,16.450000762939453,16.600000381469727,55080070
2020-07-07,11.92833423614502,16.600000381469727,17.0,16.5,16.899999618530273,80993675
2020-07-08,11.964262008666992,16.649999618530273,16.799999237060547,16.600000381469727,16.600000381469727,34987230
2020-07-09,11.820548057556152,16.450000762939453,16.75,16.450000762939453,16.649999618530273,40060369
2020-07-10,11.820548057556152,16.450000762939453,16.649999618530273,16.399999618530273,16.5,41687415
2020-07-13,12.251690864562988,17.049999237060547,17.049999237060547,16.649999618530273,16.700000762939453,106711949
2020-07-14,12.07204818725586,16.799999237060547,17.100000381469727,16.700000762939453,17.100000381469727,89089297
2020-07-15,12.075034141540527,16.0,16.5,16.0,16.450000762939453,93486316
2020-07-16,12.527849197387695,16.600000381469727,16.799999237060547,16.25,16.25,139039785
2020-07-17,12.376910209655762,16.399999618530273,16.799999237060547,16.149999618530273,16.75,70857217
2020-07-20,12.490113258361816,16.549999237060547,16.75,16.299999237060547,16.549999237060547,106825263
2020-07-21,12.942927360534668,17.149999618530273,17.5,16.700000762939453,16.75,210085722
2020-07-22,13.207067489624023,17.5,17.5,17.049999237060547,17.25,116464421
2020-07-23,14.527775764465332,19.25,19.25,18.350000381469727,18.5,401688025
2020-07-24,14.905120849609375,19.75,20.299999237060547,19.5,19.799999237060547,546884955
2020-07-27,16.37676429748535,21.700000762939453,21.700000762939453,20.049999237060547,20.5,488746075
2020-07-28,16.79184341430664,22.25,23.850000381469727,21.799999237060547,23.850000381469727,599722773
2020-07-29,16.905046463012695,22.399999618530273,22.649999618530273,21.350000381469727,22.200000762939453,307114701
2020-07-30,16.75411033630371,22.200000762939453,22.75,21.75,22.600000381469727,249008246
2020-07-31,16.867313385009766,22.350000381469727,22.5,21.700000762939453,21.899999618530273,137076620
2020-08-03,17.961610794067383,23.799999237060547,24.399999618530273,22.399999618530273,22.5,366890778
2020-08-04,18.527629852294922,24.549999237060547,25.799999237060547,24.299999237060547,25.200000762939453,316797374
2020-08-05,18.791770935058594,24.899999618530273,25.600000381469727,24.0,24.450000762939453,274027185
2020-08-06,20.074743270874023,26.600000381469727,26.850000381469727,25.299999237060547,25.5,366345737
2020-08-07,19.320056915283203,25.600000381469727,27.399999618530273,25.450000762939453,27.0,334380253
2020-08-10,19.093647003173828,25.299999237060547,26.200000762939453,24.950000762939453,25.25,187635317
2020-08-11,18.86724090576172,25.0,25.899999618530273,25.0,25.5,144853117
2020-08-12,18.074817657470703,23.950000762939453,24.799999237060547,23.850000381469727,24.75,207439232
2020-08-13,17.923877716064453,23.75,24.700000762939453,23.600000381469727,24.450000762939453,153054743
2020-08-14,17.77294158935547,23.549999237060547,23.75,23.100000381469727,23.299999237060547,120344792
2020-08-17,18.225753784179688,24.149999618530273,24.5,23.649999618530273,23.700000762939453,139404132
2020-08-18,18.18802261352539,24.100000381469727,24.600000381469727,23.799999237060547,24.399999618530273,139533521
2020-08-19,17.659738540649414,23.399999618530273,24.450000762939453,23.299999237060547,24.450000762939453,114113905
2020-08-20,16.452234268188477,21.799999237060547,23.100000381469727,21.25,22.799999237060547,202244929
2020-08-21,16.452234268188477,21.799999237060547,22.75,21.700000762939453,22.450000762939453,159091172
2020-08-24,17.055986404418945,22.600000381469727,22.700000762939453,21.899999618530273,21.950000762939453,120357007
2020-08-25,16.716373443603516,22.149999618530273,22.799999237060547,22.0,22.75,102738857
2020-08-26,16.867313385009766,22.350000381469727,22.350000381469727,21.649999618530273,22.0,73886072
2020-08-27,16.56543731689453,21.950000762939453,22.649999618530273,21.850000381469727,22.5,84525878
2020-08-28,16.5277042388916,21.899999618530273,22.200000762939453,21.600000381469727,21.799999237060547,69220042
2020-08-31,15.999421119689941,21.200000762939453,22.149999618530273,21.200000762939453,22.100000381469727,125541719
2020-09-01,16.5277042388916,21.899999618530273,21.950000762939453,21.100000381469727,21.350000381469727,77246352
2020-09-02,16.37676429748535,21.700000762939453,22.100000381469727,21.5,22.049999237060547,57874308
2020-09-03,16.263561248779297,21.549999237060547,22.149999618530273,21.549999237060547,22.0,87870341
2020-09-04,16.188095092773438,21.450000762939453,21.450000762939453,20.799999237060547,20.899999618530273,73445360
2020-09-07,17.77294158935547,23.549999237060547,23.549999237060547,23.100000381469727,23.149999618530273,97506968
2020-09-08,17.131454467773438,22.700000762939453,24.600000381469727,22.700000762939453,24.399999618530273,316528524
2020-09-09,17.886144638061523,23.700000762939453,23.950000762939453,22.299999237060547,22.600000381469727,206963405
2020-09-10,17.62200355529785,23.350000381469727,24.149999618530273,23.299999237060547,24.049999237060547,143782472
2020-09-11,17.35786247253418,23.0,23.5,22.799999237060547,23.399999618530273,78463966
2020-09-14,18.037080764770508,23.899999618530273,24.100000381469727,23.5,23.5,142653704
2020-09-15,19.093647003173828,25.299999237060547,25.799999237060547,24.200000762939453,24.200000762939453,379771700
2020-09-16,19.395523071289062,25.700000762939453,27.200000762939453,25.549999237060547,26.799999237060547,306889814
2020-09-17,19.433258056640625,25.75,26.0,25.149999618530273,25.299999237060547,137350124
2020-09-18,19.470991134643555,25.799999237060547,26.399999618530273,25.799999237060547,26.0,136993058
2020-09-21,18.980443954467773,25.149999618530273,26.100000381469727,25.100000381469727,25.950000762939453,120265077
2020-09-22,18.94270896911621,25.100000381469727,25.5,24.5,25.049999237060547,122720357
2020-09-23,19.621929168701172,26.0,26.100000381469727,25.299999237060547,25.899999618530273,195111094
2020-09-24,19.584196090698242,25.950000762939453,26.5,25.5,25.649999618530273,283777370
2020-09-25,18.86724090576172,25.0,26.299999237060547,24.200000762939453,26.25,209996417
2020-09-28,20.753965377807617,27.5,27.5,26.100000381469727,26.600000381469727,407009836
2020-09-29,20.753965377807617,27.5,29.299999237060547,27.5,28.399999618530273,543454402
2020-09-30,21.546390533447266,28.549999237060547,28.850000381469727,26.950000762939453,27.5,426461468
2020-10-05,21.65959358215332,28.700000762939453,29.799999237060547,28.450000762939453,29.100000381469727,313485862
2020-10-06,21.395450592041016,28.350000381469727,29.299999237060547,28.299999237060547,29.200000762939453,226167129
2020-10-07,22.263343811035156,29.5,29.600000381469727,28.149999618530273,28.149999618530273,317850848
2020-10-08,24.301006317138672,32.20000076293945,32.45000076293945,29.899999618530273,30.200000762939453,644955830
2020-10-12,24.187801361083984,32.04999923706055,32.75,31.450000762939453,32.45000076293945,351806211
2020-10-13,23.810457229614258,31.549999237060547,31.899999618530273,30.950000762939453,31.700000762939453,214865396
2020-10-14,24.301006317138672,32.20000076293945,32.650001525878906,31.25,31.549999237060547,265213805
2020-10-15,23.810457229614258,31.549999237060547,32.79999923706055,31.549999237060547,31.799999237060547,228703623
2020-10-16,23.131237030029297,30.649999618530273,31.75,30.600000381469727,31.399999618530273,225685120
2020-10-19,23.3953800201416,31.0,31.600000381469727,30.75,30.75,136764453
2020-10-20,23.546316146850586,31.200000762939453,31.299999237060547,30.649999618530273,30.899999618530273,104787052
2020-10-21,23.65951919555664,31.350000381469727,32.650001525878906,31.350000381469727,31.700000762939453,352041400
2020-10-22,24.90475845336914,33.0,33.0,31.649999618530273,31.899999618530273,425690375
2020-10-23,24.71608543395996,32.75,34.0,32.400001525878906,33.79999923706055,406287172
2020-10-26,24.90475845336914,33.0,33.5,32.599998474121094,32.849998474121094,186064706
2020-10-27,25.282100677490234,33.5,33.650001525878906,32.45000076293945,32.70000076293945,183082712
2020-10-28,24.64061737060547,32.650001525878906,33.5,32.650001525878906,33.5,179961503
2020-10-29,24.867023468017578,32.95000076293945,33.20000076293945,31.75,31.799999237060547,282899784
2020-10-30,23.168973922729492,30.700000762939453,32.400001525878906,30.700000762939453,32.0,484721864
2020-11-02,22.37654685974121,29.649999618530273,30.899999618530273,29.399999618530273,30.600000381469727,297046063
2020-11-03,22.489749908447266,29.799999237060547,30.5,29.799999237060547,30.200000762939453,161516722
2020-11-04,23.885927200317383,31.649999618530273,31.950000762939453,29.950000762939453,30.200000762939453,314786322
2020-11-05,23.055767059326172,30.549999237060547,30.799999237060547,30.200000762939453,30.649999618530273,212203072
2020-11-06,23.018033981323242,30.5,31.200000762939453,30.100000381469727,30.799999237060547,149095674
2020-11-09,23.999130249023438,31.799999237060547,31.899999618530273,31.200000762939453,31.200000762939453,196779825
2020-11-10,23.3953800201416,31.0,32.20000076293945,30.850000381469727,32.0,164696992
2020-11-11,23.3953800201416,31.0,31.450000762939453,30.75,30.799999237060547,90295810
2020-11-12,23.47084617614746,31.100000381469727,31.899999618530273,31.049999237060547,31.350000381469727,111285946
2020-11-13,23.621784210205078,31.299999237060547,31.450000762939453,30.899999618530273,31.149999618530273,90087652
2020-11-16,24.301006317138672,32.20000076293945,32.25,31.75,31.799999237060547,183727124
2020-11-17,24.263273239135742,32.150001525878906,33.0,32.099998474121094,32.79999923706055,161979400
2020-11-18,24.41421127319336,32.349998474121094,32.45000076293945,32.04999923706055,32.20000076293945,81701925
2020-11-19,24.22553825378418,32.099998474121094,32.400001525878906,31.899999618530273,32.349998474121094,77946276
2020-11-20,24.94249153137207,33.04999923706055,33.20000076293945,32.099998474121094,32.150001525878906,221930743
2020-11-23,27.432966232299805,36.349998474121094,36.349998474121094,34.79999923706055,34.849998474121094,209973695
2020-11-24,28.791412353515625,38.150001525878906,39.70000076293945,38.0,38.20000076293945,588392148
2020-11-25,29.01781463623047,38.45000076293945,39.099998474121094,38.150001525878906,38.45000076293945,266996255
2020-11-26,29.81024169921875,39.5,39.5,37.5,38.45000076293945,260893735
2020-11-27,29.546100616455078,39.150001525878906,39.79999923706055,38.900001525878906,39.54999923706055,190766940
2020-11-30,30.564926147460938,40.5,42.79999923706055,39.95000076293945,40.45000076293945,415847278
2020-12-01,31.357349395751953,41.54999923706055,41.900001525878906,40.70000076293945,41.5,191854318
2020-12-02,31.281888961791992,41.45000076293945,42.150001525878906,41.099998474121094,41.900001525878906,167148541
2020-12-03,32.678062438964844,43.29999923706055,44.95000076293945,41.70000076293945,41.95000076293945,420421467
2020-12-04,35.923221588134766,47.599998474121094,47.599998474121094,44.599998474121094,45.29999923706055,492765081
2020-12-07,37.73448181152344,50.0,51.599998474121094,48.45000076293945,49.79999923706055,533544921
2020-12-08,38.41370391845703,50.900001525878906,51.70000076293945,48.54999923706055,49.29999923706055,382221022
2020-12-09,37.65901565551758,49.900001525878906,50.20000076293945,49.099998474121094,49.099998474121094,320781530
2020-12-10,35.69682312011719,47.29999923706055,48.900001525878906,46.70000076293945,48.599998474121094,460429521
2020-12-11,34.79118728637695,46.099998474121094,48.349998474121094,45.20000076293945,47.45000076293945,389750744
2020-12-14,34.82892608642578,46.150001525878906,46.849998474121094,44.599998474121094,46.099998474121094,233052166
2020-12-15,33.20634460449219,44.0,46.54999923706055,44.0,46.099998474121094,275521558
2020-12-16,33.885562896728516,44.900001525878906,46.099998474121094,44.599998474121094,44.599998474121094,250162268
2020-12-17,34.753456115722656,46.04999923706055,46.400001525878906,44.900001525878906,45.349998474121094,189025002
2020-12-18,34.602516174316406,45.849998474121094,47.400001525878906,45.79999923706055,47.0,230488908
2020-12-21,35.81002426147461,47.45000076293945,47.75,45.0,46.0,251604121
2020-12-22,34.48931884765625,45.70000076293945,48.25,45.5,47.20000076293945,222176257
2020-12-23,34.79118728637695,46.099998474121094,46.849998474121094,45.70000076293945,46.45000076293945,135247241
2020-12-24,35.13080596923828,46.54999923706055,47.04999923706055,46.29999923706055,46.900001525878906,97896558
2020-12-25,35.281742095947266,46.75,47.45000076293945,46.54999923706055,47.099998474121094,97430572
2020-12-28,36.67791748046875,48.599998474121094,48.849998474121094,47.0,47.099998474121094,221303442
2020-12-29,35.77228927612305,47.400001525878906,49.45000076293945,47.20000076293945,49.20000076293945,250941757
2020-12-30,36.451507568359375,48.29999923706055,48.349998474121094,47.099998474121094,47.45000076293945,153106350
2020-12-31,35.5836181640625,47.150001525878906,48.849998474121094,45.900001525878906,48.79999923706055,302133547
2021-01-04,34.37611389160156,45.54999923706055,46.5,44.0,46.150001525878906,403842303
2021-01-05,34.979862213134766,46.349998474121094,46.349998474121094,44.54999923706055,44.900001525878906,202966468
2021-01-06,35.43267822265625,46.95000076293945,47.75,45.900001525878906,47.54999923706055,301970846
2021-01-07,34.866661071777344,46.20000076293945,47.599998474121094,46.0,47.349998474121094,165917770
2021-01-08,36.111900329589844,47.849998474121094,48.349998474121094,46.29999923706055,46.70000076293945,338209260
2021-01-11,37.73448181152344,50.0,50.099998474121094,47.54999923706055,48.20000076293945,443219386
2021-01-12,36.56471633911133,48.45000076293945,51.900001525878906,48.400001525878906,50.5,491506206
2021-01-13,37.73448181152344,50.0,50.29999923706055,49.099998474121094,49.45000076293945,262676340
2021-01-14,37.65901565551758,49.900001525878906,50.900001525878906,49.5,49.79999923706055,199499035
2021-01-15,36.79112243652344,48.75,51.79999923706055,48.75,51.599998474121094,330790962
2021-01-18,37.470340728759766,49.650001525878906,49.849998474121094,46.5,48.29999923706055,190288745
2021-01-19,39.99855041503906,53.0,53.900001525878906,50.0,50.599998474121094,549567983
2021-01-20,39.31932830810547,52.099998474121094,54.900001525878906,51.599998474121094,54.0,519469908
2021-01-21,40.75324249267578,54.0,54.70000076293945,52.20000076293945,52.79999923706055,348371621
2021-01-22,42.63996505737305,56.5,57.20000076293945,53.599998474121094,54.0,421387831
2021-01-25,43.168251037597656,57.20000076293945,58.599998474121094,56.0,57.599998474121094,318407166
2021-01-26,41.35699462890625,54.79999923706055,57.599998474121094,53.900001525878906,57.099998474121094,322524662
2021-01-27,41.35699462890625,54.79999923706055,56.20000076293945,54.20000076293945,55.0,227015913
2021-01-28,38.640113830566406,51.20000076293945,53.29999923706055,50.20000076293945,51.20000076293945,451427781
2021-01-29,37.73448181152344,50.0,52.599998474121094,50.0,52.29999923706055,271977993
2021-02-01,38.33823013305664,50.79999923706055,51.599998474121094,48.849998474121094,49.70000076293945,242061925
2021-02-02,39.696678161621094,52.599998474121094,53.0,51.29999923706055,51.70000076293945,241259166
2021-02-03,39.243858337402344,52.0,53.599998474121094,51.599998474121094,53.0,171832168
2021-02-04,39.168392181396484,51.900001525878906,52.400001525878906,51.20000076293945,51.599998474121094,95251895
2021-02-05,39.92308044433594,52.900001525878906,53.0,52.099998474121094,52.5,144458981
2021-02-17,43.470123291015625,57.599998474121094,58.0,56.099998474121094,57.599998474121094,354720349
2021-02-18,43.922935485839844,58.20000076293945,59.400001525878906,56.70000076293945,57.599998474121094,287631020
2021-02-19,43.168251037597656,57.20000076293945,58.400001525878906,56.900001525878906,57.599998474121094,190960607
2021-02-22,42.86636734008789,56.79999923706055,58.29999923706055,56.79999923706055,58.0,182485679
2021-02-23,42.1116828918457,55.79999923706055,56.20000076293945,54.70000076293945,55.099998474121094,206213878
2021-02-24,41.28152084350586,54.70000076293945,56.70000076293945,54.599998474121094,55.400001525878906,176067024
2021-02-25,42.036216735839844,55.70000076293945,56.5,55.5,56.29999923706055,112309052
2021-02-26,40.904178619384766,54.20000076293945,55.20000076293945,54.20000076293945,54.29999923706055,175942036
2021-03-02,39.77214813232422,52.70000076293945,55.599998474121094,52.70000076293945,55.29999923706055,163514600
2021-03-03,39.168392181396484,51.900001525878906,52.70000076293945,50.599998474121094,52.0,280829307
2021-03-04,37.01752471923828,49.04999923706055,50.79999923706055,49.0,50.20000076293945,383612376
2021-03-05,35.50814437866211,47.04999923706055,48.20000076293945,46.349998474121094,46.79999923706055,347126156
2021-03-08,34.79118728637695,46.099998474121094,48.099998474121094,46.04999923706055,47.95000076293945,209424946
2021-03-09,34.979862213134766,46.349998474121094,46.70000076293945,44.900001525878906,45.5,264344665
2021-03-10,35.13080596923828,46.54999923706055,47.349998474121094,46.349998474121094,47.20000076293945,191346284
2021-03-11,36.71565246582031,48.650001525878906,49.099998474121094,46.849998474121094,47.0,240065733
2021-03-12,37.055259704589844,49.099998474121094,50.099998474121094,49.099998474121094,49.25,182568161
2021-03-15,36.33830642700195,48.150001525878906,49.04999923706055,48.099998474121094,49.0,101814598
2021-03-16,36.451507568359375,48.29999923706055,49.150001525878906,47.900001525878906,48.5,111422575
2021-03-17,36.22510528564453,48.0,48.5,47.650001525878906,48.45000076293945,113513587
2021-03-18,35.50814437866211,47.04999923706055,48.45000076293945,47.0,48.0,159629688
2021-03-19,34.753456115722656,46.04999923706055,46.54999923706055,45.5,46.099998474121094,185099020
2021-03-22,36.37604522705078,48.20000076293945,48.29999923706055,45.900001525878906,46.099998474121094,175207196
2021-03-23,36.602447509765625,48.5,49.650001525878906,48.5,48.95000076293945,175421526
2021-03-24,35.5836181640625,47.150001525878906,48.04999923706055,47.150001525878906,47.849998474121094,117428779
2021-03-25,36.71565246582031,48.650001525878906,48.75,46.75,47.0,161223209
2021-03-26,37.54581069946289,49.75,50.0,49.349998474121094,49.75,222415849
2021-03-29,37.24393081665039,49.349998474121094,51.0,49.29999923706055,50.599998474121094,156745319
2021-03-30,38.187294006347656,50.599998474121094,50.70000076293945,48.79999923706055,49.54999923706055,167739158
2021-03-31,37.88541793823242,50.20000076293945,51.20000076293945,49.79999923706055,50.099998474121094,184149925
2021-04-01,38.1118278503418,50.5,51.29999923706055,50.29999923706055,51.0,85652901
2021-04-07,38.86651611328125,51.5,51.5,50.70000076293945,50.900001525878906,103137220
2021-04-08,40.75324249267578,54.0,55.0,51.5,51.70000076293945,346491365
2021-04-09,39.99855041503906,53.0,55.20000076293945,53.0,55.0,212893788
2021-04-12,40.45136260986328,53.599998474121094,54.599998474121094,53.0,54.20000076293945,135751176
2021-04-13,41.055118560791016,54.400001525878906,57.0,53.599998474121094,54.20000076293945,425653445
2021-04-14,39.77214813232422,52.70000076293945,55.70000076293945,50.5,55.400001525878906,347497699
2021-04-15,40.07401657104492,53.099998474121094,53.400001525878906,51.79999923706055,52.0,156028137
2021-04-16,40.75324249267578,54.0,55.400001525878906,53.0,53.70000076293945,264973147
2021-04-19,41.206050872802734,54.599998474121094,55.20000076293945,53.70000076293945,54.70000076293945,146204920
2021-04-20,40.82870864868164,54.099998474121094,54.70000076293945,53.599998474121094,54.20000076293945,117014470
2021-04-21,40.30043029785156,53.400001525878906,54.5,53.20000076293945,53.79999923706055,127174848
2021-04-22,41.35699462890625,54.79999923706055,56.20000076293945,53.79999923706055,55.0,337740346
2021-04-23,43.017311096191406,57.0,57.5,55.20000076293945,56.0,437383291
2021-04-26,46.63982009887695,61.79999923706055,61.79999923706055,59.79999923706055,60.5,510615530
2021-04-27,45.658721923828125,60.5,62.70000076293945,60.099998474121094,62.0,321034099
2021-04-28,45.281375885009766,60.0,61.099998474121094,58.79999923706055,60.79999923706055,292846745
2021-04-29,42.79090118408203,56.70000076293945,58.70000076293945,56.70000076293945,58.29999923706055,455683240
2021-05-03,39.99855041503906,53.0,55.400001525878906,52.79999923706055,55.0,322671742
2021-05-04,41.206050872802734,54.599998474121094,55.099998474121094,51.0,53.099998474121094,346369551
2021-05-05,39.092926025390625,51.79999923706055,54.79999923706055,51.79999923706055,54.599998474121094,207929392
2021-05-06,38.715579986572266,51.29999923706055,52.900001525878906,50.599998474121094,52.099998474121094,171412143
2021-05-07,40.75324249267578,54.0,54.099998474121094,52.599998474121094,52.70000076293945,169832029
2021-05-10,39.62120819091797,52.5,54.20000076293945,52.5,54.20000076293945,117825384
2021-05-11,36.979793548583984,49.0,50.79999923706055,48.04999923706055,50.0,283383118
2021-05-12,34.979862213134766,46.349998474121094,49.70000076293945,44.099998474121094,48.400001525878906,354706491
2021-05-13,35.88549041748047,47.54999923706055,48.849998474121094,44.45000076293945,44.849998474121094,324988395
2021-05-14,35.31947708129883,46.79999923706055,49.650001525878906,46.650001525878906,48.79999923706055,235085819
2021-05-17,33.168609619140625,43.95000076293945,46.650001525878906,43.04999923706055,43.79999923706055,231540797
2021-05-18,36.451507568359375,48.29999923706055,48.29999923706055,46.0,46.25,279930310
2021-05-19,36.451507568359375,48.29999923706055,49.20000076293945,47.5,48.349998474121094,211703899
2021-05-20,35.09306716918945,46.5,48.0,46.45000076293945,47.5,170017389
2021-05-21,35.43267822265625,46.95000076293945,48.20000076293945,46.849998474121094,47.75,146104971
2021-05-24,36.753387451171875,48.70000076293945,49.0,46.349998474121094,46.599998474121094,159953560
2021-05-25,39.168392181396484,51.900001525878906,53.0,49.900001525878906,50.20000076293945,384540274
2021-05-26,38.715579986572266,51.29999923706055,53.5,51.099998474121094,52.29999923706055,241551225
2021-05-27,38.187294006347656,50.599998474121094,51.70000076293945,50.0,50.70000076293945,166932535
2021-05-28,39.545738220214844,52.400001525878906,53.0,51.599998474121094,52.099998474121094,216667060
2021-05-31,39.99855041503906,53.0,53.5,51.900001525878906,52.900001525878906,199540916
2021-06-01,39.394798278808594,52.20000076293945,54.0,52.20000076293945,53.20000076293945,153532972
2021-06-02,39.243858337402344,52.0,53.0,51.599998474121094,52.599998474121094,115535465
2021-06-03,41.507930755615234,55.0,55.29999923706055,52.29999923706055,52.79999923706055,379615152
2021-06-04,39.99855041503906,53.0,54.400001525878906,53.0,54.0,259766608
2021-06-07,39.47026443481445,52.29999923706055,53.599998474121094,51.5,53.5,183473659
2021-06-08,39.394798278808594,52.20000076293945,53.20000076293945,52.20000076293945,52.599998474121094,107515690
2021-06-09,38.26276397705078,50.70000076293945,51.900001525878906,50.20000076293945,51.70000076293945,210399319
2021-06-10,38.86651611328125,51.5,51.900001525878906,50.29999923706055,51.0,120939964
2021-06-11,39.092926025390625,51.79999923706055,52.70000076293945,51.599998474121094,52.20000076293945,98330893
2021-06-15,40.526832580566406,53.70000076293945,53.900001525878906,52.79999923706055,53.0,186110330
2021-06-16,39.545738220214844,52.400001525878906,53.5,52.20000076293945,53.29999923706055,144817715
2021-06-17,40.22495651245117,53.29999923706055,53.29999923706055,51.29999923706055,51.599998474121094,103506215
2021-06-18,39.394798278808594,52.20000076293945,53.79999923706055,52.20000076293945,53.599998474121094,128118524
2021-06-21,38.640113830566406,51.20000076293945,52.0,51.0,51.599998474121094,122656928
2021-06-22,38.489173889160156,51.0,52.099998474121094,50.900001525878906,51.900001525878906,86612509
2021-06-23,39.99855041503906,53.0,53.20000076293945,51.29999923706055,51.5,153763312
2021-06-24,39.99855041503906,53.0,53.599998474121094,52.29999923706055,52.900001525878906,150026510
2021-06-25,39.92308044433594,52.900001525878906,54.20000076293945,52.900001525878906,53.79999923706055,122914162
2021-06-28,39.696678161621094,52.599998474121094,53.29999923706055,52.400001525878906,53.20000076293945,71762205
2021-06-29,39.99855041503906,53.0,53.70000076293945,52.900001525878906,53.29999923706055,105202254
2021-06-30,40.07401657104492,53.099998474121094,53.79999923706055,53.099998474121094,53.70000076293945,92830842
2021-07-01,39.31932830810547,52.099998474121094,53.400001525878906,52.099998474121094,53.29999923706055,93087890
2021-07-02,39.696678161621094,52.599998474121094,52.900001525878906,52.099998474121094,52.099998474121094,65650006
2021-07-05,41.055118560791016,54.400001525878906,55.20000076293945,52.79999923706055,53.0,261103676
2021-07-06,40.30043029785156,53.400001525878906,55.20000076293945,53.29999923706055,54.900001525878906,144568255
2021-07-07,40.45136260986328,53.599998474121094,54.099998474121094,53.099998474121094,53.29999923706055,105842538
2021-07-08,40.07401657104492,53.099998474121094,54.099998474121094,53.0,53.900001525878906,95910080
2021-07-09,39.394798278808594,52.20000076293945,52.79999923706055,51.900001525878906,52.5,111119847
2021-07-12,40.14948654174805,53.20000076293945,54.29999923706055,52.900001525878906,53.599998474121094,149134257
2021-07-13,40.67777633666992,53.900001525878906,55.20000076293945,53.599998474121094,53.900001525878906,261564370
2021-07-14,40.75324249267578,54.0,55.0,53.599998474121094,54.79999923706055,119707585
2021-07-15,41.58339309692383,55.099998474121094,55.29999923706055,54.20000076293945,54.400001525878906,181885879
2021-07-16,40.526832580566406,53.70000076293945,54.20000076293945,53.0,53.5,254563948
2021-07-19,39.696678161621094,52.599998474121094,53.400001525878906,52.5,53.400001525878906,142468073
2021-07-20,39.545738220214844,52.400001525878906,53.099998474121094,52.099998474121094,52.29999923706055,110876067
2021-07-21,38.33823013305664,50.79999923706055,53.099998474121094,50.20000076293945,53.0,200758258
2021-07-22,40.519989013671875,52.0,52.79999923706055,50.79999923706055,51.099998474121094,233158928
2021-07-23,41.065452575683594,52.70000076293945,54.099998474121094,52.70000076293945,53.0,207930876
2021-07-26,41.84468460083008,53.70000076293945,54.400001525878906,53.599998474121094,54.0,137614648
2021-07-27,41.377140045166016,53.099998474121094,54.29999923706055,53.099998474121094,54.20000076293945,118407516
2021-07-28,40.3641471862793,51.79999923706055,52.599998474121094,50.5,52.400001525878906,199661413
2021-07-29,42.545989990234375,54.599998474121094,55.0,53.29999923706055,53.900001525878906,436442070
2021-07-30,45.039527893066406,57.79999923706055,59.900001525878906,55.79999923706055,55.79999923706055,688535227
2021-08-02,44.80575942993164,57.5,59.70000076293945,56.79999923706055,59.29999923706055,340356559
2021-08-03,46.28630065917969,59.400001525878906,59.400001525878906,57.29999923706055,57.599998474121094,261099677
2021-08-04,47.14345169067383,60.5,60.79999923706055,59.099998474121094,60.20000076293945,311304901
2021-08-05,49.40322494506836,63.400001525878906,63.900001525878906,60.20000076293945,61.0,482353715
2021-08-06,48.390220642089844,62.099998474121094,63.79999923706055,61.599998474121094,63.5,347972909
2021-08-09,48.234375,61.900001525878906,62.900001525878906,60.70000076293945,61.599998474121094,208141642
2021-08-10,46.59798812866211,59.79999923706055,62.29999923706055,59.20000076293945,62.0,314701732
2021-08-11,46.6759147644043,59.900001525878906,61.0,58.79999923706055,59.70000076293945,237048006
2021-08-12,46.83176040649414,60.099998474121094,61.5,59.79999923706055,60.29999923706055,165790481
2021-08-13,44.88368225097656,57.599998474121094,60.400001525878906,57.5,60.29999923706055,223682413
2021-08-16,44.49406814575195,57.099998474121094,58.0,56.400001525878906,56.5,142031104
2021-08-17,44.49406814575195,57.099998474121094,57.099998474121094,57.099998474121094,57.099998474121094,0
2021-08-18,45.27330017089844,58.099998474121094,58.20000076293945,55.29999923706055,55.29999923706055,191337750
2021-08-19,43.24729537963867,55.5,57.400001525878906,55.5,57.20000076293945,176436947
2021-08-20,43.40314483642578,55.70000076293945,56.400001525878906,54.400001525878906,56.29999923706055,141868003
2021-08-23,45.66291046142578,58.599998474121094,58.79999923706055,57.0,57.400001525878906,162895991
2021-08-24,45.50706481933594,58.400001525878906,60.099998474121094,58.29999923706055,59.599998474121094,177396116
2021-08-25,46.75383377075195,60.0,60.599998474121094,59.20000076293945,59.400001525878906,224280323
2021-08-26,47.68891525268555,61.20000076293945,62.70000076293945,60.29999923706055,62.400001525878906,259611356
2021-08-27,48.078529357910156,61.70000076293945,61.79999923706055,60.400001525878906,61.0,169766283
2021-08-30,48.9356803894043,62.79999923706055,63.0,61.70000076293945,62.400001525878906,205005185
2021-08-31,49.16944885253906,63.099998474121094,63.099998474121094,61.5,62.400001525878906,180534243
2021-09-01,49.94868087768555,64.0999984741211,64.5,62.599998474121094,62.79999923706055,259293907
2021-09-02,49.87076187133789,64.0,67.0,64.0,65.0,419823016
2021-09-03,54.546138763427734,70.0,70.0,65.4000015258789,65.5,636849628
2021-09-06,54.468223571777344,69.9000015258789,72.0,68.30000305175781,69.0999984741211,582599522
2021-09-07,53.143524169921875,68.19999694824219,70.5999984741211,67.5999984741211,70.0999984741211,329592945
2021-09-08,51.273380279541016,65.80000305175781,67.9000015258789,65.0999984741211,67.0999984741211,370835503
2021-09-09,52.59806823730469,67.5,67.9000015258789,65.0999984741211,65.30000305175781,280162094
2021-09-10,53.143524169921875,68.19999694824219,69.0,67.19999694824219,67.4000015258789,212454512
2021-09-13,52.05260467529297,66.80000305175781,68.9000015258789,66.80000305175781,68.30000305175781,164440315
2021-09-14,51.42921829223633,66.0,67.30000305175781,65.5999984741211,67.0,157083603
2021-09-15,51.11752700805664,65.5999984741211,66.5,65.5,66.19999694824219,104901582
2021-09-16,51.58506393432617,66.19999694824219,67.5,65.80000305175781,66.19999694824219,140953678
2021-09-17,51.11752700805664,65.5999984741211,67.19999694824219,65.5,66.19999694824219,168231667
2021-09-22,50.338294982910156,64.5999984741211,65.0,63.099998474121094,63.20000076293945,165283608
2021-09-23,50.80583572387695,65.19999694824219,66.0999984741211,65.0,65.9000015258789,118279945
2021-09-24,52.20845031738281,67.0,67.0999984741211,65.80000305175781,66.0,127879293
2021-09-27,51.66299057006836,66.30000305175781,67.5,66.0,67.30000305175781,92868852
2021-09-28,50.88376235961914,65.30000305175781,66.0,65.30000305175781,65.80000305175781,80605472
2021-09-29,49.09152603149414,63.0,64.30000305175781,63.0,63.599998474121094,217250781
2021-09-30,49.87076187133789,64.0,64.4000015258789,62.5,63.29999923706055,120716424
2021-10-01,48.77983474731445,62.599998474121094,63.79999923706055,62.099998474121094,63.400001525878906,142501064
2021-10-04,47.37721633911133,60.79999923706055,63.29999923706055,60.599998474121094,63.099998474121094,131200706
2021-10-05,47.61098861694336,61.099998474121094,61.29999923706055,58.0,58.70000076293945,189918094
2021-10-06,46.6759147644043,59.900001525878906,61.70000076293945,59.5,61.5,131848168
2021-10-07,48.7019157409668,62.5,62.599998474121094,60.79999923706055,60.900001525878906,151354156
2021-10-08,47.61098861694336,61.099998474121094,62.599998474121094,61.0,62.599998474121094,115041097
2021-10-12,45.58498764038086,58.5,59.70000076293945,58.5,59.5,162345809
2021-10-13,43.9486083984375,56.400001525878906,58.900001525878906,56.400001525878906,58.29999923706055,228247159
2021-10-14,44.182373046875,56.70000076293945,57.599998474121094,56.5,57.29999923706055,118769240
2021-10-15,46.05252456665039,59.099998474121094,60.20000076293945,58.0,58.20000076293945,212901390
2021-10-18,45.50706481933594,58.400001525878906,59.70000076293945,58.400001525878906,59.70000076293945,119794110
2021-10-19,46.442142486572266,59.599998474121094,59.900001525878906,58.400001525878906,59.099998474121094,103789955
2021-10-20,45.740840911865234,58.70000076293945,60.20000076293945,58.29999923706055,59.79999923706055,150190445
2021-10-21,45.19537353515625,58.0,59.099998474121094,57.400001525878906,58.099998474121094,131526430
2021-10-22,45.42914581298828,58.29999923706055,58.5,57.20000076293945,58.0,103407443
2021-10-25,46.28630065917969,59.400001525878906,59.400001525878906,57.29999923706055,58.0,122194078
2021-10-26,46.59798812866211,59.79999923706055,60.79999923706055,59.400001525878906,59.79999923706055,179013620
2021-10-27,48.234375,61.900001525878906,61.900001525878906,59.599998474121094,60.0,205373116
2021-10-28,46.59798812866211,59.79999923706055,61.099998474121094,59.79999923706055,60.70000076293945,273608270
2021-10-29,45.19537353515625,58.0,59.5,58.0,59.5,228569205
2021-11-01,44.88368225097656,57.599998474121094,58.599998474121094,57.400001525878906,58.099998474121094,133814105
2021-11-02,45.974605560302734,59.0,60.20000076293945,58.099998474121094,58.20000076293945,196050588
2021-11-03,46.13045120239258,59.20000076293945,60.099998474121094,59.0,60.0,93460973
2021-11-04,45.66291046142578,58.599998474121094,59.900001525878906,58.5,59.900001525878906,76279150
2021-11-05,47.065528869628906,60.400001525878906,60.900001525878906,59.20000076293945,59.599998474121094,186857464
2021-11-08,48.7019157409668,62.5,62.5,60.5,60.70000076293945,207476998
2021-11-09,49.16944885253906,63.099998474121094,64.9000015258789,63.099998474121094,63.79999923706055,229429473
2021-11-10,49.16944885253906,63.099998474121094,64.0,62.400001525878906,63.400001525878906,126681412
2021-11-11,48.468143463134766,62.20000076293945,62.79999923706055,62.099998474121094,62.400001525878906,108353293
2021-11-12,48.77983474731445,62.599998474121094,63.79999923706055,62.5,63.29999923706055,108567895
2021-11-15,49.40322494506836,63.400001525878906,63.70000076293945,62.79999923706055,63.599998474121094,74553814
2021-11-16,49.09152603149414,63.0,63.70000076293945,63.0,63.70000076293945,74721656
2021-11-17,49.55906677246094,63.599998474121094,64.0999984741211,62.70000076293945,63.29999923706055,111469217
2021-11-18,49.16944885253906,63.099998474121094,63.900001525878906,63.0,63.599998474121094,82944078
2021-11-19,50.72791290283203,65.0999984741211,66.0999984741211,64.0,64.19999694824219,368830431
2021-11-22,50.416221618652344,64.69999694824219,66.0,64.5999984741211,65.5,151356281
2021-11-23,49.24737548828125,63.20000076293945,64.5,62.900001525878906,64.5,136256721
2021-11-24,49.16944885253906,63.099998474121094,63.400001525878906,62.5,62.70000076293945,93267750
2021-11-25,49.09152603149414,63.0,63.5,62.599998474121094,63.5,67682737
2021-11-26,48.7019157409668,62.5,64.80000305175781,62.5,64.5999984741211,181896349
2021-11-29,48.62398910522461,62.400001525878906,62.70000076293945,60.900001525878906,62.0,111274094
2021-11-30,49.63698959350586,63.70000076293945,65.19999694824219,63.70000076293945,64.30000305175781,277535104
2021-12-01,52.20845031738281,67.0,67.0,64.0999984741211,64.4000015258789,271112474
2021-12-02,51.97467803955078,66.69999694824219,68.5,66.5999984741211,67.4000015258789,309629242
2021-12-03,53.22145080566406,68.30000305175781,68.4000015258789,67.0,67.5999984741211,184103948
2021-12-06,52.442222595214844,67.30000305175781,68.19999694824219,66.69999694824219,68.19999694824219,134977704
2021-12-07,51.8188362121582,66.5,67.9000015258789,66.19999694824219,67.9000015258789,155164688
2021-12-08,51.8188362121582,66.5,68.19999694824219,66.5,68.19999694824219,145042808
2021-12-09,49.87076187133789,64.0,65.69999694824219,64.0,65.0999984741211,283828545
2021-12-10,49.481143951416016,63.5,64.19999694824219,62.70000076293945,62.900001525878906,150096505
2021-12-13,48.9356803894043,62.79999923706055,63.900001525878906,62.79999923706055,63.900001525878906,105402091
2021-12-14,48.62398910522461,62.400001525878906,62.70000076293945,61.5,62.5,103901892
2021-12-15,48.857757568359375,62.70000076293945,63.400001525878906,62.5,62.5,93198092
2021-12-16,49.09152603149414,63.0,64.5999984741211,62.900001525878906,64.19999694824219,137799524
2021-12-17,48.54606628417969,62.29999923706055,62.70000076293945,62.099998474121094,62.20000076293945,87120133
2021-12-20,48.468143463134766,62.20000076293945,62.599998474121094,62.0,62.29999923706055,63987172
2021-12-21,49.013607025146484,62.900001525878906,63.29999923706055,62.400001525878906,62.599998474121094,76514949
2021-12-22,49.63698959350586,63.70000076293945,63.900001525878906,63.29999923706055,63.400001525878906,82654446
2021-12-23,49.79283142089844,63.900001525878906,64.5,63.79999923706055,64.4000015258789,70656246
2021-12-24,50.104530334472656,64.30000305175781,64.9000015258789,64.0999984741211,64.30000305175781,75313292
2021-12-27,50.104530334472656,64.30000305175781,64.69999694824219,64.19999694824219,64.5999984741211,45805295
2021-12-28,50.416221618652344,64.69999694824219,65.19999694824219,64.69999694824219,64.9000015258789,79937853
2021-12-29,50.649986267089844,65.0,65.19999694824219,64.69999694824219,65.0999984741211,52868829
2021-12-30,50.649986267089844,65.0,65.30000305175781,64.80000305175781,65.0999984741211,48028296
2022-01-03,49.40322494506836,63.400001525878906,65.5,63.20000076293945,65.19999694824219,120134207
2022-01-04,49.09152603149414,63.0,64.0,62.79999923706055,63.5,113554504
2022-01-05,49.16944885253906,63.099998474121094,64.0,62.70000076293945,63.0,83002873
2022-01-06,48.857757568359375,62.70000076293945,62.900001525878906,62.400001525878906,62.5,80543215
2022-01-07,48.77983474731445,62.599998474121094,63.70000076293945,62.5,63.70000076293945,99195601
2022-01-10,48.390220642089844,62.099998474121094,62.5,61.79999923706055,62.0,95348594
2022-01-11,48.390220642089844,62.099998474121094,62.5,61.900001525878906,62.29999923706055,44217559
2022-01-12,48.234375,61.900001525878906,62.79999923706055,61.79999923706055,62.70000076293945,74002300
2022-01-13,49.325294494628906,63.29999923706055,63.599998474121094,62.099998474121094,62.099998474121094,115790076
2022-01-14,48.857757568359375,62.70000076293945,63.5,62.20000076293945,63.5,92471313
2022-01-17,50.104530334472656,64.30000305175781,64.4000015258789,63.0,63.099998474121094,154911953
2022-01-18,49.714908599853516,63.79999923706055,64.9000015258789,63.79999923706055,64.5,96924393
2022-01-19,48.9356803894043,62.79999923706055,63.5,62.79999923706055,63.0,75176729
2022-01-20,49.481143951416016,63.5,63.79999923706055,62.5,62.900001525878906,61673388
2022-01-21,48.9356803894043,62.79999923706055,63.29999923706055,62.599998474121094,62.70000076293945,84065982
2022-01-24,48.77983474731445,62.599998474121094,62.79999923706055,61.20000076293945,62.29999923706055,104842422
2022-01-25,47.92267990112305,61.5,62.20000076293945,61.5,61.79999923706055,128470767
2022-01-26,44.64990997314453,57.29999923706055,58.5,56.099998474121094,56.400001525878906,399886476
2022-02-07,42.46806716918945,54.5,57.0,53.70000076293945,56.900001525878906,303067087
2022-02-08,43.169376373291016,55.400001525878906,55.900001525878906,54.599998474121094,54.599998474121094,145754347
2022-02-09,43.63691329956055,56.0,56.79999923706055,55.70000076293945,56.29999923706055,104196446
2022-02-10,43.4810676574707,55.79999923706055,57.0,55.099998474121094,57.0,113911457
2022-02-11,43.169376373291016,55.400001525878906,56.0,55.0,55.5,84581234
2022-02-14,41.29922103881836,53.0,54.099998474121094,53.0,54.0,159459899
2022-02-15,41.688838958740234,53.5,54.29999923706055,53.0,53.0,100424261
2022-02-16,42.156375885009766,54.099998474121094,54.900001525878906,54.099998474121094,54.599998474121094,90558141
2022-02-17,42.39014434814453,54.400001525878906,55.0,54.099998474121094,54.70000076293945,67766598
2022-02-18,41.84468460083008,53.70000076293945,54.0,53.5,53.79999923706055,81812084
2022-02-21,41.922603607177734,53.79999923706055,54.400001525878906,53.0,53.29999923706055,77093640
2022-02-22,41.14337921142578,52.79999923706055,53.400001525878906,52.29999923706055,53.20000076293945,111986147
2022-02-23,41.76675796508789,53.599998474121094,53.599998474121094,52.900001525878906,52.900001525878906,56264257
2022-02-24,40.3641471862793,51.79999923706055,53.20000076293945,51.70000076293945,52.79999923706055,105770914
2022-02-25,40.5979118347168,52.099998474121094,53.29999923706055,52.0,53.0,107149479
2022-03-01,42.156375885009766,54.099998474121094,54.5,52.5,53.0,117258341
2022-03-02,41.76675796508789,53.599998474121094,53.900001525878906,53.099998474121094,53.20000076293945,57767223
2022-03-03,42.23429870605469,54.20000076293945,54.5,53.79999923706055,54.20000076293945,46574496
2022-03-04,41.61091995239258,53.400001525878906,53.79999923706055,53.20000076293945,53.29999923706055,45291882
2022-03-07,40.20829772949219,51.599998474121094,52.79999923706055,51.29999923706055,52.79999923706055,106963655
2022-03-08,38.727760314941406,49.70000076293945,51.20000076293945,49.5,50.599998474121094,178913624
2022-03-09,40.3641471862793,51.79999923706055,52.20000076293945,50.5,50.79999923706055,97926742
2022-03-10,41.14337921142578,52.79999923706055,53.79999923706055,52.599998474121094,53.5,96899292
2022-03-11,40.90960693359375,52.5,53.0,52.29999923706055,52.70000076293945,46824536
2022-03-14,40.90960693359375,52.5,53.099998474121094,51.79999923706055,52.70000076293945,59505595
2022-03-15,39.273223876953125,50.400001525878906,51.599998474121094,50.20000076293945,51.400001525878906,117655236
2022-03-16,39.58491134643555,50.79999923706055,51.29999923706055,50.099998474121094,51.20000076293945,82159391
2022-03-17,40.98752975463867,52.599998474121094,52.79999923706055,52.20000076293945,52.400001525878906,106432004
2022-03-18,41.14337921142578,52.79999923706055,53.0,52.5,52.70000076293945,66178749
2022-03-21,41.688838958740234,53.5,53.70000076293945,53.099998474121094,53.5,50926506
2022-03-22,41.688838958740234,53.5,53.5,52.900001525878906,53.5,47683407
2022-03-23,41.922603607177734,53.79999923706055,54.20000076293945,53.599998474121094,53.79999923706055,63371218
2022-03-24,41.4550666809082,53.20000076293945,53.400001525878906,52.900001525878906,53.0,49965271
2022-03-25,41.532989501953125,53.29999923706055,53.599998474121094,53.0,53.5,42172838
2022-03-28,41.76675796508789,53.599998474121094,53.79999923706055,52.79999923706055,53.20000076293945,40335325
2022-03-29,41.84468460083008,53.70000076293945,54.0,53.29999923706055,53.900001525878906,39470682
2022-03-30,42.46806716918945,54.5,54.5,54.0,54.099998474121094,67529942
2022-03-31,42.078453063964844,54.0,54.20000076293945,53.79999923706055,54.099998474121094,48328440
2022-04-01,41.22129821777344,52.900001525878906,53.099998474121094,52.5,53.099998474121094,83819843
2022-04-06,39.81868362426758,51.099998474121094,51.70000076293945,50.79999923706055,51.599998474121094,130463959
2022-04-07,38.96152877807617,50.0,50.599998474121094,50.0,50.099998474121094,113474739
2022-04-08,38.96152877807617,50.0,50.400001525878906,50.0,50.099998474121094,91544578
2022-04-11,37.55891799926758,48.20000076293945,50.0,48.04999923706055,50.0,172822222
2022-04-12,36.857608795166016,47.29999923706055,48.150001525878906,47.0,47.29999923706055,149437106
2022-04-13,37.79268264770508,48.5,48.75,47.75,47.849998474121094,91562763
2022-04-14,37.597877502441406,48.25,49.04999923706055,48.20000076293945,49.0,63462591
2022-04-15,36.66279602050781,47.04999923706055,47.45000076293945,47.0,47.400001525878906,88548089
2022-04-18,36.00045394897461,46.20000076293945,46.849998474121094,46.20000076293945,46.599998474121094,70630379
2022-04-19,36.35110855102539,46.650001525878906,47.150001525878906,46.599998474121094,46.75,69983560
2022-04-20,37.130340576171875,47.650001525878906,47.650001525878906,47.099998474121094,47.45000076293945,63624569
2022-04-21,37.44203186035156,48.04999923706055,48.400001525878906,47.650001525878906,47.900001525878906,57340757
2022-04-22,37.130340576171875,47.650001525878906,47.650001525878906,47.20000076293945,47.5,44600819
2022-04-25,35.45499038696289,45.5,46.5,45.29999923706055,46.5,109358305
2022-04-26,35.649803161621094,45.75,46.099998474121094,45.25,46.0,51558629
2022-04-27,34.59783935546875,44.400001525878906,44.400001525878906,43.54999923706055,44.0,104597756
2022-04-28,37.79268264770508,48.5,48.79999923706055,45.849998474121094,46.29999923706055,235761700
2022-04-29,37.24721908569336,47.79999923706055,49.900001525878906,47.70000076293945,49.599998474121094,187382650
2022-05-03,36.81864547729492,47.25,48.5,47.099998474121094,47.70000076293945,84508425
2022-05-04,37.636837005615234,48.29999923706055,48.29999923706055,47.349998474121094,47.349998474121094,63133086
2022-05-05,38.26021957397461,49.099998474121094,49.849998474121094,48.849998474121094,49.70000076293945,103997181
2022-05-06,37.831642150878906,48.54999923706055,48.54999923706055,47.400001525878906,47.45000076293945,82849111
2022-05-09,37.32514953613281,47.900001525878906,49.0,47.900001525878906,48.5,63852606
2022-05-10,38.10437774658203,48.900001525878906,48.900001525878906,46.849998474121094,47.0,85028280
2022-05-11,37.90957260131836,48.650001525878906,49.20000076293945,48.25,48.599998474121094,78480733
2022-05-12,37.24721908569336,47.79999923706055,48.599998474121094,47.70000076293945,48.150001525878906,70288246
2022-05-13,38.06541442871094,48.849998474121094,49.099998474121094,48.29999923706055,48.5,73860423
2022-05-16,38.532955169677734,49.45000076293945,50.29999923706055,49.29999923706055,49.75,112735101
2022-05-17,39.039451599121094,50.099998474121094,50.400001525878906,49.70000076293945,50.0,89761593
2022-05-18,39.66283416748047,50.900001525878906,51.29999923706055,50.70000076293945,51.0,95535126
2022-05-19,39.58491134643555,50.79999923706055,50.79999923706055,49.29999923706055,49.29999923706055,86986838
2022-05-20,39.50699234008789,50.70000076293945,51.20000076293945,50.5,51.099998474121094,54871546
2022-05-23,39.19529724121094,50.29999923706055,51.400001525878906,50.099998474121094,51.20000076293945,51203951
2022-05-24,38.18230056762695,49.0,50.5,49.0,50.400001525878906,70613038
2022-05-25,38.45502853393555,49.349998474121094,49.45000076293945,48.650001525878906,49.04999923706055,55450045
2022-05-26,38.49399185180664,49.400001525878906,50.20000076293945,49.29999923706055,49.900001525878906,38717807
2022-05-27,39.117374420166016,50.20000076293945,50.20000076293945,49.900001525878906,50.0,44272926
2022-05-30,39.74076461791992,51.0,51.400001525878906,50.5,51.0,56426824
2022-05-31,40.052452087402344,51.400001525878906,51.5,50.70000076293945,50.900001525878906,90647218
2022-06-01,39.896610260009766,51.20000076293945,51.599998474121094,51.0,51.099998474121094,53236364
2022-06-02,39.50699234008789,50.70000076293945,51.0,50.599998474121094,50.900001525878906,49193727
2022-06-06,40.519989013671875,52.0,52.0,50.70000076293945,51.20000076293945,90265356
2022-06-07,40.286224365234375,51.70000076293945,51.900001525878906,51.20000076293945,51.599998474121094,60602619
2022-06-08,40.83168411254883,52.400001525878906,52.70000076293945,52.099998474121094,52.20000076293945,70914419
2022-06-09,40.3641471862793,51.79999923706055,52.20000076293945,51.79999923706055,52.099998474121094,39439506
2022-06-10,39.896610260009766,51.20000076293945,51.70000076293945,50.79999923706055,51.0,42745053
2022-06-13,38.96152877807617,50.0,50.400001525878906,49.900001525878906,50.099998474121094,80943487
2022-06-14,38.649837493896484,49.599998474121094,49.70000076293945,49.099998474121094,49.25,66117883
2022-06-15,38.68879699707031,49.650001525878906,50.400001525878906,49.650001525878906,49.95000076293945,59657666
2022-06-16,38.26021957397461,49.099998474121094,50.79999923706055,49.04999923706055,50.5,65327274
2022-06-17,37.130340576171875,47.650001525878906,48.20000076293945,47.20000076293945,48.04999923706055,151877009
2022-06-20,37.44203186035156,48.04999923706055,49.0,47.79999923706055,48.400001525878906,122064321
2022-06-21,38.41606903076172,49.29999923706055,49.29999923706055,47.95000076293945,48.5,130353483
2022-06-22,36.59068298339844,44.099998474121094,46.349998474121094,44.099998474121094,46.29999923706055,199757207
2022-06-23,34.848270416259766,42.0,44.150001525878906,41.04999923706055,44.04999923706055,204802598
2022-06-24,34.51637649536133,41.599998474121094,42.95000076293945,41.599998474121094,42.5,98110599
2022-06-27,35.59502029418945,42.900001525878906,43.29999923706055,42.400001525878906,42.599998474121094,89426186
2022-06-28,34.723812103271484,41.849998474121094,42.95000076293945,41.849998474121094,42.95000076293945,56708799
2022-06-29,33.935577392578125,40.900001525878906,41.54999923706055,40.70000076293945,41.25,68428072
2022-06-30,32.48356628417969,39.150001525878906,40.599998474121094,39.150001525878906,40.599998474121094,119517641
2022-07-01,31.570873260498047,38.04999923706055,39.900001525878906,38.04999923706055,39.150001525878906,135667180
2022-07-04,31.65384864807129,38.150001525878906,38.5,37.5,38.04999923706055,113656903
2022-07-05,32.27613830566406,38.900001525878906,39.54999923706055,38.0,39.400001525878906,84341341
2022-07-06,30.824125289916992,37.150001525878906,38.900001525878906,37.150001525878906,38.5,101611371
2022-07-07,33.064369201660156,39.849998474121094,40.5,37.25,37.849998474121094,169918818
2022-07-08,32.93991470336914,39.70000076293945,40.70000076293945,39.400001525878906,40.45000076293945,111431250
2022-07-11,32.027217864990234,38.599998474121094,40.0,38.349998474121094,39.849998474121094,78579255
2022-07-12,30.49223518371582,36.75,38.0,36.75,37.70000076293945,121975329
2022-07-13,31.570873260498047,38.04999923706055,39.0,37.849998474121094,38.79999923706055,113163223
2022-07-14,32.19316101074219,38.79999923706055,39.20000076293945,37.400001525878906,37.900001525878906,106195225
2022-07-15,32.317623138427734,38.95000076293945,39.400001525878906,38.5,39.0,93282900
2022-07-18,33.18882751464844,40.0,40.20000076293945,39.5,39.599998474121094,94635836
2022-07-19,33.10585403442383,39.900001525878906,40.150001525878906,39.54999923706055,39.650001525878906,50097902
2022-07-20,33.811119079589844,40.75,41.150001525878906,40.45000076293945,41.0,74999094
2022-07-21,35.512046813964844,42.79999923706055,42.79999923706055,40.79999923706055,41.0,137515298
2022-07-22,35.22164535522461,42.45000076293945,43.04999923706055,42.04999923706055,42.79999923706055,110057629
2022-07-25,33.60368728637695,40.5,41.349998474121094,40.20000076293945,41.29999923706055,102999108
2022-07-26,32.027217864990234,38.599998474121094,40.099998474121094,38.29999923706055,40.099998474121094,161723851
2022-07-27,32.73248291015625,39.45000076293945,39.5,38.20000076293945,38.349998474121094,109141607
2022-07-28,32.19316101074219,38.79999923706055,40.5,38.70000076293945,40.45000076293945,148493712
2022-07-29,33.31328582763672,40.150001525878906,40.20000076293945,39.400001525878906,39.5,109251171
2022-08-01,33.437747955322266,40.29999923706055,40.29999923706055,39.54999923706055,40.04999923706055,43204752
2022-08-02,32.44207763671875,39.099998474121094,39.599998474121094,38.79999923706055,39.54999923706055,71694172
2022-08-03,32.60802459716797,39.29999923706055,39.349998474121094,38.79999923706055,39.099998474121094,44604528
2022-08-04,33.18882751464844,40.0,40.20000076293945,39.349998474121094,39.79999923706055,73337609
2022-08-05,34.97272872924805,42.150001525878906,42.349998474121094,40.599998474121094,40.95000076293945,156027274
2022-08-08,34.060035705566406,41.04999923706055,41.650001525878906,41.0,41.400001525878906,70316154
2022-08-09,34.060035705566406,41.04999923706055,41.45000076293945,40.150001525878906,40.849998474121094,57553957
2022-08-10,33.437747955322266,40.29999923706055,40.45000076293945,40.04999923706055,40.29999923706055,59867589
2022-08-11,34.5993537902832,41.70000076293945,41.849998474121094,41.400001525878906,41.650001525878906,82326023
2022-08-12,35.138668060302734,42.349998474121094,42.650001525878906,41.79999923706055,41.900001525878906,71258030
2022-08-15,36.09285354614258,43.5,43.5,42.79999923706055,42.849998474121094,86310145
2022-08-16,35.71947479248047,43.04999923706055,43.599998474121094,42.849998474121094,43.54999923706055,54160486
2022-08-17,35.553531646728516,42.849998474121094,43.20000076293945,42.650001525878906,43.150001525878906,46303780
2022-08-18,35.26313018798828,42.5,42.5,42.04999923706055,42.099998474121094,35280239
2022-08-19,35.6779899597168,43.0,43.20000076293945,42.5,42.75,34107416
2022-08-22,34.806785583496094,41.95000076293945,42.25,41.900001525878906,42.20000076293945,33625000
2022-08-23,33.852603912353516,40.79999923706055,41.25,40.79999923706055,40.95000076293945,60939728
2022-08-24,33.935577392578125,40.900001525878906,41.349998474121094,40.849998474121094,41.099998474121094,36198142
2022-08-25,34.350440979003906,41.400001525878906,41.650001525878906,41.150001525878906,41.29999923706055,36753597
2022-08-26,34.26746368408203,41.29999923706055,42.150001525878906,41.29999923706055,42.0,41925852
2022-08-29,33.147342681884766,39.95000076293945,40.04999923706055,39.29999923706055,39.650001525878906,77947283
2022-08-30,33.52071762084961,40.400001525878906,40.849998474121094,39.849998474121094,40.099998474121094,36127846
2022-08-31,34.10152053833008,41.099998474121094,41.20000076293945,39.900001525878906,40.04999923706055,47051905
2022-09-01,33.56220245361328,40.45000076293945,40.70000076293945,40.0,40.20000076293945,40264410
2022-09-02,33.60368728637695,40.5,40.849998474121094,40.29999923706055,40.599998474121094,49625651
2022-09-05,33.022884368896484,39.79999923706055,40.5,39.25,40.29999923706055,88728180
2022-09-06,33.147342681884766,39.95000076293945,40.20000076293945,39.75,39.95000076293945,38130526
2022-09-07,32.52505111694336,39.20000076293945,39.79999923706055,39.150001525878906,39.599998474121094,56935811
2022-09-08,32.60802459716797,39.29999923706055,39.70000076293945,39.099998474121094,39.70000076293945,44441885
2022-09-12,33.31328582763672,40.150001525878906,40.95000076293945,40.0,40.0,68900843
2022-09-13,33.811119079589844,40.75,40.79999923706055,40.5,40.599998474121094,38459201
2022-09-14,33.31328582763672,40.150001525878906,40.400001525878906,39.400001525878906,39.45000076293945,54221462
2022-09-15,33.52071762084961,40.400001525878906,40.75,40.099998474121094,40.400001525878906,43284742
2022-09-16,33.147342681884766,39.95000076293945,40.349998474121094,39.95000076293945,40.29999923706055,58273261
2022-09-19,33.147342681884766,39.95000076293945,40.099998474121094,39.70000076293945,39.95000076293945,31821296
2022-09-20,33.31328582763672,40.150001525878906,40.45000076293945,39.900001525878906,40.20000076293945,37794410
2022-09-21,32.85694122314453,39.599998474121094,39.95000076293945,39.29999923706055,39.849998474121094,50581171
2022-09-22,32.15167999267578,38.75,39.04999923706055,38.599998474121094,39.0,55656445
2022-09-23,31.778301239013672,38.29999923706055,38.900001525878906,38.150001525878906,38.5,45731995
2022-09-26,30.575206756591797,36.849998474121094,37.849998474121094,36.75,37.79999923706055,67912112
2022-09-27,30.94858169555664,37.29999923706055,37.5,36.849998474121094,37.29999923706055,46286821
2022-09-28,30.035888671875,36.20000076293945,37.95000076293945,36.150001525878906,37.5,72870615
2022-09-29,30.3262939453125,36.54999923706055,37.25,36.150001525878906,37.20000076293945,46575551
2022-09-30,29.662513732910156,35.75,35.79999923706055,35.04999923706055,35.599998474121094,81730648
2022-10-03,29.330625534057617,35.349998474121094,35.95000076293945,35.0,35.349998474121094,57761522
2022-10-04,31.280467987060547,37.70000076293945,37.70000076293945,36.29999923706055,36.29999923706055,76720137
2022-10-05,31.778301239013672,38.29999923706055,39.0,38.25,38.79999923706055,94638164
2022-10-06,32.317623138427734,38.95000076293945,39.0,38.20000076293945,38.54999923706055,57663694
2022-10-07,31.570873260498047,38.04999923706055,38.599998474121094,38.0,38.599998474121094,46871723
2022-10-11,29.372114181518555,35.400001525878906,36.400001525878906,35.29999923706055,36.29999923706055,97394246
2022-10-12,30.45075035095215,36.70000076293945,36.75,35.150001525878906,35.20000076293945,84105734
2022-10-13,30.20183753967285,36.400001525878906,37.20000076293945,36.20000076293945,36.650001525878906,70601673
2022-10-14,32.11019515991211,38.70000076293945,38.75,37.79999923706055,38.099998474121094,116583617
2022-10-17,31.32195472717285,37.75,38.099998474121094,37.04999923706055,37.79999923706055,75058345
2022-10-18,31.73681640625,38.25,38.79999923706055,38.0,38.650001525878906,63553154
2022-10-19,31.69533348083496,38.20000076293945,38.900001525878906,38.0,38.29999923706055,70711372
2022-10-20,32.77396774291992,39.5,39.5,37.54999923706055,37.70000076293945,115651235
2022-10-21,32.40059280395508,39.04999923706055,39.95000076293945,38.900001525878906,39.5,92001219
2022-10-24,32.69099426269531,39.400001525878906,40.79999923706055,39.400001525878906,40.54999923706055,102938085
2022-10-25,32.73248291015625,39.45000076293945,40.099998474121094,39.349998474121094,39.849998474121094,91594231
2022-10-26,31.61236000061035,38.099998474121094,39.599998474121094,38.0,39.599998474121094,103443365
2022-10-27,32.5665397644043,39.25,39.400001525878906,37.900001525878906,37.95000076293945,90613946
2022-10-28,31.778301239013672,38.29999923706055,38.79999923706055,38.20000076293945,38.70000076293945,53649029
2022-10-31,32.44207763671875,39.099998474121094,39.29999923706055,38.79999923706055,39.0,51260076
2022-11-01,32.40059280395508,39.04999923706055,39.29999923706055,38.75,38.849998474121094,34377166
2022-11-02,32.649505615234375,39.349998474121094,39.599998474121094,39.0,39.25,39919536
2022-11-03,32.359107971191406,39.0,39.150001525878906,38.599998474121094,38.849998474121094,36155621
2022-11-04,32.27613830566406,38.900001525878906,39.099998474121094,38.599998474121094,38.70000076293945,30410548
2022-11-07,33.23031234741211,40.04999923706055,40.20000076293945,39.5,39.5,75828073
2022-11-08,33.31328582763672,40.150001525878906,40.599998474121094,39.79999923706055,40.29999923706055,63627343
2022-11-09,34.39192581176758,41.45000076293945,41.45000076293945,40.75,40.79999923706055,100630117
2022-11-10,34.557865142822266,41.650001525878906,41.650001525878906,40.900001525878906,41.099998474121094,63600346
2022-11-11,36.50770950317383,44.0,45.5,43.900001525878906,45.20000076293945,191455331
2022-11-14,37.25446319580078,44.900001525878906,45.0,44.29999923706055,44.79999923706055,126709347
2022-11-15,38.66498565673828,46.599998474121094,47.099998474121094,44.79999923706055,45.0,194213856
2022-11-16,37.544864654541016,45.25,46.900001525878906,45.04999923706055,46.900001525878906,129929141
2022-11-17,37.83526611328125,45.599998474121094,45.70000076293945,44.25,44.79999923706055,94490785
2022-11-18,37.83526611328125,45.599998474121094,46.599998474121094,45.400001525878906,46.20000076293945,74623478
2022-11-21,37.87675476074219,45.650001525878906,46.0,45.45000076293945,45.849998474121094,41236956
2022-11-22,38.2501220703125,46.099998474121094,46.150001525878906,45.25,45.54999923706055,65457989
2022-11-23,38.2501220703125,46.099998474121094,46.5,46.099998474121094,46.349998474121094,45884654
2022-11-24,38.33309555053711,46.20000076293945,46.5,45.599998474121094,46.400001525878906,38914337
2022-11-25,38.0012092590332,45.79999923706055,46.150001525878906,45.70000076293945,46.04999923706055,33819940
2022-11-28,36.839599609375,44.400001525878906,44.95000076293945,44.20000076293945,44.599998474121094,78357139
2022-11-29,37.04703140258789,44.650001525878906,44.75,43.650001525878906,44.04999923706055,58090600
2022-11-30,38.0012092590332,45.79999923706055,45.79999923706055,44.150001525878906,44.349998474121094,61750227
2022-12-01,37.83526611328125,45.599998474121094,46.650001525878906,45.599998474121094,46.5,73822944
2022-12-02,37.752288818359375,45.5,45.650001525878906,44.79999923706055,44.79999923706055,54160843
2022-12-05,37.66931915283203,45.400001525878906,45.900001525878906,45.400001525878906,45.650001525878906,37425551
2022-12-06,36.92257308959961,44.5,45.400001525878906,44.5,45.20000076293945,40478376
2022-12-07,36.217308044433594,43.650001525878906,44.75,43.650001525878906,44.0,74981916
2022-12-08,35.26313018798828,42.5,43.70000076293945,42.5,43.650001525878906,76670517
2022-12-09,36.09285354614258,43.5,43.95000076293945,43.04999923706055,43.400001525878906,55417849
2022-12-12,36.09285354614258,43.5,43.650001525878906,43.0,43.349998474121094,25747200
2022-12-13,36.341766357421875,43.79999923706055,44.20000076293945,43.599998474121094,44.0,54778212
2022-12-14,36.88108444213867,44.45000076293945,44.5,43.95000076293945,44.29999923706055,49166432
2022-12-15,36.71514129638672,44.25,44.45000076293945,43.849998474121094,44.0,38456812
2022-12-16,36.75662612915039,44.29999923706055,44.29999923706055,42.95000076293945,43.150001525878906,95239295
2022-12-19,35.636505126953125,42.95000076293945,43.5,42.849998474121094,43.25,83378719
2022-12-20,34.723812103271484,41.849998474121094,42.849998474121094,41.849998474121094,42.5,80512928
2022-12-21,34.848270416259766,42.0,42.45000076293945,41.75,41.95000076293945,56823850
2022-12-22,35.553531646728516,42.849998474121094,43.099998474121094,42.5,42.650001525878906,52209660
2022-12-23,34.806785583496094,41.95000076293945,42.150001525878906,41.70000076293945,41.95000076293945,33933570
2022-12-26,34.76530075073242,41.900001525878906,42.0,41.599998474121094,42.0,23114661
2022-12-27,34.723812103271484,41.849998474121094,42.5,41.849998474121094,42.04999923706055,23355763
2022-12-28,33.852603912353516,40.79999923706055,41.5,40.650001525878906,41.5,51433985
2022-12-29,33.811119079589844,40.75,41.04999923706055,40.20000076293945,40.25,33299648
2022-12-30,33.76963424682617,40.70000076293945,41.45000076293945,40.70000076293945,41.29999923706055,31353411
2023-01-03,34.350440979003906,41.400001525878906,41.5,40.25,40.45000076293945,34737355
2023-01-04,34.060035705566406,41.04999923706055,41.599998474121094,41.04999923706055,41.25,23573244
2023-01-05,34.22597885131836,41.25,41.79999923706055,41.099998474121094,41.79999923706055,29326997
2023-01-06,35.18016052246094,42.400001525878906,42.400001525878906,41.25,41.29999923706055,54893830
2023-01-09,36.92257308959961,44.5,44.5,43.349998474121094,43.599998474121094,119293217
2023-01-10,37.337432861328125,45.0,45.0,44.20000076293945,44.5,91619765
2023-01-11,37.461891174316406,45.150001525878906,45.5,44.849998474121094,45.29999923706055,67893495
2023-01-12,37.461891174316406,45.150001525878906,45.5,44.70000076293945,45.349998474121094,58099046
2023-01-13,37.66931915283203,45.400001525878906,45.900001525878906,45.150001525878906,45.70000076293945,68861927
2023-01-16,37.25446319580078,44.900001525878906,45.54999923706055,44.599998474121094,45.25,67899354
2023-01-17,38.125667572021484,45.95000076293945,46.0,44.849998474121094,44.95000076293945,123681267
2023-01-30,40.49037170410156,48.79999923706055,48.79999923706055,47.5,47.95000076293945,259934552
2023-01-31,40.49037170410156,48.79999923706055,49.099998474121094,47.900001525878906,48.29999923706055,137164342
2023-02-01,40.86374282836914,49.25,49.5,48.95000076293945,49.5,114483826
2023-02-02,41.81792449951172,50.400001525878906,50.5,50.0,50.0,113657528
2023-02-03,41.569007873535156,50.099998474121094,50.400001525878906,50.0,50.20000076293945,62951018
2023-02-06,40.69779968261719,49.04999923706055,49.79999923706055,49.04999923706055,49.70000076293945,63272202
2023-02-07,40.7807731628418,49.150001525878906,49.45000076293945,48.349998474121094,48.54999923706055,54845672
2023-02-08,41.90089797973633,50.5,50.70000076293945,49.75,49.79999923706055,91987834
2023-02-09,41.90089797973633,50.5,50.900001525878906,49.79999923706055,49.849998474121094,54489972
2023-02-10,42.149810791015625,50.79999923706055,51.20000076293945,50.20000076293945,50.5,62316230
2023-02-13,41.278602600097656,49.75,50.20000076293945,49.150001525878906,50.20000076293945,58610023
2023-02-14,41.81792449951172,50.400001525878906,50.70000076293945,50.0,50.20000076293945,38055955
2023-02-15,41.4030647277832,49.900001525878906,50.599998474121094,49.75,49.900001525878906,54088246
2023-02-16,41.569007873535156,50.099998474121094,50.5,49.70000076293945,50.400001525878906,56240350
2023-02-17,41.48603439331055,50.0,50.20000076293945,49.349998474121094,49.650001525878906,37735264
2023-02-20,41.90089797973633,50.5,50.79999923706055,49.79999923706055,50.0,46850801
2023-02-21,41.98386764526367,50.599998474121094,50.70000076293945,50.20000076293945,50.400001525878906,28793861
2023-02-22,41.11266326904297,49.54999923706055,49.79999923706055,49.400001525878906,49.5,51599954
2023-02-23,41.651981353759766,50.20000076293945,50.5,49.75,49.900001525878906,69814349
2023-02-24,41.444549560546875,49.95000076293945,50.79999923706055,49.95000076293945,50.70000076293945,63799414
2023-03-01,42.56467056274414,51.29999923706055,51.70000076293945,48.95000076293945,49.0,93569096
2023-03-02,42.06684112548828,50.70000076293945,51.20000076293945,50.5,51.099998474121094,40170733
2023-03-03,42.56467056274414,51.29999923706055,51.70000076293945,51.20000076293945,51.29999923706055,37277893
2023-03-06,43.06250762939453,51.900001525878906,52.099998474121094,51.400001525878906,52.0,53372856
2023-03-07,42.8135871887207,51.599998474121094,51.900001525878906,51.0,51.5,43382441
2023-03-08,43.22844696044922,52.099998474121094,52.099998474121094,51.099998474121094,51.400001525878906,49154325
2023-03-09,43.56033706665039,52.5,53.20000076293945,52.400001525878906,52.5,101691322
2023-03-10,43.145477294921875,52.0,52.29999923706055,51.599998474121094,52.0,45381129
2023-03-13,43.56033706665039,52.5,52.5,51.5,51.79999923706055,50745174
2023-03-14,42.06684112548828,50.70000076293945,51.79999923706055,50.70000076293945,51.5,65128554
2023-03-15,42.89656066894531,51.70000076293945,52.29999923706055,51.29999923706055,51.5,54147135
2023-03-16,43.145477294921875,52.0,52.0,51.20000076293945,51.70000076293945,38251084
2023-03-17,44.14113998413086,53.20000076293945,53.20000076293945,52.400001525878906,53.0,93086342
2023-03-20,44.14113998413086,53.20000076293945,53.70000076293945,52.70000076293945,53.400001525878906,63520680
2023-03-21,43.80925369262695,52.79999923706055,53.599998474121094,52.599998474121094,53.5,45323603
2023-03-22,44.39005661010742,53.5,53.5,53.0,53.20000076293945,52511993
2023-03-23,44.224117279052734,53.29999923706055,53.29999923706055,52.599998474121094,53.0,54121683
2023-03-24,44.05816650390625,53.099998474121094,53.400001525878906,52.70000076293945,53.400001525878906,43187989
2023-03-27,43.975196838378906,53.0,53.099998474121094,52.20000076293945,52.79999923706055,33610473
2023-03-28,43.31142044067383,52.20000076293945,53.0,52.099998474121094,52.70000076293945,49512832
2023-03-29,42.730613708496094,51.5,52.400001525878906,51.099998474121094,52.099998474121094,62141441
2023-03-30,43.22844696044922,52.099998474121094,52.400001525878906,51.70000076293945,52.0,39528238
2023-03-31,43.8922233581543,52.900001525878906,53.0,52.5,52.5,38616672
2023-04-06,43.80925369262695,52.79999923706055,52.900001525878906,52.099998474121094,52.599998474121094,27062741
2023-04-07,43.47736358642578,52.400001525878906,53.0,52.400001525878906,52.79999923706055,17914131
2023-04-10,43.22844696044922,52.099998474121094,52.599998474121094,52.099998474121094,52.5,17618359
2023-04-11,42.8135871887207,51.599998474121094,51.900001525878906,51.20000076293945,51.70000076293945,42370862
2023-04-12,43.22844696044922,52.099998474121094,52.29999923706055,51.599998474121094,51.70000076293945,36090701
2023-04-13,42.8135871887207,51.599998474121094,52.20000076293945,51.5,51.79999923706055,38971908
2023-04-14,42.56467056274414,51.29999923706055,52.0,51.29999923706055,51.79999923706055,44076038
2023-04-17,43.145477294921875,52.0,52.099998474121094,51.400001525878906,51.599998474121094,30938868
2023-04-18,43.22844696044922,52.099998474121094,52.79999923706055,51.900001525878906,52.099998474121094,40526179
2023-04-19,42.48170471191406,51.20000076293945,52.400001525878906,51.20000076293945,52.400001525878906,43488184
2023-04-20,42.06684112548828,50.70000076293945,51.5,50.599998474121094,51.29999923706055,38302825
2023-04-21,41.569007873535156,50.099998474121094,51.599998474121094,50.099998474121094,51.0,40257727
2023-04-24,41.15414810180664,49.599998474121094,50.0,49.349998474121094,50.0,46150409
2023-04-25,40.241455078125,48.5,49.79999923706055,48.45000076293945,49.599998474121094,59541021
2023-04-26,40.158485412597656,48.400001525878906,48.650001525878906,47.79999923706055,48.04999923706055,67991794
2023-04-27,40.531856536865234,48.849998474121094,49.20000076293945,48.5,48.5,62993007
2023-04-28,40.73928451538086,49.099998474121094,50.0,49.099998474121094,49.45000076293945,58892831
2023-05-02,41.361576080322266,49.849998474121094,50.20000076293945,49.25,49.5,31537756
2023-05-03,41.444549560546875,49.95000076293945,50.20000076293945,49.400001525878906,49.900001525878906,28657181
2023-05-04,41.19563293457031,49.650001525878906,49.79999923706055,49.400001525878906,49.79999923706055,26487301
2023-05-05,41.15414810180664,49.599998474121094,49.95000076293945,49.5,49.70000076293945,21031387
2023-05-08,41.48603439331055,50.0,50.599998474121094,49.95000076293945,50.099998474121094,27807248
2023-05-09,41.444549560546875,49.95000076293945,50.20000076293945,49.75,50.099998474121094,21745836
2023-05-10,41.029693603515625,49.45000076293945,49.79999923706055,49.20000076293945,49.79999923706055,27619316
2023-05-11,40.82225799560547,49.20000076293945,49.75,49.099998474121094,49.75,25318853
2023-05-12,40.40739822387695,48.70000076293945,48.900001525878906,48.5,48.79999923706055,36653057
2023-05-15,39.90956497192383,48.099998474121094,48.79999923706055,47.900001525878906,48.70000076293945,45110414
2023-05-16,40.49037170410156,48.79999923706055,49.0,48.45000076293945,48.45000076293945,36777132
2023-05-17,40.86374282836914,49.25,49.29999923706055,48.650001525878906,48.900001525878906,45756475
2023-05-18,41.651981353759766,50.20000076293945,50.29999923706055,49.70000076293945,49.95000076293945,40947582
2023-05-19,41.48603439331055,50.0,50.5,49.75,50.5,54028480
2023-05-22,40.57334518432617,48.900001525878906,49.599998474121094,48.70000076293945,49.5,75372804
2023-05-23,40.57334518432617,48.900001525878906,49.20000076293945,48.79999923706055,48.849998474121094,39877300
2023-05-24,40.7807731628418,49.150001525878906,49.150001525878906,48.70000076293945,48.79999923706055,27082718
2023-05-25,40.57334518432617,48.900001525878906,49.400001525878906,48.70000076293945,49.29999923706055,43294146
2023-05-26,41.81792449951172,50.400001525878906,50.79999923706055,49.0,49.04999923706055,126838659
2023-05-29,42.48170471191406,51.20000076293945,52.79999923706055,51.099998474121094,52.29999923706055,81036102
2023-05-30,42.8135871887207,51.599998474121094,51.79999923706055,50.599998474121094,51.20000076293945,55459727
2023-05-31,42.97953414916992,51.79999923706055,51.79999923706055,51.099998474121094,51.400001525878906,102913532
2023-06-01,42.149810791015625,50.79999923706055,51.29999923706055,50.29999923706055,51.29999923706055,56041081
2023-06-02,42.64764404296875,51.400001525878906,51.400001525878906,50.599998474121094,51.0,46344413
2023-06-05,42.232784271240234,50.900001525878906,51.5,50.79999923706055,51.400001525878906,28104311
2023-06-06,41.90089797973633,50.5,50.900001525878906,50.400001525878906,50.79999923706055,34947009
2023-06-07,42.56467056274414,51.29999923706055,51.5,50.70000076293945,50.900001525878906,41388320
2023-06-08,42.730613708496094,51.5,51.70000076293945,51.099998474121094,51.20000076293945,38370270
2023-06-09,43.39439392089844,52.29999923706055,52.400001525878906,51.70000076293945,51.900001525878906,52654500
2023-06-12,43.643310546875,52.599998474121094,52.599998474121094,52.0,52.400001525878906,43177215
2023-06-13,44.14113998413086,53.20000076293945,53.29999923706055,52.900001525878906,53.099998474121094,62367279
2023-06-14,44.39005661010742,53.5,53.599998474121094,53.29999923706055,53.5,50927695
2023-06-15,45.21977996826172,54.5,54.599998474121094,53.79999923706055,53.79999923706055,76451940
2023-06-16,45.21977996826172,54.5,54.5,53.20000076293945,54.29999923706055,83561199
2023-06-19,44.638973236083984,53.79999923706055,54.29999923706055,53.599998474121094,53.70000076293945,43027089
2023-06-20,44.55600357055664,53.70000076293945,54.0,53.5,53.599998474121094,66672660
2023-06-21,44.721946716308594,53.900001525878906,53.900001525878906,52.79999923706055,52.79999923706055,82193112
2023-06-26,44.224117279052734,53.29999923706055,53.79999923706055,53.20000076293945,53.29999923706055,89410193
2023-06-27,43.64613723754883,49.04999923706055,50.0,49.04999923706055,50.0,124170409
2023-06-28,43.69062423706055,49.099998474121094,49.5,49.099998474121094,49.5,33377861
2023-06-29,43.15673065185547,48.5,49.349998474121094,48.5,49.349998474121094,49730094
2023-06-30,43.15673065185547,48.5,48.75,48.04999923706055,48.349998474121094,43790426
2023-07-03,42.93427276611328,48.25,49.20000076293945,48.25,49.0,52501250
2023-07-04,43.42367935180664,48.79999923706055,48.79999923706055,48.45000076293945,48.5,29983726
2023-07-05,43.02325439453125,48.349998474121094,49.0,48.349998474121094,48.95000076293945,28232553
2023-07-06,42.84529113769531,48.150001525878906,48.79999923706055,48.0,48.0,40600085
2023-07-07,43.02325439453125,48.349998474121094,48.95000076293945,48.0,48.04999923706055,39653420
2023-07-10,42.80079650878906,48.099998474121094,48.75,48.0,48.599998474121094,34272882
2023-07-11,43.15673065185547,48.5,48.70000076293945,48.20000076293945,48.54999923706055,31498332
2023-07-12,42.489356994628906,47.75,48.45000076293945,47.599998474121094,48.25,62341021
2023-07-13,42.26689910888672,47.5,48.25,47.5,47.849998474121094,52464102
2023-07-14,42.93427276611328,48.25,48.79999923706055,47.79999923706055,47.849998474121094,55574528
2023-07-17,43.112239837646484,48.45000076293945,48.70000076293945,47.650001525878906,48.25,47745522
2023-07-18,42.8897819519043,48.20000076293945,48.79999923706055,48.150001525878906,48.75,26231387
2023-07-19,42.26689910888672,47.5,48.5,47.45000076293945,48.29999923706055,49206010
2023-07-20,41.02113723754883,46.099998474121094,47.099998474121094,46.0,47.04999923706055,86599321
2023-07-21,40.22029495239258,45.20000076293945,45.45000076293945,44.70000076293945,45.0,96826103
2023-07-24,40.08681869506836,45.04999923706055,45.900001525878906,44.849998474121094,45.04999923706055,51546603
2023-07-25,40.62071990966797,45.650001525878906,45.900001525878906,45.20000076293945,45.45000076293945,36297797
2023-07-26,40.131309509277344,45.099998474121094,45.95000076293945,45.099998474121094,45.75,38761656
2023-07-27,41.06563186645508,46.150001525878906,46.70000076293945,45.04999923706055,45.099998474121094,61221132
2023-07-28,41.86647415161133,47.04999923706055,47.29999923706055,46.29999923706055,46.650001525878906,49489870
2023-07-31,41.821983337402344,47.0,47.5,46.650001525878906,47.349998474121094,53098015
2023-08-01,41.821983337402344,47.0,47.150001525878906,46.70000076293945,47.0,24111536
2023-08-02,41.51054763793945,46.650001525878906,47.45000076293945,46.5,46.70000076293945,34780532
2023-08-04,41.377071380615234,46.5,46.70000076293945,46.099998474121094,46.5,33157960
2023-08-07,41.288089752197266,46.400001525878906,46.75,46.29999923706055,46.29999923706055,28307075
2023-08-08,40.531734466552734,45.54999923706055,46.400001525878906,45.54999923706055,46.400001525878906,54378052
2023-08-09,40.57622528076172,45.599998474121094,45.75,45.29999923706055,45.54999923706055,26030497
2023-08-10,40.175804138183594,45.150001525878906,45.900001525878906,45.04999923706055,45.45000076293945,38550690
2023-08-11,40.353763580322266,45.349998474121094,45.79999923706055,45.29999923706055,45.349998474121094,15803575
2023-08-14,40.042327880859375,45.0,45.20000076293945,44.900001525878906,45.0,33004389
2023-08-15,40.4427490234375,45.45000076293945,45.5,45.04999923706055,45.150001525878906,18484617
2023-08-16,38.93003845214844,43.75,44.75,43.599998474121094,44.70000076293945,77053857
2023-08-17,38.796566009521484,43.599998474121094,43.70000076293945,42.400001525878906,43.099998474121094,55366447
2023-08-18,38.97452926635742,43.79999923706055,44.45000076293945,43.20000076293945,43.29999923706055,36290056
2023-08-21,38.84105682373047,43.650001525878906,44.20000076293945,43.5,43.900001525878906,22831740
2023-08-22,38.796566009521484,43.599998474121094,44.150001525878906,43.5,43.95000076293945,19710187
2023-08-23,38.61860275268555,43.400001525878906,43.599998474121094,42.95000076293945,43.54999923706055,37634066
2023-08-24,39.46393585205078,44.349998474121094,44.400001525878906,43.650001525878906,43.900001525878906,37530135
2023-08-25,38.707584381103516,43.5,44.20000076293945,43.5,43.95000076293945,37143328
2023-08-28,39.86436080932617,44.79999923706055,46.70000076293945,43.79999923706055,43.849998474121094,83882599
2023-08-29,40.30927276611328,45.29999923706055,45.79999923706055,45.04999923706055,45.5,37744602
2023-08-30,41.288089752197266,46.400001525878906,46.400001525878906,45.75,45.849998474121094,46530186
2023-08-31,40.487239837646484,45.5,46.599998474121094,45.5,46.599998474121094,64338362
2023-09-01,40.887664794921875,45.95000076293945,46.150001525878906,45.70000076293945,46.0,30045096
2023-09-04,40.93215560913086,46.0,46.150001525878906,45.75,46.099998474121094,22559935
2023-09-05,41.42156219482422,46.54999923706055,46.54999923706055,45.79999923706055,46.150001525878906,31890313
2023-09-06,41.55503845214844,46.70000076293945,47.0,46.349998474121094,46.900001525878906,38689842
2023-09-07,40.70970153808594,45.75,46.25,45.70000076293945,46.150001525878906,36498925
2023-09-08,40.66521072387695,45.70000076293945,45.95000076293945,45.20000076293945,45.29999923706055,27359189
2023-09-11,40.976646423339844,46.04999923706055,46.099998474121094,45.54999923706055,45.75,25717189
2023-09-12,41.644020080566406,46.79999923706055,46.79999923706055,45.849998474121094,46.099998474121094,36282046
2023-09-13,41.91096878051758,47.099998474121094,47.400001525878906,46.95000076293945,47.0,43371603
2023-09-14,42.133426666259766,47.349998474121094,47.54999923706055,47.20000076293945,47.400001525878906,27067874
2023-09-15,42.35588073730469,47.599998474121094,47.599998474121094,46.849998474121094,47.45000076293945,41287933
2023-09-18,41.377071380615234,46.5,47.20000076293945,46.29999923706055,46.900001525878906,42531234
2023-09-19,41.11012268066406,46.20000076293945,46.599998474121094,46.20000076293945,46.5,22089298
2023-09-20,40.84317398071289,45.900001525878906,46.20000076293945,45.75,46.04999923706055,26391390
2023-09-21,40.62071990966797,45.650001525878906,45.900001525878906,45.400001525878906,45.650001525878906,31005292
2023-09-22,40.353763580322266,45.349998474121094,45.400001525878906,45.099998474121094,45.099998474121094,30256022
2023-09-25,40.62071990966797,45.650001525878906,46.29999923706055,45.25,45.5,34914011
2023-09-26,39.81986618041992,44.75,45.599998474121094,44.75,45.54999923706055,49961526
2023-09-27,39.50843048095703,44.400001525878906,44.650001525878906,44.150001525878906,44.45000076293945,38076984
2023-09-28,40.22029495239258,45.20000076293945,45.29999923706055,44.70000076293945,44.75,28071106
2023-10-02,40.70970153808594,45.75,45.95000076293945,45.5,45.95000076293945,25354804
2023-10-03,40.26478576660156,45.25,45.900001525878906,45.25,45.70000076293945,22645603
2023-10-04,39.24148178100586,44.099998474121094,44.70000076293945,44.0,44.5,55574211
2023-10-05,40.175804138183594,45.150001525878906,45.349998474121094,44.29999923706055,44.45000076293945,45328957
2023-10-06,40.22029495239258,45.20000076293945,45.5,45.04999923706055,45.5,17740500
2023-10-11,41.73300552368164,46.900001525878906,46.900001525878906,45.849998474121094,46.04999923706055,79919349
2023-10-12,41.821983337402344,47.0,47.04999923706055,46.25,47.0,41438827
2023-10-13,41.821983337402344,47.0,47.20000076293945,46.400001525878906,46.79999923706055,42106719
2023-10-16,41.95546340942383,47.150001525878906,47.5,46.099998474121094,46.349998474121094,61976252
2023-10-17,42.8897819519043,48.20000076293945,48.400001525878906,47.45000076293945,47.5,106064588
2023-10-18,43.112239837646484,48.45000076293945,49.150001525878906,47.849998474121094,48.29999923706055,128648280
2023-10-19,43.86859130859375,49.29999923706055,49.29999923706055,48.20000076293945,48.849998474121094,101821663
2023-10-20,43.33469772338867,48.70000076293945,49.95000076293945,48.54999923706055,49.5,96533782
2023-10-23,43.24571228027344,48.599998474121094,49.20000076293945,48.5,48.650001525878906,46402001
2023-10-24,42.978763580322266,48.29999923706055,49.20000076293945,47.400001525878906,48.79999923706055,71294293
2023-10-25,43.64613723754883,49.04999923706055,49.20000076293945,48.0,48.45000076293945,54317686
2023-10-26,41.644020080566406,46.79999923706055,47.349998474121094,46.70000076293945,46.95000076293945,98752211
2023-10-27,41.4660530090332,46.599998474121094,46.95000076293945,46.349998474121094,46.95000076293945,42618202
2023-10-30,41.288089752197266,46.400001525878906,46.79999923706055,46.150001525878906,46.70000076293945,34448531
2023-10-31,41.11012268066406,46.20000076293945,46.5,46.099998474121094,46.400001525878906,44334958
2023-11-01,41.821983337402344,47.0,47.20000076293945,46.349998474121094,46.5,32799748
2023-11-02,42.93427276611328,48.25,48.29999923706055,47.599998474121094,47.900001525878906,52121795
2023-11-03,43.957576751708984,49.400001525878906,49.400001525878906,48.5,48.79999923706055,81214463
2023-11-06,43.957576751708984,49.400001525878906,50.099998474121094,49.20000076293945,50.0,60462667
2023-11-07,43.957576751708984,49.400001525878906,49.400001525878906,48.79999923706055,49.099998474121094,32520528
2023-11-08,43.15673065185547,48.5,49.650001525878906,48.349998474121094,49.20000076293945,57104782
2023-11-09,43.24571228027344,48.599998474121094,48.70000076293945,48.099998474121094,48.099998474121094,34493053
2023-11-10,43.20121765136719,48.54999923706055,48.599998474121094,48.150001525878906,48.29999923706055,22010914
2023-11-13,43.55715560913086,48.95000076293945,49.70000076293945,48.70000076293945,49.25,51951251
2023-11-14,43.20121765136719,48.54999923706055,48.900001525878906,48.20000076293945,48.75,41645659
2023-11-15,43.69062423706055,49.099998474121094,49.5,48.70000076293945,49.25,72702902
2023-11-16,43.42367935180664,48.79999923706055,49.04999923706055,48.5,49.04999923706055,30674199
2023-11-17,44.26901626586914,49.75,49.95000076293945,48.95000076293945,49.0,101492378
2023-11-20,44.7584228515625,50.29999923706055,51.20000076293945,49.900001525878906,50.20000076293945,94733226
2023-11-21,44.7584228515625,50.29999923706055,50.79999923706055,49.849998474121094,50.70000076293945,66428114
2023-11-22,44.49147415161133,50.0,50.29999923706055,49.25,49.849998474121094,62504761
2023-11-23,44.9363899230957,50.5,50.70000076293945,50.099998474121094,50.5,60047248
2023-11-24,44.7584228515625,50.29999923706055,51.20000076293945,50.29999923706055,50.5,86401652
2023-11-27,44.04656219482422,49.5,50.599998474121094,49.5,50.0,71685813
2023-11-28,43.64613723754883,49.04999923706055,49.599998474121094,48.849998474121094,49.5,80672376
2023-11-29,43.77960968017578,49.20000076293945,49.900001525878906,49.150001525878906,49.150001525878906,61999972
2023-11-30,43.512664794921875,48.900001525878906,49.79999923706055,48.900001525878906,49.29999923706055,87291668
2023-12-01,44.224525451660156,49.70000076293945,49.70000076293945,49.0,49.0,52316739
2023-12-04,44.66944122314453,50.20000076293945,50.20000076293945,49.79999923706055,49.849998474121094,43958233
2023-12-05,43.77960968017578,49.20000076293945,49.79999923706055,49.20000076293945,49.79999923706055,56578688
2023-12-06,43.512664794921875,48.900001525878906,49.400001525878906,48.900001525878906,49.29999923706055,36927692
2023-12-07,43.112239837646484,48.45000076293945,49.099998474121094,48.349998474121094,49.0,36067025
2023-12-08,43.20121765136719,48.54999923706055,49.04999923706055,48.54999923706055,48.79999923706055,33680342
2023-12-11,43.64613723754883,49.04999923706055,49.29999923706055,48.650001525878906,49.0,28661262
2023-12-12,44.40249252319336,49.900001525878906,49.900001525878906,49.20000076293945,49.45000076293945,48600982
2023-12-13,44.66944122314453,50.20000076293945,50.20000076293945,49.5,50.0,47899791
2023-12-14,44.847408294677734,50.400001525878906,50.5,50.0,50.400001525878906,51468459
2023-12-15,45.114356994628906,50.70000076293945,51.0,50.400001525878906,50.70000076293945,83947122
2023-12-18,45.02537155151367,50.599998474121094,50.599998474121094,49.900001525878906,50.20000076293945,54942293
2023-12-19,44.49147415161133,50.0,50.400001525878906,49.54999923706055,50.29999923706055,54201661
2023-12-20,44.35799789428711,49.849998474121094,50.20000076293945,49.54999923706055,50.0,55229209
2023-12-21,43.957576751708984,49.400001525878906,49.400001525878906,49.0,49.25,55517081
2023-12-22,44.49147415161133,50.0,50.0,49.29999923706055,49.45000076293945,33742229
2023-12-25,44.66944122314453,50.20000076293945,50.400001525878906,49.75,50.29999923706055,34041265
2023-12-26,45.20333480834961,50.79999923706055,51.0,50.20000076293945,50.5,55148904
2023-12-27,47.60587692260742,53.5,53.5,51.20000076293945,51.29999923706055,220103922
2023-12-28,46.71604919433594,52.5,54.79999923706055,52.5,54.29999923706055,154010012
2023-12-29,46.805030822753906,52.599998474121094,52.900001525878906,51.79999923706055,52.70000076293945,49054932
2024-01-02,46.182151794433594,51.900001525878906,52.79999923706055,51.29999923706055,52.5,64217881
2024-01-03,45.02537155151367,50.599998474121094,51.29999923706055,50.5,51.20000076293945,75978300
2024-01-04,45.20333480834961,50.79999923706055,50.900001525878906,50.20000076293945,50.5,56554331
2024-01-05,45.20333480834961,50.79999923706055,52.20000076293945,50.599998474121094,51.599998474121094,77391673
2024-01-08,44.9363899230957,50.5,51.0,50.099998474121094,51.0,63869803
2024-01-09,44.5804557800293,50.099998474121094,50.900001525878906,50.099998474121094,50.599998474121094,50477153
2024-01-10,44.5804557800293,50.099998474121094,50.5,50.099998474121094,50.400001525878906,40588805
2024-01-11,44.5804557800293,50.099998474121094,50.29999923706055,50.0,50.20000076293945,26875440
2024-01-12,44.5804557800293,50.099998474121094,50.099998474121094,49.599998474121094,50.099998474121094,30183922
2024-01-15,45.20333480834961,50.79999923706055,50.79999923706055,50.099998474121094,50.400001525878906,30013792
2024-01-16,45.20333480834961,50.79999923706055,50.79999923706055,50.0,50.5,49658808
2024-01-17,43.24571228027344,48.599998474121094,50.0,48.5,50.0,141437685
2024-01-18,42.80079650878906,48.099998474121094,48.900001525878906,47.54999923706055,48.599998474121094,91151420
2024-01-19,43.77960968017578,49.20000076293945,49.900001525878906,48.29999923706055,49.900001525878906,70235426
2024-01-22,44.7584228515625,50.29999923706055,50.29999923706055,49.70000076293945,50.0,73159697
2024-01-23,44.66944122314453,50.20000076293945,50.900001525878906,49.95000076293945,50.79999923706055,50692732
2024-01-24,45.02537155151367,50.599998474121094,50.79999923706055,50.29999923706055,50.70000076293945,60980878
2024-01-25,46.538082122802734,52.29999923706055,52.29999923706055,51.099998474121094,51.099998474121094,174170705
2024-01-26,44.313507080078125,49.79999923706055,51.099998474121094,49.79999923706055,50.79999923706055,181978031
2024-01-29,44.002071380615234,49.45000076293945,49.900001525878906,49.400001525878906,49.650001525878906,59567525
2024-01-30,44.13554382324219,49.599998474121094,49.900001525878906,49.599998474121094,49.650001525878906,38754522
2024-01-31,43.601646423339844,49.0,49.5,49.0,49.5,54713914
2024-02-01,43.64613723754883,49.04999923706055,49.150001525878906,48.29999923706055,48.54999923706055,64281001
2024-02-02,43.20121765136719,48.54999923706055,48.900001525878906,48.5,48.849998474121094,61988932
2024-02-05,42.80079650878906,48.099998474121094,48.25,47.849998474121094,48.0,59043982
2024-02-15,43.77960968017578,49.20000076293945,49.20000076293945,48.54999923706055,49.0,64345314
2024-02-16,43.468170166015625,48.849998474121094,49.25,48.849998474121094,49.25,37546293
2024-02-19,43.7351188659668,49.150001525878906,49.150001525878906,48.79999923706055,48.900001525878906,27779765
2024-02-20,43.824100494384766,49.25,49.650001525878906,48.95000076293945,49.0,33519790
2024-02-21,43.15673065185547,48.5,49.099998474121094,48.5,48.900001525878906,64118827
2024-02-22,43.24571228027344,48.599998474121094,48.849998474121094,48.400001525878906,48.599998474121094,44502835
2024-02-23,42.84529113769531,48.150001525878906,48.900001525878906,48.150001525878906,48.5,54152256
2024-02-26,42.71181869506836,48.0,48.25,47.849998474121094,48.0,42630523
2024-02-27,42.84529113769531,48.150001525878906,48.70000076293945,48.04999923706055,48.099998474121094,36863720
2024-02-29,43.468170166015625,48.849998474121094,48.900001525878906,48.150001525878906,48.400001525878906,66602301
2024-03-01,42.978763580322266,48.29999923706055,49.0,48.29999923706055,49.0,48011892
2024-03-04,43.468170166015625,48.849998474121094,48.95000076293945,48.45000076293945,48.5,52620867
2024-03-05,43.379188537597656,48.75,48.95000076293945,48.5,48.849998474121094,43833522
2024-03-06,43.77960968017578,49.20000076293945,49.20000076293945,48.45000076293945,48.54999923706055,50119208
2024-03-07,44.66944122314453,50.20000076293945,50.20000076293945,49.54999923706055,49.599998474121094,114381033
2024-03-08,46.182151794433594,51.900001525878906,53.0,51.0,51.900001525878906,284309520
2024-03-11,45.915199279785156,51.599998474121094,52.400001525878906,50.79999923706055,52.0,100314710
2024-03-12,46.71604919433594,52.5,52.5,51.29999923706055,51.599998474121094,85918981
2024-03-13,47.16096115112305,53.0,53.20000076293945,52.29999923706055,52.79999923706055,125263530
2024-03-14,46.805030822753906,52.599998474121094,53.0,52.0,53.0,75331524
2024-03-15,46.182151794433594,51.900001525878906,52.400001525878906,51.599998474121094,52.29999923706055,85406325
2024-03-18,46.093170166015625,51.79999923706055,52.0,51.0,51.5,69309594
2024-03-19,47.16096115112305,53.0,53.5,51.29999923706055,51.400001525878906,138908497
2024-03-20,47.07197952270508,52.900001525878906,54.29999923706055,52.79999923706055,53.599998474121094,128826380
2024-03-21,47.427913665771484,53.29999923706055,53.79999923706055,53.0,53.5,69351708
2024-03-22,46.6270637512207,52.400001525878906,53.29999923706055,52.0,53.29999923706055,91129106
2024-03-25,46.093170166015625,51.79999923706055,52.20000076293945,51.5,52.20000076293945,67294638
2024-03-26,46.00418472290039,51.70000076293945,52.099998474121094,50.79999923706055,51.79999923706055,79676002
2024-03-27,45.82621765136719,51.5,51.70000076293945,51.099998474121094,51.599998474121094,51078804
2024-03-28,46.27113342285156,52.0,52.099998474121094,51.20000076293945,51.5,80341420
2024-03-29,45.915199279785156,51.599998474121094,52.0,51.099998474121094,52.0,60111000
2024-04-01,46.00418472290039,51.70000076293945,52.5,51.599998474121094,52.400001525878906,52090342
2024-04-02,46.36011505126953,52.099998474121094,52.70000076293945,51.900001525878906,52.0,52845773
2024-04-03,45.915199279785156,51.599998474121094,52.20000076293945,51.599998474121094,52.20000076293945,41363165
2024-04-08,46.36011505126953,52.099998474121094,52.20000076293945,51.599998474121094,51.599998474121094,35041836
2024-04-09,46.6270637512207,52.400001525878906,52.599998474121094,52.099998474121094,52.400001525878906,60645946
2024-04-10,47.33892822265625,53.20000076293945,53.599998474121094,52.400001525878906,52.70000076293945,102945209
2024-04-11,46.71604919433594,52.5,52.900001525878906,52.099998474121094,52.70000076293945,56020149
2024-04-12,46.89401626586914,52.70000076293945,52.900001525878906,52.5,52.599998474121094,39562643
2024-04-15,45.915199279785156,51.599998474121094,52.099998474121094,51.400001525878906,52.0,57663496
2024-04-16,44.5804557800293,50.099998474121094,51.0,50.099998474121094,51.0,85553804
2024-04-17,44.7584228515625,50.29999923706055,50.599998474121094,50.20000076293945,50.20000076293945,50186684
2024-04-18,44.66944122314453,50.20000076293945,50.29999923706055,49.900001525878906,50.099998474121094,37669436
2024-04-19,43.69062423706055,49.099998474121094,49.45000076293945,48.70000076293945,49.45000076293945,125240375
2024-04-22,43.512664794921875,48.900001525878906,49.099998474121094,48.29999923706055,48.650001525878906,83258570
2024-04-23,43.33469772338867,48.70000076293945,49.45000076293945,48.70000076293945,49.099998474121094,48839318
2024-04-24,44.66944122314453,50.20000076293945,50.20000076293945,49.099998474121094,49.25,46851297
2024-04-25,44.04656219482422,49.5,49.75,48.849998474121094,49.25,65600848
2024-04-26,44.313507080078125,49.79999923706055,50.5,49.70000076293945,49.70000076293945,44383158
2024-04-29,44.847408294677734,50.400001525878906,50.5,49.900001525878906,50.29999923706055,41636808
2024-04-30,45.114356994628906,50.70000076293945,51.099998474121094,50.20000076293945,50.400001525878906,49586424
2024-05-02,44.7584228515625,50.29999923706055,50.900001525878906,50.0,50.20000076293945,60117129
2024-05-03,45.73723602294922,51.400001525878906,51.5,50.900001525878906,51.099998474121094,58495124
2024-05-06,46.00418472290039,51.70000076293945,52.29999923706055,51.5,52.099998474121094,42853986
2024-05-07,45.915199279785156,51.599998474121094,52.099998474121094,51.400001525878906,52.0,40079427
2024-05-08,46.182151794433594,51.900001525878906,51.900001525878906,51.400001525878906,51.900001525878906,36416598
2024-05-09,46.182151794433594,51.900001525878906,52.0,51.29999923706055,51.900001525878906,29014704
2024-05-10,46.449100494384766,52.20000076293945,52.29999923706055,51.400001525878906,51.5,52178902
2024-05-13,46.6270637512207,52.400001525878906,52.400001525878906,51.5,52.099998474121094,36249820
2024-05-14,46.36011505126953,52.099998474121094,52.400001525878906,51.79999923706055,52.29999923706055,44237062
2024-05-15,46.093170166015625,51.79999923706055,52.400001525878906,51.79999923706055,52.29999923706055,44199438
2024-05-16,46.36011505126953,52.099998474121094,52.29999923706055,51.900001525878906,52.099998474121094,41857613
2024-05-17,46.98299789428711,52.79999923706055,52.79999923706055,51.79999923706055,52.29999923706055,61246860
2024-05-20,47.249942779541016,53.099998474121094,53.099998474121094,52.5,53.0,55815584
2024-05-21,47.96181106567383,53.900001525878906,53.900001525878906,53.0,53.20000076293945,101866213
2024-05-22,48.94062423706055,55.0,55.20000076293945,54.29999923706055,54.5,152843001
2024-05-23,49.83045196533203,56.0,56.0,54.70000076293945,55.400001525878906,134041206
2024-05-24,48.584686279296875,54.599998474121094,55.5,54.599998474121094,55.0,72951290
2024-05-27,50.364349365234375,56.599998474121094,57.900001525878906,54.79999923706055,54.79999923706055,139490635
2024-05-28,50.18638610839844,56.400001525878906,57.29999923706055,56.29999923706055,57.099998474121094,78617613
2024-05-29,49.74147033691406,55.900001525878906,57.29999923706055,55.79999923706055,57.0,75822062
2024-05-30,49.65248489379883,55.79999923706055,56.400001525878906,54.70000076293945,55.0,74110267
2024-05-31,48.94062423706055,55.0,56.5,55.0,56.0,166673076
2024-06-03,48.94062423706055,55.0,56.0,54.599998474121094,55.79999923706055,72529904
2024-06-04,48.31774139404297,54.29999923706055,54.70000076293945,53.900001525878906,54.5,69360942
2024-06-05,47.60587692260742,53.5,53.900001525878906,53.20000076293945,53.79999923706055,67524397
2024-06-06,48.228759765625,54.20000076293945,54.20000076293945,53.70000076293945,54.099998474121094,41626871
2024-06-07,49.02960205078125,55.099998474121094,55.099998474121094,53.900001525878906,54.0,52887635
2024-06-11,49.02960205078125,55.099998474121094,55.599998474121094,54.79999923706055,55.5,65133110
2024-06-12,48.85164260864258,54.900001525878906,55.0,54.20000076293945,55.0,45546856
2024-06-13,50.18638610839844,56.400001525878906,56.900001525878906,55.400001525878906,55.599998474121094,98989445
2024-06-14,50.0974006652832,56.29999923706055,57.0,56.099998474121094,57.0,49230772
2024-06-17,50.453330993652344,56.70000076293945,56.79999923706055,55.29999923706055,55.900001525878906,47878261
2024-06-18,50.54231262207031,56.79999923706055,57.0,56.20000076293945,56.70000076293945,47601340
2024-06-19,50.54231262207031,56.79999923706055,57.099998474121094,56.599998474121094,57.0,53101867
2024-06-20,51.16519546508789,57.5,57.5,56.29999923706055,56.900001525878906,58585544
2024-06-21,51.343162536621094,57.70000076293945,58.0,57.099998474121094,57.29999923706055,78368326
2024-06-24,50.54231262207031,56.79999923706055,57.5,56.599998474121094,57.5,68248302
2024-06-25,50.18638610839844,56.400001525878906,56.70000076293945,55.70000076293945,56.70000076293945,69308998
2024-06-26,50.364349365234375,56.599998474121094,56.70000076293945,56.099998474121094,56.5,40739678
2024-06-27,50.18638610839844,56.400001525878906,56.400001525878906,55.5,56.099998474121094,63763167
2024-06-28,49.56350326538086,55.70000076293945,56.20000076293945,55.599998474121094,56.099998474121094,86163793
2024-07-01,50.63129806518555,56.900001525878906,57.29999923706055,55.900001525878906,55.900001525878906,145350617
2024-07-02,49.504180908203125,52.70000076293945,53.5,51.900001525878906,53.5,237140005
2024-07-03,49.504180908203125,52.70000076293945,53.29999923706055,52.599998474121094,53.099998474121094,111388367
2024-07-04,50.725345611572266,54.0,54.400001525878906,53.20000076293945,53.29999923706055,110272226
2024-07-05,50.25566482543945,53.5,54.099998474121094,53.400001525878906,54.0,55145519
2024-07-08,51.946510314941406,55.29999923706055,55.5,53.599998474121094,54.0,120367805
2024-07-09,51.946510314941406,55.29999923706055,56.29999923706055,55.0,55.79999923706055,83403492
2024-07-10,51.382896423339844,54.70000076293945,55.400001525878906,54.20000076293945,55.20000076293945,56944184
2024-07-11,51.382896423339844,54.70000076293945,55.20000076293945,54.20000076293945,55.20000076293945,60341856
2024-07-12,49.785987854003906,53.0,53.70000076293945,52.79999923706055,53.70000076293945,96626512
2024-07-15,50.1617317199707,53.400001525878906,53.599998474121094,53.0,53.099998474121094,46152642
2024-07-16,49.785987854003906,53.0,53.79999923706055,52.900001525878906,53.70000076293945,52856418
2024-07-17,49.785987854003906,53.0,53.29999923706055,52.79999923706055,53.099998474121094,73601733
2024-07-18,49.504180908203125,52.70000076293945,52.900001525878906,51.79999923706055,52.5,80358251
2024-07-19,48.75269317626953,51.900001525878906,52.400001525878906,51.70000076293945,52.20000076293945,50035050
2024-07-22,47.155784606933594,50.20000076293945,51.599998474121094,49.849998474121094,51.5,86789525
2024-07-23,48.1890754699707,51.29999923706055,51.29999923706055,50.5,51.0,53903192
2024-07-26,47.62546157836914,50.70000076293945,50.70000076293945,49.150001525878906,49.45000076293945,89137435
2024-07-29,47.155784606933594,50.20000076293945,51.400001525878906,49.95000076293945,51.099998474121094,53032472
2024-07-30,46.96791076660156,50.0,50.0,49.20000076293945,49.95000076293945,55622666
2024-07-31,47.34365463256836,50.400001525878906,50.5,49.349998474121094,49.599998474121094,48317966
2024-08-01,50.63140869140625,53.900001525878906,54.0,52.599998474121094,53.70000076293945,176556343
2024-08-02,49.69205093383789,52.900001525878906,52.900001525878906,52.0,52.70000076293945,91788925
2024-08-05,46.92094421386719,49.95000076293945,51.5,49.400001525878906,51.5,114534832
2024-08-06,48.564823150634766,51.70000076293945,51.900001525878906,49.5,51.400001525878906,90813027
2024-08-07,49.785987854003906,53.0,53.0,51.70000076293945,52.20000076293945,66218876
2024-08-08,49.598114013671875,52.79999923706055,52.900001525878906,51.599998474121094,52.0,41796886
2024-08-09,50.63140869140625,53.900001525878906,54.400001525878906,53.5,54.20000076293945,91761372
2024-08-12,51.382896423339844,54.70000076293945,54.70000076293945,54.20000076293945,54.29999923706055,60391286
2024-08-13,51.476829528808594,54.79999923706055,54.900001525878906,54.29999923706055,54.79999923706055,40170440
2024-08-14,52.3222541809082,55.70000076293945,55.79999923706055,55.20000076293945,55.5,95516407
2024-08-15,51.382896423339844,54.70000076293945,55.70000076293945,54.5,55.70000076293945,36115991
2024-08-16,52.41618728637695,55.79999923706055,56.0,55.400001525878906,56.0,67870375
2024-08-19,52.604061126708984,56.0,56.0,55.400001525878906,55.900001525878906,42620464
2024-08-20,52.604061126708984,56.0,56.400001525878906,55.599998474121094,56.29999923706055,47491724
2024-08-21,52.604061126708984,56.0,56.0,55.29999923706055,55.900001525878906,34792241
2024-08-22,52.510128021240234,55.900001525878906,56.20000076293945,55.5,56.0,29967598
2024-08-23,52.22831726074219,55.599998474121094,55.599998474121094,54.79999923706055,55.20000076293945,31061518
2024-08-26,51.758636474609375,55.099998474121094,55.79999923706055,54.900001525878906,55.79999923706055,27550397
2024-08-27,50.725345611572266,54.0,54.599998474121094,53.79999923706055,54.5,38731939
2024-08-28,51.85257339477539,55.20000076293945,55.20000076293945,54.099998474121094,54.20000076293945,29669537
2024-08-29,51.28895950317383,54.599998474121094,54.79999923706055,54.29999923706055,54.70000076293945,23179361
2024-08-30,52.13438034057617,55.5,55.5,54.599998474121094,54.599998474121094,57216020
2024-09-02,52.04044723510742,55.400001525878906,55.599998474121094,54.79999923706055,55.599998474121094,35025097
2024-09-03,51.758636474609375,55.099998474121094,55.599998474121094,55.0,55.20000076293945,27823655
2024-09-04,50.06779479980469,53.29999923706055,54.099998474121094,52.29999923706055,53.0,85540468
2024-09-05,50.63140869140625,53.900001525878906,54.599998474121094,53.599998474121094,53.900001525878906,37686250
2024-09-06,51.19502258300781,54.5,54.5,53.599998474121094,54.29999923706055,24238268
2024-09-09,50.537471771240234,53.79999923706055,53.79999923706055,52.599998474121094,52.900001525878906,46344513
2024-09-10,50.06779479980469,53.29999923706055,53.79999923706055,52.900001525878906,53.79999923706055,34164771
2024-09-11,50.725345611572266,54.0,54.0,53.20000076293945,53.29999923706055,24058349
2024-09-12,51.85257339477539,55.20000076293945,55.400001525878906,54.900001525878906,55.099998474121094,35093409
2024-09-13,51.28895950317383,54.599998474121094,55.29999923706055,54.29999923706055,55.20000076293945,28598424
2024-09-16,51.19502258300781,54.5,54.79999923706055,54.29999923706055,54.599998474121094,24412438
2024-09-18,50.537471771240234,53.79999923706055,54.20000076293945,53.29999923706055,54.099998474121094,57624338
2024-09-19,50.443538665771484,53.70000076293945,54.20000076293945,53.5,53.70000076293945,44892168
2024-09-20,50.537471771240234,53.79999923706055,54.400001525878906,53.099998474121094,54.099998474121094,71046769
2024-09-23,50.725345611572266,54.0,54.0,53.400001525878906,53.79999923706055,30850375
2024-09-24,50.63140869140625,53.900001525878906,54.099998474121094,53.599998474121094,54.0,39787466
2024-09-25,51.19502258300781,54.5,54.79999923706055,54.099998474121094,54.29999923706055,49877625
2024-09-26,51.570770263671875,54.900001525878906,55.099998474121094,54.70000076293945,54.900001525878906,47416602
2024-09-27,51.664703369140625,55.0,55.400001525878906,55.0,55.400001525878906,39870008
2024-09-30,50.537471771240234,53.79999923706055,55.20000076293945,53.79999923706055,54.79999923706055,41080330
2024-10-01,50.443538665771484,53.70000076293945,54.20000076293945,53.599998474121094,53.599998474121094,24924409
2024-10-04,49.410240173339844,52.599998474121094,52.900001525878906,52.20000076293945,52.599998474121094,62671266
2024-10-07,49.69205093383789,52.900001525878906,53.29999923706055,52.29999923706055,53.0,43226644
2024-10-08,49.410240173339844,52.599998474121094,52.599998474121094,52.099998474121094,52.099998474121094,39630364
2024-10-09,48.75269317626953,51.900001525878906,52.5,51.70000076293945,52.29999923706055,42242680
2024-10-11,48.658756256103516,51.79999923706055,52.29999923706055,51.70000076293945,51.79999923706055,32068791
2024-10-14,49.316307067871094,52.5,52.599998474121094,52.0,52.099998474121094,27022971
2024-10-15,49.410240173339844,52.599998474121094,52.79999923706055,52.400001525878906,52.599998474121094,25228714
2024-10-16,48.564823150634766,51.70000076293945,51.900001525878906,51.29999923706055,51.400001525878906,58352616
2024-10-17,48.564823150634766,51.70000076293945,51.900001525878906,51.599998474121094,51.599998474121094,32312054
2024-10-18,47.437591552734375,50.5,51.70000076293945,50.5,51.5,78495841
2024-10-21,47.81333541870117,50.900001525878906,50.900001525878906,50.0,50.29999923706055,54363083
2024-10-22,47.62546157836914,50.70000076293945,50.900001525878906,50.400001525878906,50.400001525878906,50216365
2024-10-23,47.155784606933594,50.20000076293945,50.70000076293945,50.20000076293945,50.70000076293945,44712063
2024-10-24,46.87397766113281,49.900001525878906,50.099998474121094,49.849998474121094,49.95000076293945,49698655
2024-10-25,46.7800407409668,49.79999923706055,50.20000076293945,49.79999923706055,49.95000076293945,41806000
2024-10-28,46.26339340209961,49.25,50.0,49.25,49.79999923706055,49172879
2024-10-29,45.46493911743164,48.400001525878906,48.900001525878906,48.150001525878906,48.849998474121094,81420494
2024-10-30,45.230098724365234,48.150001525878906,48.650001525878906,48.0,48.5,54094334
2024-11-01,43.77409362792969,46.599998474121094,47.0,45.650001525878906,45.75,140986463
2024-11-04,43.210479736328125,46.0,46.70000076293945,46.0,46.599998474121094,59867354
2024-11-05,42.59989547729492,45.349998474121094,45.650001525878906,45.04999923706055,45.5,84205496
2024-11-06,43.06957244873047,45.849998474121094,46.45000076293945,45.0,45.0,78477326
2024-11-07,44.290740966796875,47.150001525878906,47.95000076293945,45.900001525878906,45.95000076293945,92748740
2024-11-08,43.82106399536133,46.650001525878906,47.79999923706055,46.650001525878906,47.400001525878906,62605606
2024-11-11,43.72712326049805,46.54999923706055,46.650001525878906,45.70000076293945,46.45000076293945,46286282
2024-11-12,43.304412841796875,46.099998474121094,46.95000076293945,45.75,45.95000076293945,70044482
2024-11-13,43.022605895996094,45.79999923706055,46.349998474121094,45.70000076293945,45.900001525878906,52919260
2024-11-14,42.271121978759766,45.0,45.599998474121094,45.0,45.599998474121094,78360986
2024-11-15,42.271121978759766,45.0,45.400001525878906,44.599998474121094,45.0,52740993
2024-11-18,42.365055084228516,45.099998474121094,45.79999923706055,44.849998474121094,44.900001525878906,69203736
2024-11-19,42.45899200439453,45.20000076293945,46.0,45.20000076293945,45.20000076293945,60137722
2024-11-20,42.17718505859375,44.900001525878906,44.900001525878906,44.900001525878906,44.900001525878906,61462099
2024-11-21,41.7075080871582,44.400001525878906,44.75,44.400001525878906,44.54999923706055,66276938
2024-11-22,41.75447463989258,44.45000076293945,45.20000076293945,44.45000076293945,44.75,50700692
2024-11-25,42.17718505859375,44.900001525878906,45.45000076293945,44.900001525878906,45.099998474121094,76975045
2024-11-26,42.64686584472656,45.400001525878906,45.70000076293945,44.599998474121094,44.79999923706055,41939444
2024-11-27,41.7075080871582,44.400001525878906,44.900001525878906,43.95000076293945,44.849998474121094,88688066
2024-11-28,41.23782730102539,43.900001525878906,44.099998474121094,43.0,43.95000076293945,83899732
2024-11-29,40.90904998779297,43.54999923706055,44.099998474121094,43.25,43.900001525878906,66068692
2024-12-02,41.8953742980957,44.599998474121094,44.599998474121094,43.79999923706055,43.95000076293945,38672952
2024-12-03,42.083248138427734,44.79999923706055,45.150001525878906,44.29999923706055,45.099998474121094,50530088
2024-12-04,41.75447463989258,44.45000076293945,44.45000076293945,44.0,44.25,51615273
2024-12-05,40.956016540527344,43.599998474121094,44.20000076293945,43.599998474121094,44.04999923706055,57277792
2024-12-06,40.862083435058594,43.5,43.95000076293945,43.150001525878906,43.150001525878906,43696126
2024-12-09,41.37873077392578,44.04999923706055,44.04999923706055,43.5,43.5,33159157
2024-12-10,41.049957275390625,43.70000076293945,43.95000076293945,43.5,43.79999923706055,32858676
2024-12-11,40.39240264892578,43.0,43.45000076293945,43.0,43.25,44150960
2024-12-12,39.922725677490234,42.5,43.29999923706055,42.150001525878906,43.150001525878906,71174029
2024-12-13,38.9364013671875,41.45000076293945,42.099998474121094,40.599998474121094,42.0,115254375
2024-12-16,38.9364013671875,41.45000076293945,41.599998474121094,40.70000076293945,41.29999923706055,85569382
2024-12-17,39.96969223022461,42.54999923706055,43.400001525878906,41.95000076293945,42.0,102163693
2024-12-18,41.049957275390625,43.70000076293945,43.849998474121094,43.0,43.099998474121094,88411619
2024-12-19,40.39240264892578,43.0,43.599998474121094,42.70000076293945,43.0,65229584
2024-12-20,39.78181838989258,42.349998474121094,43.0,42.150001525878906,42.599998474121094,67542850
2024-12-23,40.29846954345703,42.900001525878906,43.29999923706055,42.75,42.75,35330418
2024-12-24,41.331764221191406,44.0,44.95000076293945,43.70000076293945,44.400001525878906,133324087
2024-12-25,41.37873077392578,44.04999923706055,44.70000076293945,44.04999923706055,44.5,52528974
2024-12-26,41.049957275390625,43.70000076293945,44.29999923706055,43.5,44.29999923706055,26686974
2024-12-27,40.956016540527344,43.599998474121094,44.04999923706055,43.45000076293945,43.54999923706055,22648295
2024-12-30,40.4863395690918,43.099998474121094,43.599998474121094,43.099998474121094,43.20000076293945,25586120
2024-12-31,40.43937301635742,43.04999923706055,43.45000076293945,42.20000076293945,42.70000076293945,43445308
2025-01-02,41.049957275390625,43.70000076293945,43.70000076293945,42.849998474121094,42.900001525878906,65305876
2025-01-03,40.4863395690918,43.099998474121094,44.150001525878906,43.099998474121094,43.95000076293945,42345224
2025-01-06,40.768150329589844,43.400001525878906,43.75,43.349998474121094,43.599998474121094,30917178
2025-01-07,39.78181838989258,42.349998474121094,43.79999923706055,42.349998474121094,43.650001525878906,58823388
2025-01-08,40.110595703125,42.70000076293945,42.900001525878906,42.349998474121094,42.400001525878906,37912494
2025-01-09,39.077301025390625,41.599998474121094,42.95000076293945,41.599998474121094,42.70000076293945,46690991
2025-01-10,38.795494079589844,41.29999923706055,41.599998474121094,40.79999923706055,41.25,40822034
2025-01-13,38.41975402832031,40.900001525878906,41.70000076293945,40.79999923706055,41.0,48487516
2025-01-14,39.68788528442383,42.25,42.25,41.04999923706055,41.20000076293945,37074886
2025-01-15,38.9364013671875,41.45000076293945,42.5,41.45000076293945,42.04999923706055,35977056
2025-01-16,39.03033447265625,41.54999923706055,42.25,41.54999923706055,41.900001525878906,37293479
2025-01-17,38.701560974121094,41.20000076293945,41.75,41.20000076293945,41.400001525878906,44131855
2025-01-20,40.15756607055664,42.75,42.75,41.5,41.54999923706055,47283878
2025-01-21,40.345436096191406,42.95000076293945,43.29999923706055,42.400001525878906,42.75,42221204
2025-01-22,37.762203216552734,40.20000076293945,40.54999923706055,39.70000076293945,39.70000076293945,147906733
2025-02-03,38.044010162353516,40.5,41.650001525878906,40.0,40.20000076293945,112180567
2025-02-04,37.66826248168945,40.099998474121094,40.95000076293945,40.099998474121094,40.95000076293945,58040732
2025-02-05,37.66826248168945,40.099998474121094,40.650001525878906,40.099998474121094,40.400001525878906,33884048
2025-02-06,37.66826248168945,40.099998474121094,40.349998474121094,39.95000076293945,40.29999923706055,32609083
2025-02-07,37.715232849121094,40.150001525878906,40.29999923706055,40.099998474121094,40.099998474121094,23131801
2025-02-10,37.762203216552734,40.20000076293945,40.29999923706055,39.900001525878906,40.150001525878906,30946715
2025-02-11,37.9500732421875,40.400001525878906,40.5,40.150001525878906,40.29999923706055,29858425
2025-02-12,37.66826248168945,40.099998474121094,40.5,40.04999923706055,40.400001525878906,27984906
2025-02-13,38.88943099975586,41.400001525878906,41.75,40.20000076293945,40.25,63852185
2025-02-14,38.88943099975586,41.400001525878906,41.75,41.04999923706055,41.5,28541805
2025-02-17,39.45304489135742,42.0,42.20000076293945,41.45000076293945,41.5,32974664
2025-02-18,39.40607833862305,41.95000076293945,42.29999923706055,41.70000076293945,42.04999923706055,35961690
2025-02-19,39.96969223022461,42.54999923706055,42.95000076293945,42.150001525878906,42.20000076293945,54652494
2025-02-20,40.39240264892578,43.0,43.29999923706055,42.849998474121094,43.0,40006471
2025-02-21,40.956016540527344,43.599998474121094,43.599998474121094,43.20000076293945,43.349998474121094,34296687
2025-02-24,40.90904998779297,43.54999923706055,43.650001525878906,42.79999923706055,43.04999923706055,30194703
2025-02-25,40.67420959472656,43.29999923706055,43.5,42.900001525878906,43.04999923706055,35619504
2025-02-26,40.956016540527344,43.599998474121094,43.79999923706055,43.04999923706055,43.099998474121094,35139939
2025-02-27,41.049957275390625,43.70000076293945,44.150001525878906,43.400001525878906,44.0,69299467
2025-03-03,40.956016540527344,43.599998474121094,43.599998474121094,42.849998474121094,43.099998474121094,53120564
2025-03-04,40.956016540527344,43.599998474121094,43.849998474121094,42.900001525878906,42.95000076293945,44284021
2025-03-05,41.331764221191406,44.0,44.5,43.70000076293945,44.099998474121094,46383229
2025-03-06,41.331764221191406,44.0,44.45000076293945,43.900001525878906,44.29999923706055,30376684
2025-03-07,41.4726676940918,44.150001525878906,44.599998474121094,43.79999923706055,44.0,31779134
2025-03-10,42.31808853149414,45.04999923706055,45.29999923706055,44.400001525878906,44.54999923706055,58815717
2025-03-11,42.13021469116211,44.849998474121094,45.0,44.20000076293945,44.29999923706055,68052418
2025-03-12,42.083248138427734,44.79999923706055,44.95000076293945,44.099998474121094,44.70000076293945,43316994
2025-03-13,41.049957275390625,43.70000076293945,44.70000076293945,43.599998474121094,44.70000076293945,57573005
2025-03-14,42.17718505859375,44.900001525878906,45.04999923706055,43.5,43.54999923706055,68441495
2025-03-17,41.425697326660156,44.099998474121094,45.150001525878906,44.099998474121094,45.0,44201092
2025-03-18,41.80144119262695,44.5,45.0,44.150001525878906,44.20000076293945,42180476
2025-03-19,41.61356735229492,44.29999923706055,44.900001525878906,44.29999923706055,44.5,37314811
2025-03-20,42.412025451660156,45.150001525878906,45.150001525878906,44.70000076293945,44.70000076293945,43291329
2025-03-21,42.271121978759766,45.0,45.0,44.5,45.0,39145180
2025-03-24,42.13021469116211,44.849998474121094,45.29999923706055,44.599998474121094,45.0,36059208
2025-03-25,42.13021469116211,44.849998474121094,45.20000076293945,44.45000076293945,45.0,36461286
2025-03-26,41.84840774536133,44.54999923706055,44.79999923706055,44.29999923706055,44.75,28156495
2025-03-27,42.083248138427734,44.79999923706055,44.79999923706055,44.0,44.099998474121094,43278476
2025-03-28,41.84840774536133,44.54999923706055,44.599998474121094,44.099998474121094,44.599998474121094,37954776
2025-03-31,41.94234848022461,44.650001525878906,44.650001525878906,43.29999923706055,43.54999923706055,61875919
2025-04-01,43.16351318359375,45.95000076293945,48.0,45.25,47.20000076293945,143290199
2025-04-02,42.505958557128906,45.25,45.79999923706055,45.150001525878906,45.79999923706055,50515462
2025-04-07,38.278846740722656,40.75,40.75,40.75,40.75,13988062
2025-04-08,39.17123794555664,41.70000076293945,42.0,39.5,39.54999923706055,120858432
2025-04-09,37.48039627075195,39.900001525878906,41.5,39.70000076293945,40.54999923706055,84824195
2025-04-10,41.19085693359375,43.849998474121094,43.849998474121094,43.5,43.849998474121094,49531081
2025-04-11,41.425697326660156,44.099998474121094,44.29999923706055,42.099998474121094,42.70000076293945,69373050
2025-04-14,41.61356735229492,44.29999923706055,45.349998474121094,44.29999923706055,44.79999923706055,56357316
2025-04-15,41.989315032958984,44.70000076293945,44.95000076293945,44.400001525878906,44.5,31216544
2025-04-16,42.224151611328125,44.95000076293945,45.0,44.20000076293945,44.20000076293945,35850779
2025-04-17,41.425697326660156,44.099998474121094,44.849998474121094,44.04999923706055,44.849998474121094,20580050
2025-04-18,41.61356735229492,44.29999923706055,44.45000076293945,44.099998474121094,44.45000076293945,16088207
2025-04-21,41.002986907958984,43.650001525878906,44.349998474121094,43.650001525878906,44.349998474121094,14669270
2025-04-22,41.61356735229492,44.29999923706055,44.54999923706055,43.54999923706055,43.599998474121094,27738319
2025-04-23,42.365055084228516,45.099998474121094,45.29999923706055,44.599998474121094,44.95000076293945,33676880
2025-04-24,40.768150329589844,43.400001525878906,44.95000076293945,43.400001525878906,44.75,42017291
2025-04-25,41.94234848022461,44.650001525878906,44.70000076293945,43.95000076293945,44.099998474121094,54399065
2025-04-28,42.17718505859375,44.900001525878906,44.900001525878906,44.20000076293945,44.54999923706055,22973317
2025-04-29,42.224151611328125,44.95000076293945,45.099998474121094,44.650001525878906,44.70000076293945,27807473
2025-04-30,42.45899200439453,45.20000076293945,45.29999923706055,44.75,44.75,30303702
2025-05-02,42.88170623779297,45.650001525878906,45.849998474121094,45.150001525878906,45.20000076293945,31142562
2025-05-05,42.31808853149414,45.04999923706055,45.79999923706055,44.599998474121094,45.75,35331097
2025-05-06,42.64686584472656,45.400001525878906,45.79999923706055,44.599998474121094,45.0,43359102
2025-05-07,42.97563934326172,45.75,45.900001525878906,45.400001525878906,45.599998474121094,31781212
2025-05-08,42.55292892456055,45.29999923706055,45.75,45.29999923706055,45.400001525878906,20575779
2025-05-09,42.78776550292969,45.54999923706055,45.70000076293945,45.150001525878906,45.20000076293945,16829589
2025-05-12,43.6331901550293,46.45000076293945,46.45000076293945,45.599998474121094,45.75,33950716
2025-05-13,43.72712326049805,46.54999923706055,46.849998474121094,46.349998474121094,46.650001525878906,31348875
2025-05-14,44.149837493896484,47.0,47.04999923706055,46.79999923706055,46.900001525878906,27429275
2025-05-15,44.61951446533203,47.5,47.5,46.849998474121094,46.95000076293945,41621426
2025-05-16,44.90132141113281,47.79999923706055,47.79999923706055,47.29999923706055,47.599998474121094,28845625
2025-05-19,44.85435485839844,47.75,47.95000076293945,47.5,47.599998474121094,36863531
2025-05-20,44.94829177856445,47.849998474121094,48.0,47.25,47.95000076293945,28130117
2025-05-21,46.54520034790039,49.54999923706055,49.70000076293945,47.900001525878906,48.0,93231386
2025-05-22,46.45126724243164,49.45000076293945,49.79999923706055,48.900001525878906,49.45000076293945,70843171
2025-05-23,45.13616180419922,48.04999923706055,49.45000076293945,48.04999923706055,48.099998474121094,71578900
2025-05-26,44.243770599365234,47.099998474121094,48.79999923706055,47.099998474121094,47.79999923706055,78899680
2025-05-27,43.210479736328125,46.0,47.599998474121094,46.0,47.099998474121094,99624798
2025-05-28,44.19680404663086,47.04999923706055,47.45000076293945,46.150001525878906,46.400001525878906,98074934
2025-05-29,43.91499710083008,46.75,48.099998474121094,46.75,47.400001525878906,149032843
2025-06-02,44.10287094116211,46.95000076293945,46.95000076293945,45.900001525878906,46.79999923706055,77681104
2025-06-03,44.38467788696289,47.25,47.29999923706055,46.599998474121094,46.70000076293945,77951822
2025-06-04,43.16351318359375,45.95000076293945,47.25,45.79999923706055,47.099998474121094,85197919
2025-06-05,42.55292892456055,45.29999923706055,46.04999923706055,45.099998474121094,45.650001525878906,74581058
2025-06-06,42.271121978759766,45.0,45.75,45.0,45.29999923706055,55682096
2025-06-09,42.88170623779297,45.650001525878906,45.75,44.849998474121094,45.0,39208994
2025-06-10,43.58622360229492,46.400001525878906,46.5,45.79999923706055,45.849998474121094,47063212
2025-06-11,44.38467788696289,47.25,47.25,46.54999923706055,46.54999923706055,56558714
2025-06-12,44.431644439697266,47.29999923706055,47.400001525878906,46.900001525878906,47.25,32543331
2025-06-13,44.572547912597656,47.45000076293945,47.75,46.79999923706055,46.79999923706055,44771416
2025-06-16,45.089195251464844,48.0,48.0,47.349998474121094,47.349998474121094,41131108
2025-06-17,44.61951446533203,47.5,48.79999923706055,47.5,48.25,71150250
2025-06-18,45.371002197265625,48.29999923706055,48.29999923706055,47.599998474121094,47.70000076293945,41498670
2025-06-19,44.85435485839844,47.75,48.45000076293945,47.599998474121094,48.400001525878906,51252856
2025-06-20,44.76042175292969,47.650001525878906,47.95000076293945,46.79999923706055,47.29999923706055,65459193
2025-06-23,44.149837493896484,47.0,47.20000076293945,46.20000076293945,46.5,74736166
2025-06-24,45.349998474121094,45.349998474121094,45.349998474121094,42.5,42.5,132396029
2025-06-25,43.79999923706055,43.79999923706055,45.45000076293945,43.79999923706055,45.45000076293945,95756039
2025-06-26,43.25,43.25,44.349998474121094,43.150001525878906,43.79999923706055,81421425
2025-06-27,44.29999923706055,44.29999923706055,44.29999923706055,43.599998474121094,43.849998474121094,49281090
2025-06-30,44.20000076293945,44.20000076293945,44.400001525878906,43.95000076293945,44.099998474121094,27543017
2025-07-01,43.95000076293945,43.95000076293945,44.599998474121094,43.54999923706055,44.25,48470565
2025-07-02,44.45000076293945,44.45000076293945,44.45000076293945,43.79999923706055,43.849998474121094,41467173
2025-07-03,44.400001525878906,44.400001525878906,44.95000076293945,44.25,44.54999923706055,37104217
2025-07-04,43.75,43.75,44.75,43.54999923706055,44.70000076293945,44258347
