Price,Adj Close,Close,High,Low,Open,Volume
Ticker,2330.TW,2330.TW,2330.TW,2330.TW,2330.TW,2330.TW
Date,,,,,,
2010-01-04,40.594478607177734,64.9000015258789,65.0,64.0,65.0,39407000
2010-01-05,40.34429168701172,64.5,65.0999984741211,63.900001525878906,65.0,37138000
2010-01-06,40.594478607177734,64.9000015258789,64.9000015258789,63.70000076293945,64.5,49261000
2010-01-07,40.156646728515625,64.19999694824219,65.0,64.19999694824219,64.9000015258789,42134000
2010-01-08,40.031558990478516,64.0,64.30000305175781,63.5,63.5,46076000
2010-01-11,40.34429168701172,64.5,64.9000015258789,63.5,64.0,36799000
2010-01-12,39.781349182128906,63.599998474121094,64.4000015258789,63.29999923706055,64.4000015258789,49853000
2010-01-13,39.28094482421875,62.79999923706055,63.099998474121094,62.599998474121094,63.0,47976000
2010-01-14,39.531150817871094,63.20000076293945,63.599998474121094,63.0,63.599998474121094,36149000
2010-01-15,39.71880340576172,63.5,63.5,62.79999923706055,62.900001525878906,47852000
2010-01-18,39.343509674072266,62.900001525878906,63.099998474121094,62.79999923706055,62.79999923706055,30136000
2010-01-19,39.09331130981445,62.5,63.20000076293945,62.0,63.0,47202000
2010-01-20,39.40605163574219,63.0,63.20000076293945,62.20000076293945,62.900001525878906,52281000
2010-01-21,39.15585708618164,62.599998474121094,63.0,62.099998474121094,63.0,24738000
2010-01-22,38.217620849609375,61.099998474121094,61.70000076293945,61.0,61.5,63918000
2010-01-25,37.7797737121582,60.400001525878906,60.79999923706055,60.099998474121094,60.099998474121094,62151000
2010-01-26,37.59211349487305,60.099998474121094,61.20000076293945,60.0,60.599998474121094,79112000
2010-01-27,37.279380798339844,59.599998474121094,60.400001525878906,59.5,60.099998474121094,52639000
2010-01-28,37.529571533203125,60.0,61.5,59.79999923706055,60.5,43988000
2010-01-29,38.46781539916992,61.5,61.5,59.400001525878906,60.099998474121094,91560000
2010-02-01,37.40447235107422,59.79999923706055,60.70000076293945,59.5,60.70000076293945,75480000
2010-02-02,36.90407943725586,59.0,60.400001525878906,59.0,60.20000076293945,65510000
2010-02-03,37.40447235107422,59.79999923706055,60.29999923706055,58.79999923706055,60.20000076293945,42426000
2010-02-04,36.966636657714844,59.099998474121094,60.0,59.0,60.0,42564000
2010-02-05,35.77820587158203,57.20000076293945,57.900001525878906,57.20000076293945,57.599998474121094,62227000
2010-02-08,35.903297424316406,57.400001525878906,58.20000076293945,57.0,58.0,45247000
2010-02-09,36.65388107299805,58.599998474121094,59.20000076293945,57.70000076293945,58.400001525878906,45754000
2010-02-10,36.528785705566406,58.400001525878906,59.20000076293945,58.20000076293945,59.0,53679000
2010-02-22,36.90407943725586,59.0,60.5,59.0,60.5,47519000
2010-02-23,37.40447235107422,59.79999923706055,59.900001525878906,59.099998474121094,59.599998474121094,50343000
2010-02-24,36.591331481933594,58.5,59.20000076293945,58.400001525878906,59.20000076293945,54884000
2010-02-25,36.403682708740234,58.20000076293945,58.900001525878906,57.900001525878906,58.5,55655000
2010-02-26,36.77898025512695,58.79999923706055,58.900001525878906,58.0,58.20000076293945,30877000
2010-03-01,37.279380798339844,59.599998474121094,59.900001525878906,58.20000076293945,59.5,60146000
2010-03-02,37.46702575683594,59.900001525878906,60.5,59.5,60.5,53495000
2010-03-03,37.529571533203125,60.0,60.099998474121094,59.599998474121094,59.599998474121094,32150000
2010-03-04,37.02919006347656,59.20000076293945,59.79999923706055,58.400001525878906,59.79999923706055,53405000
2010-03-05,37.7797737121582,60.400001525878906,60.400001525878906,59.599998474121094,59.79999923706055,59062000
2010-03-08,38.28016662597656,61.20000076293945,61.20000076293945,60.599998474121094,60.900001525878906,43993000
2010-03-09,38.342708587646484,61.29999923706055,61.400001525878906,60.79999923706055,61.20000076293945,29829000
2010-03-10,38.4052734375,61.400001525878906,61.400001525878906,60.79999923706055,61.29999923706055,30540000
2010-03-11,38.4052734375,61.400001525878906,61.79999923706055,61.20000076293945,61.599998474121094,25340000
2010-03-12,38.02997589111328,60.79999923706055,61.5,60.599998474121094,61.400001525878906,67894000
2010-03-15,37.40447235107422,59.79999923706055,61.29999923706055,59.79999923706055,61.29999923706055,37911000
2010-03-16,37.3419303894043,59.70000076293945,60.20000076293945,59.70000076293945,60.099998474121094,29394000
2010-03-17,37.84233093261719,60.5,60.900001525878906,59.900001525878906,60.5,68876000
2010-03-18,37.7797737121582,60.400001525878906,60.599998474121094,60.0,60.099998474121094,70048000
2010-03-19,37.529571533203125,60.0,60.29999923706055,59.70000076293945,60.0,45829000
2010-03-22,36.90407943725586,59.0,59.599998474121094,58.79999923706055,59.599998474121094,47044000
2010-03-23,37.279380798339844,59.599998474121094,60.099998474121094,59.5,59.5,48107000
2010-03-24,37.90486526489258,60.599998474121094,60.79999923706055,60.099998474121094,60.099998474121094,46973000
2010-03-25,38.46781539916992,61.5,61.5,60.20000076293945,60.900001525878906,62713000
2010-03-26,38.78055953979492,62.0,62.0,60.29999923706055,61.29999923706055,77332000
2010-03-29,38.90565872192383,62.20000076293945,62.29999923706055,61.70000076293945,62.0,37464000
2010-03-30,38.90565872192383,62.20000076293945,62.400001525878906,61.70000076293945,62.400001525878906,29950000
2010-03-31,38.46781539916992,61.5,62.20000076293945,61.5,62.20000076293945,39228000
2010-04-01,38.84311294555664,62.099998474121094,62.5,61.5,61.5,54656000
2010-04-02,39.03075408935547,62.400001525878906,62.5,62.099998474121094,62.5,17299000
2010-04-06,39.65625762939453,63.400001525878906,63.5,62.79999923706055,62.79999923706055,52915000
2010-04-07,39.71880340576172,63.5,63.5,63.099998474121094,63.5,48336000
2010-04-08,38.96820831298828,62.29999923706055,63.0,62.099998474121094,62.79999923706055,48530000
2010-04-09,39.218406677246094,62.70000076293945,63.0,61.900001525878906,61.900001525878906,31569000
2010-04-12,39.468597412109375,63.099998474121094,63.400001525878906,62.79999923706055,63.29999923706055,34914000
2010-04-13,39.343509674072266,62.900001525878906,63.099998474121094,62.099998474121094,63.0,42708000
2010-04-14,39.90645217895508,63.79999923706055,63.79999923706055,62.900001525878906,63.099998474121094,55548000
2010-04-15,40.28174591064453,64.4000015258789,64.9000015258789,64.0,64.5,70894000
2010-04-16,39.40605163574219,63.0,63.70000076293945,62.900001525878906,63.599998474121094,49654000
2010-04-19,39.15585708618164,62.599998474121094,63.20000076293945,62.400001525878906,62.5,66249000
2010-04-20,39.28094482421875,62.79999923706055,63.0,62.400001525878906,62.900001525878906,37426000
2010-04-21,39.03075408935547,62.400001525878906,63.099998474121094,62.29999923706055,62.900001525878906,44895000
2010-04-22,38.53036117553711,61.599998474121094,61.79999923706055,60.79999923706055,61.79999923706055,90506000
2010-04-23,38.59291076660156,61.70000076293945,62.400001525878906,61.599998474121094,61.900001525878906,48869000
2010-04-26,39.71880340576172,63.5,63.599998474121094,62.400001525878906,62.400001525878906,67358000
2010-04-27,39.84389114379883,63.70000076293945,63.70000076293945,63.099998474121094,63.5,25300000
2010-04-28,38.84311294555664,62.099998474121094,62.599998474121094,62.0,62.099998474121094,72599000
2010-04-29,38.53036117553711,61.599998474121094,62.20000076293945,61.599998474121094,62.20000076293945,40178000
2010-04-30,38.655460357666016,61.79999923706055,62.70000076293945,61.79999923706055,61.79999923706055,43339000
2010-05-03,38.53036117553711,61.599998474121094,62.599998474121094,61.400001525878906,62.599998474121094,22418000
2010-05-04,38.155067443847656,61.0,62.0,60.79999923706055,61.900001525878906,38039000
2010-05-05,37.40447235107422,59.79999923706055,60.20000076293945,59.79999923706055,59.900001525878906,93944000
2010-05-06,37.216827392578125,59.5,59.900001525878906,59.20000076293945,59.79999923706055,48824000
2010-05-07,37.15427780151367,59.400001525878906,60.099998474121094,58.5,58.599998474121094,61514000
2010-05-10,37.40447235107422,59.79999923706055,60.0,59.0,59.400001525878906,56272000
2010-05-11,37.59211349487305,60.099998474121094,60.599998474121094,59.900001525878906,60.400001525878906,67770000
2010-05-12,37.59211349487305,60.099998474121094,61.0,60.0,61.0,27694000
2010-05-13,38.28016662597656,61.20000076293945,61.5,60.5,60.599998474121094,39828000
2010-05-14,38.28016662597656,61.20000076293945,61.5,60.5,60.70000076293945,31551000
2010-05-17,37.02919006347656,59.20000076293945,60.5,59.099998474121094,60.5,73173000
2010-05-18,37.216827392578125,59.5,60.0,59.400001525878906,59.599998474121094,30445000
2010-05-19,37.091732025146484,59.29999923706055,59.599998474121094,58.599998474121094,59.0,48408000
2010-05-20,36.84153747558594,58.900001525878906,59.70000076293945,58.900001525878906,59.5,31637000
2010-05-21,36.77898025512695,58.79999923706055,59.099998474121094,57.900001525878906,58.29999923706055,45655000
2010-05-24,36.90407943725586,59.0,59.599998474121094,58.70000076293945,59.599998474121094,19294000
2010-05-25,36.528785705566406,58.400001525878906,58.900001525878906,58.099998474121094,58.79999923706055,48371000
2010-05-26,36.84153747558594,58.900001525878906,59.0,58.5,58.900001525878906,42766000
2010-05-27,36.716434478759766,58.70000076293945,59.29999923706055,57.70000076293945,58.5,55467000
2010-05-28,36.716434478759766,58.70000076293945,59.400001525878906,58.29999923706055,58.900001525878906,61106000
2010-05-31,37.654685974121094,60.20000076293945,60.20000076293945,58.79999923706055,59.099998474121094,25365000
2010-06-01,37.40447235107422,59.79999923706055,60.0,59.20000076293945,59.900001525878906,27295000
2010-06-02,37.40447235107422,59.79999923706055,60.400001525878906,59.29999923706055,59.79999923706055,35241000
2010-06-03,38.02997589111328,60.79999923706055,61.0,60.5,60.79999923706055,46916000
2010-06-04,38.155067443847656,61.0,61.0,60.20000076293945,60.5,41837000
2010-06-07,37.02919006347656,59.20000076293945,59.70000076293945,58.70000076293945,59.70000076293945,69197000
2010-06-08,36.591331481933594,58.5,59.20000076293945,58.400001525878906,58.900001525878906,40396000
2010-06-09,36.65388107299805,58.599998474121094,59.0,58.29999923706055,58.400001525878906,45955000
2010-06-10,37.15427780151367,59.400001525878906,59.79999923706055,58.79999923706055,59.79999923706055,28784000
2010-06-11,37.84233093261719,60.5,60.5,60.0,60.20000076293945,41097000
2010-06-14,38.217620849609375,61.099998474121094,61.400001525878906,60.900001525878906,60.900001525878906,44867000
2010-06-15,38.4052734375,61.400001525878906,61.900001525878906,60.70000076293945,61.29999923706055,37382000
2010-06-17,38.84311294555664,62.099998474121094,62.29999923706055,61.70000076293945,62.0,55896000
2010-06-18,39.218406677246094,62.70000076293945,62.70000076293945,61.79999923706055,62.400001525878906,46267000
2010-06-21,39.59369659423828,63.29999923706055,63.70000076293945,63.099998474121094,63.099998474121094,68207000
2010-06-22,39.15585708618164,62.599998474121094,63.29999923706055,62.599998474121094,63.29999923706055,30437000
2010-06-23,38.84311294555664,62.099998474121094,62.5,62.0,62.0,37155000
2010-06-24,38.78055953979492,62.0,62.20000076293945,61.70000076293945,62.099998474121094,35311000
2010-06-25,38.4052734375,61.400001525878906,61.900001525878906,61.29999923706055,61.5,30548000
2010-06-28,38.59291076660156,61.70000076293945,61.70000076293945,61.099998474121094,61.20000076293945,20466000
2010-06-29,38.155067443847656,61.0,62.599998474121094,61.0,62.0,47903000
2010-06-30,37.90486526489258,60.599998474121094,61.0,60.29999923706055,60.29999923706055,58283000
2010-07-01,37.654685974121094,60.20000076293945,60.599998474121094,60.0,60.599998474121094,15325000
2010-07-02,37.71721649169922,60.29999923706055,60.70000076293945,60.0,60.0,66885000
2010-07-05,38.4052734375,61.400001525878906,61.79999923706055,60.29999923706055,60.29999923706055,86939000
2010-07-06,39.39152145385742,59.900001525878906,59.900001525878906,58.79999923706055,58.900001525878906,69631000
2010-07-07,39.12846374511719,59.5,59.900001525878906,59.20000076293945,59.79999923706055,59093000
2010-07-08,39.72032928466797,60.400001525878906,60.400001525878906,59.70000076293945,60.099998474121094,50323000
2010-07-09,39.72032928466797,60.400001525878906,60.5,59.900001525878906,60.400001525878906,37986000
2010-07-12,39.325767517089844,59.79999923706055,60.599998474121094,59.79999923706055,60.599998474121094,44157000
2010-07-13,39.19424057006836,59.599998474121094,60.20000076293945,59.5,59.900001525878906,37431000
2010-07-14,39.72032928466797,60.400001525878906,60.70000076293945,60.20000076293945,60.400001525878906,59702000
2010-07-15,39.65456771850586,60.29999923706055,60.5,60.099998474121094,60.400001525878906,32938000
2010-07-16,39.39152145385742,59.900001525878906,60.5,59.79999923706055,60.5,29874000
2010-07-19,40.1806640625,61.099998474121094,61.29999923706055,59.400001525878906,59.5,56238000
2010-07-20,40.443721771240234,61.5,61.79999923706055,61.0,61.29999923706055,53905000
2010-07-21,40.64099884033203,61.79999923706055,61.900001525878906,61.5,61.900001525878906,41172000
2010-07-22,40.772525787353516,62.0,62.29999923706055,61.29999923706055,61.900001525878906,45274000
2010-07-23,41.29861831665039,62.79999923706055,63.0,62.400001525878906,62.599998474121094,65925000
2010-07-26,41.16709518432617,62.599998474121094,63.099998474121094,62.29999923706055,63.0,26958000
2010-07-27,41.10133361816406,62.5,63.0,62.29999923706055,63.0,20942000
2010-07-28,41.430152893066406,63.0,63.0,62.20000076293945,62.29999923706055,26119000
2010-07-29,41.430152893066406,63.0,63.0,62.599998474121094,63.0,38043000
2010-07-30,41.03556823730469,62.400001525878906,62.400001525878906,61.400001525878906,62.400001525878906,43549000
2010-08-02,40.96980667114258,62.29999923706055,62.79999923706055,62.099998474121094,62.599998474121094,48015000
2010-08-03,40.772525787353516,62.0,62.599998474121094,61.70000076293945,62.599998474121094,32913000
2010-08-04,40.772525787353516,62.0,62.20000076293945,61.599998474121094,62.0,20350000
2010-08-05,40.70676803588867,61.900001525878906,62.0,61.79999923706055,62.0,21813000
2010-08-06,40.04914093017578,60.900001525878906,61.70000076293945,60.599998474121094,61.599998474121094,62419000
2010-08-09,39.9176139831543,60.70000076293945,60.900001525878906,60.400001525878906,60.5,56912000
2010-08-10,40.11490249633789,61.0,61.400001525878906,60.79999923706055,60.900001525878906,62187000
2010-08-11,40.11490249633789,61.0,61.20000076293945,60.70000076293945,60.79999923706055,28506000
2010-08-12,39.588809967041016,60.20000076293945,60.599998474121094,60.099998474121094,60.20000076293945,65513000
2010-08-13,39.523040771484375,60.099998474121094,60.599998474121094,59.900001525878906,60.20000076293945,64069000
2010-08-16,39.65456771850586,60.29999923706055,60.29999923706055,59.599998474121094,60.0,39691000
2010-08-17,39.325767517089844,59.79999923706055,60.5,59.79999923706055,60.5,37445000
2010-08-18,39.19424057006836,59.599998474121094,60.29999923706055,59.5,60.0,42369000
2010-08-19,39.523040771484375,60.099998474121094,60.400001525878906,59.5,59.5,45753000
2010-08-20,39.39152145385742,59.900001525878906,60.20000076293945,59.70000076293945,59.79999923706055,30073000
2010-08-23,39.523040771484375,60.099998474121094,60.900001525878906,59.599998474121094,59.900001525878906,27530000
2010-08-24,39.19424057006836,59.599998474121094,60.099998474121094,59.599998474121094,60.0,30548000
2010-08-25,38.602378845214844,58.70000076293945,59.400001525878906,58.599998474121094,59.400001525878906,70486000
2010-08-26,38.66814041137695,58.79999923706055,59.099998474121094,58.5,58.599998474121094,33540000
2010-08-27,38.66814041137695,58.79999923706055,58.900001525878906,58.5,58.70000076293945,43374000
2010-08-30,39.062705993652344,59.400001525878906,59.599998474121094,58.900001525878906,59.20000076293945,27583000
2010-08-31,38.7338981628418,58.900001525878906,59.0,58.400001525878906,59.0,77308000
2010-09-01,38.865421295166016,59.099998474121094,59.29999923706055,58.70000076293945,59.29999923706055,33670000
2010-09-02,39.12846374511719,59.5,60.099998474121094,59.400001525878906,60.0,25353000
2010-09-03,39.325767517089844,59.79999923706055,59.900001525878906,59.29999923706055,59.29999923706055,38247000
2010-09-06,39.786094665527344,60.5,60.5,60.099998474121094,60.400001525878906,25773000
2010-09-07,39.588809967041016,60.20000076293945,60.599998474121094,60.099998474121094,60.5,20235000
2010-09-08,38.996944427490234,59.29999923706055,59.900001525878906,58.900001525878906,59.599998474121094,66266000
2010-09-09,39.12846374511719,59.5,59.70000076293945,59.20000076293945,59.70000076293945,21194000
2010-09-10,38.996944427490234,59.29999923706055,59.70000076293945,59.099998474121094,59.5,32620000
2010-09-13,40.04914093017578,60.900001525878906,60.900001525878906,59.400001525878906,59.599998474121094,86590000
2010-09-14,40.11490249633789,61.0,61.20000076293945,60.70000076293945,61.20000076293945,33482000
2010-09-15,40.24642562866211,61.20000076293945,61.20000076293945,60.5,61.20000076293945,39289000
2010-09-16,39.786094665527344,60.5,61.0,60.5,60.79999923706055,27832000
2010-09-17,40.24642562866211,61.20000076293945,61.400001525878906,60.599998474121094,61.0,49333000
2010-09-20,40.772525787353516,62.0,62.0,61.29999923706055,61.5,65877000
2010-09-21,40.64099884033203,61.79999923706055,62.29999923706055,61.599998474121094,62.29999923706055,32205000
2010-09-23,39.457275390625,60.0,60.900001525878906,59.900001525878906,60.900001525878906,106168000
2010-09-24,39.523040771484375,60.099998474121094,60.20000076293945,59.599998474121094,59.70000076293945,58578000
2010-09-27,39.9176139831543,60.70000076293945,60.79999923706055,60.400001525878906,60.79999923706055,57033000
2010-09-28,40.11490249633789,61.0,61.20000076293945,60.599998474121094,60.70000076293945,48335000
2010-09-29,40.443721771240234,61.5,61.900001525878906,61.0,61.5,79436000
2010-09-30,40.772525787353516,62.0,62.0,61.599998474121094,61.70000076293945,56151000
2010-10-01,40.772525787353516,62.0,62.29999923706055,61.70000076293945,62.20000076293945,38944000
2010-10-04,40.70676803588867,61.900001525878906,62.099998474121094,61.599998474121094,62.0,25742000
2010-10-05,40.1806640625,61.099998474121094,61.70000076293945,60.900001525878906,61.70000076293945,28432000
2010-10-06,40.64099884033203,61.79999923706055,62.0,61.5,61.900001525878906,34117000
2010-10-07,40.31218719482422,61.29999923706055,61.70000076293945,61.0,61.400001525878906,37414000
2010-10-08,40.64099884033203,61.79999923706055,61.79999923706055,61.0,61.0,54186000
2010-10-11,40.443721771240234,61.5,62.0,61.099998474121094,62.0,24273000
2010-10-12,40.11490249633789,61.0,61.5,60.400001525878906,61.5,27854000
2010-10-13,40.11490249633789,61.0,61.29999923706055,60.400001525878906,61.29999923706055,28950000
2010-10-14,40.64099884033203,61.79999923706055,62.0,61.29999923706055,61.400001525878906,45889000
2010-10-15,40.70676803588867,61.900001525878906,61.900001525878906,61.20000076293945,61.29999923706055,29898000
2010-10-18,39.786094665527344,60.5,61.79999923706055,60.400001525878906,61.400001525878906,32498000
2010-10-19,39.9176139831543,60.70000076293945,60.70000076293945,60.099998474121094,60.599998474121094,34442000
2010-10-20,40.11490249633789,61.0,61.099998474121094,60.400001525878906,60.5,34445000
2010-10-21,40.11490249633789,61.0,61.400001525878906,60.79999923706055,61.29999923706055,37243000
2010-10-22,40.64099884033203,61.79999923706055,61.79999923706055,61.400001525878906,61.70000076293945,42883000
2010-10-25,40.772525787353516,62.0,62.20000076293945,61.79999923706055,62.0,38467000
2010-10-26,40.96980667114258,62.29999923706055,62.29999923706055,62.0,62.20000076293945,37835000
2010-10-27,40.772525787353516,62.0,62.400001525878906,61.900001525878906,62.29999923706055,26552000
2010-10-28,41.232852935791016,62.70000076293945,63.0,62.099998474121094,62.400001525878906,61848000
2010-10-29,41.29861831665039,62.79999923706055,63.099998474121094,62.5,63.0,67800000
2010-11-01,41.758968353271484,63.5,63.5,63.0,63.400001525878906,76051000
2010-11-02,41.6274299621582,63.29999923706055,63.400001525878906,63.0,63.0,24276000
2010-11-03,42.022010803222656,63.900001525878906,64.0,63.29999923706055,63.5,44405000
2010-11-04,42.022010803222656,63.900001525878906,64.0999984741211,63.599998474121094,63.900001525878906,32641000
2010-11-05,42.219295501708984,64.19999694824219,64.5999984741211,63.79999923706055,64.5,43711000
2010-11-08,41.6274299621582,63.29999923706055,64.19999694824219,63.099998474121094,64.19999694824219,23591000
2010-11-09,42.0877685546875,64.0,64.0,63.099998474121094,63.29999923706055,25317000
2010-11-10,42.219295501708984,64.19999694824219,64.30000305175781,63.70000076293945,64.0,37637000
2010-11-11,41.890480041503906,63.70000076293945,64.19999694824219,63.70000076293945,63.900001525878906,31688000
2010-11-12,41.430152893066406,63.0,64.0,63.0,63.599998474121094,29650000
2010-11-15,42.022010803222656,63.900001525878906,64.0,63.20000076293945,63.79999923706055,27583000
2010-11-16,42.41658020019531,64.5,64.69999694824219,64.0999984741211,64.30000305175781,55027000
2010-11-17,41.95624542236328,63.79999923706055,64.5,63.599998474121094,64.19999694824219,51345000
2010-11-18,41.6274299621582,63.29999923706055,63.900001525878906,63.0,63.70000076293945,39053000
2010-11-19,41.890480041503906,63.70000076293945,64.0,63.0,63.599998474121094,23769000
2010-11-22,41.95624542236328,63.79999923706055,64.30000305175781,63.20000076293945,63.599998474121094,25384000
2010-11-23,41.69319534301758,63.400001525878906,63.79999923706055,63.29999923706055,63.70000076293945,30876000
2010-11-24,41.56166458129883,63.20000076293945,64.0,63.0,63.0,26848000
2010-11-25,42.3508186340332,64.4000015258789,64.5,63.5,63.79999923706055,34656000
2010-11-26,42.3508186340332,64.4000015258789,64.5,63.900001525878906,63.900001525878906,30955000
2010-11-29,42.285064697265625,64.30000305175781,64.69999694824219,63.79999923706055,64.5999984741211,33430000
2010-11-30,41.69319534301758,63.400001525878906,64.4000015258789,63.400001525878906,63.79999923706055,66488000
2010-12-01,42.48234939575195,64.5999984741211,64.5999984741211,63.79999923706055,63.79999923706055,58038000
2010-12-02,43.53453063964844,66.19999694824219,66.4000015258789,64.9000015258789,65.0,87811000
2010-12-03,44.91553497314453,68.30000305175781,70.0,66.69999694824219,66.80000305175781,124694000
2010-12-06,45.047080993652344,68.5,69.5,68.4000015258789,68.9000015258789,58644000
2010-12-07,44.71825408935547,68.0,68.5999984741211,67.5999984741211,68.5,58928000
2010-12-08,44.71825408935547,68.0,68.69999694824219,67.80000305175781,68.5999984741211,46509000
2010-12-09,46.03350830078125,70.0,70.0999984741211,68.80000305175781,69.0,91264000
2010-12-10,45.83620834350586,69.69999694824219,69.9000015258789,69.30000305175781,69.5999984741211,32731000
2010-12-13,45.63892364501953,69.4000015258789,70.4000015258789,69.0,70.0,36075000
2010-12-14,45.37587356567383,69.0,69.9000015258789,68.69999694824219,69.9000015258789,45977000
2010-12-15,46.03350830078125,70.0,70.0999984741211,68.5,68.5999984741211,56590000
2010-12-16,46.8226432800293,71.19999694824219,71.5999984741211,69.80000305175781,70.0,61923000
2010-12-17,47.94060134887695,72.9000015258789,75.0,71.5999984741211,72.0,108365000
2010-12-20,46.8226432800293,71.19999694824219,73.0,70.9000015258789,73.0,91134000
2010-12-21,46.88840866088867,71.30000305175781,71.5999984741211,70.80000305175781,71.5,35454000
2010-12-22,46.8226432800293,71.19999694824219,71.5999984741211,70.69999694824219,71.0999984741211,26216000
2010-12-23,46.69110870361328,71.0,71.80000305175781,70.69999694824219,71.80000305175781,35499000
2010-12-24,46.559593200683594,70.80000305175781,71.0,70.5,71.0,21468000
2010-12-27,46.49383544921875,70.69999694824219,70.80000305175781,70.0,70.80000305175781,29035000
2010-12-28,46.625362396240234,70.9000015258789,71.0,70.5999984741211,70.9000015258789,35961000
2010-12-29,46.428070068359375,70.5999984741211,70.80000305175781,70.19999694824219,70.80000305175781,40312000
2010-12-30,46.428070068359375,70.5999984741211,70.80000305175781,70.0999984741211,70.5999984741211,53976000
2010-12-31,46.69110870361328,71.0,72.30000305175781,70.30000305175781,70.5,143558000
2011-01-03,46.75688552856445,71.0999984741211,71.5999984741211,70.80000305175781,71.5,35149000
2011-01-04,46.8226432800293,71.19999694824219,71.5999984741211,70.80000305175781,71.0,35448000
2011-01-05,45.901981353759766,69.80000305175781,71.0999984741211,69.5999984741211,70.9000015258789,51755000
2011-01-06,46.69110870361328,71.0,71.0,69.69999694824219,69.80000305175781,46666000
2011-01-07,47.67754364013672,72.5,73.0,71.9000015258789,71.9000015258789,169755000
2011-01-10,48.795501708984375,74.19999694824219,74.19999694824219,72.5999984741211,73.0,66767000
2011-01-11,48.992794036865234,74.5,74.9000015258789,73.80000305175781,74.0999984741211,81911000
2011-01-12,49.255836486816406,74.9000015258789,75.0,74.69999694824219,74.69999694824219,53397000
2011-01-13,49.05854415893555,74.5999984741211,75.30000305175781,74.19999694824219,75.0999984741211,92995000
2011-01-14,49.19008255004883,74.80000305175781,74.80000305175781,74.0999984741211,74.4000015258789,28681000
2011-01-17,49.84770584106445,75.80000305175781,75.9000015258789,75.30000305175781,75.4000015258789,67207000
2011-01-18,50.50532150268555,76.80000305175781,77.4000015258789,75.19999694824219,75.5,56518000
2011-01-19,51.29447555541992,78.0,78.30000305175781,76.5999984741211,76.9000015258789,86839000
2011-01-20,50.24225616455078,76.4000015258789,77.0,76.0999984741211,77.0,43578000
2011-01-21,49.05854415893555,74.5999984741211,75.19999694824219,74.0,74.0,81340000
2011-01-24,49.51888656616211,75.30000305175781,75.4000015258789,74.5999984741211,75.19999694824219,40750000
2011-01-25,49.32160568237305,75.0,75.9000015258789,74.9000015258789,75.9000015258789,43750000
2011-01-26,49.05854415893555,74.5999984741211,75.19999694824219,74.30000305175781,74.5999984741211,66493000
2011-01-27,49.453125,75.19999694824219,75.4000015258789,74.80000305175781,74.9000015258789,69734000
2011-01-28,50.176509857177734,76.30000305175781,76.9000015258789,74.9000015258789,75.19999694824219,97365000
2011-02-08,49.650413513183594,75.5,77.0,74.80000305175781,77.0,105232000
2011-02-09,48.532470703125,73.80000305175781,75.5999984741211,73.80000305175781,75.5,79084000
2011-02-10,47.348724365234375,72.0,73.4000015258789,72.0,73.0999984741211,83493000
2011-02-11,46.95416259765625,71.4000015258789,72.4000015258789,70.9000015258789,72.19999694824219,111841000
2011-02-14,47.67754364013672,72.5,72.9000015258789,71.5,72.0,64830000
2011-02-15,47.67754364013672,72.5,73.0999984741211,71.4000015258789,72.4000015258789,56427000
2011-02-16,47.414493560791016,72.0999984741211,72.69999694824219,71.9000015258789,72.4000015258789,53849000
2011-02-17,47.67754364013672,72.5,72.9000015258789,71.5999984741211,72.4000015258789,49280000
2011-02-18,48.00636672973633,73.0,73.9000015258789,73.0,73.0999984741211,73532000
2011-02-21,48.2694206237793,73.4000015258789,73.4000015258789,72.30000305175781,73.0999984741211,37954000
2011-02-22,47.67754364013672,72.5,72.5,71.19999694824219,72.19999694824219,82528000
2011-02-23,46.69110870361328,71.0,71.9000015258789,70.5,71.5,78154000
2011-02-24,46.36229705810547,70.5,71.4000015258789,70.5,71.0,62708000
2011-02-25,46.36229705810547,70.5,71.0999984741211,69.9000015258789,70.5999984741211,78655000
2011-03-01,46.95416259765625,71.4000015258789,71.80000305175781,70.0,70.0,77441000
2011-03-02,46.29654312133789,70.4000015258789,71.0,70.4000015258789,70.80000305175781,52968000
2011-03-03,46.559593200683594,70.80000305175781,71.5999984741211,70.0999984741211,70.0999984741211,59349000
2011-03-04,47.21720886230469,71.80000305175781,72.0,71.30000305175781,71.5,55215000
2011-03-07,46.625362396240234,70.9000015258789,71.69999694824219,70.9000015258789,71.5999984741211,30090000
2011-03-08,47.01991653442383,71.5,71.80000305175781,70.5,70.5,49251000
2011-03-09,46.95416259765625,71.4000015258789,72.19999694824219,71.0999984741211,72.19999694824219,42715000
2011-03-10,46.36229705810547,70.5,72.0999984741211,70.0999984741211,72.0999984741211,61899000
2011-03-11,46.03350830078125,70.0,70.5999984741211,69.5,70.0,52528000
2011-03-14,46.23078918457031,70.30000305175781,70.5,69.0999984741211,70.30000305175781,47199000
2011-03-15,44.71825408935547,68.0,70.0999984741211,66.19999694824219,70.0,114456000
2011-03-16,45.047080993652344,68.5,69.0999984741211,68.0999984741211,68.80000305175781,60944000
2011-03-17,44.32368469238281,67.4000015258789,67.5,65.69999694824219,66.80000305175781,104629000
2011-03-18,44.91553497314453,68.30000305175781,68.4000015258789,67.19999694824219,67.80000305175781,55649000
2011-03-21,45.37587356567383,69.0,69.0999984741211,68.0,68.30000305175781,34725000
2011-03-22,45.112831115722656,68.5999984741211,69.5,68.4000015258789,69.5,31467000
2011-03-23,45.178585052490234,68.69999694824219,69.0999984741211,68.0999984741211,69.0999984741211,31189000
2011-03-24,45.63892364501953,69.4000015258789,70.0999984741211,69.0,69.0999984741211,44701000
2011-03-25,46.8226432800293,71.19999694824219,71.19999694824219,70.0,70.4000015258789,51518000
2011-03-28,46.69110870361328,71.0,71.0,70.30000305175781,70.5999984741211,28535000
2011-03-29,46.559593200683594,70.80000305175781,71.19999694824219,70.4000015258789,70.5999984741211,34785000
2011-03-30,46.23078918457031,70.30000305175781,70.80000305175781,70.0,70.30000305175781,60127000
2011-03-31,46.428070068359375,70.5999984741211,71.0,70.0,71.0,41950000
2011-04-01,46.49383544921875,70.69999694824219,70.80000305175781,70.0999984741211,70.69999694824219,26616000
2011-04-06,47.94060134887695,72.9000015258789,72.9000015258789,71.5,71.5,114050000
2011-04-07,47.87484359741211,72.80000305175781,73.0,72.30000305175781,73.0,45048000
2011-04-08,47.94060134887695,72.9000015258789,73.0,72.4000015258789,72.9000015258789,64884000
2011-04-11,46.75688552856445,71.0999984741211,73.0,70.9000015258789,73.0,42409000
2011-04-12,46.09926223754883,70.0999984741211,70.69999694824219,70.0999984741211,70.5,45901000
2011-04-13,46.49383544921875,70.69999694824219,70.80000305175781,70.0,70.0999984741211,27328000
2011-04-14,45.901981353759766,69.80000305175781,70.5,69.5999984741211,70.30000305175781,46816000
2011-04-15,45.507389068603516,69.19999694824219,70.0,69.0999984741211,70.0,51993000
2011-04-18,45.37587356567383,69.0,69.80000305175781,68.80000305175781,69.80000305175781,27120000
2011-04-19,44.784019470214844,68.0999984741211,68.5,68.0,68.5,42649000
2011-04-20,45.901981353759766,69.80000305175781,69.80000305175781,68.5,69.0,48039000
2011-04-21,46.49383544921875,70.69999694824219,71.30000305175781,70.30000305175781,70.69999694824219,50849000
2011-04-22,46.625362396240234,70.9000015258789,71.0,70.30000305175781,70.9000015258789,25299000
2011-04-25,46.23078918457031,70.30000305175781,71.0999984741211,70.0999984741211,71.0,22040000
2011-04-26,46.23078918457031,70.30000305175781,70.30000305175781,69.0999984741211,69.69999694824219,31838000
2011-04-27,47.5460205078125,72.30000305175781,72.69999694824219,71.5,71.5,58612000
2011-04-28,48.00636672973633,73.0,73.69999694824219,72.9000015258789,73.4000015258789,83054000
2011-04-29,48.13787841796875,73.19999694824219,73.9000015258789,72.9000015258789,73.69999694824219,92890000
2011-05-03,49.05854415893555,74.5999984741211,74.80000305175781,73.5999984741211,73.9000015258789,81495000
2011-05-04,48.532470703125,73.80000305175781,74.4000015258789,73.0,74.4000015258789,46461000
2011-05-05,49.19008255004883,74.80000305175781,74.80000305175781,73.5999984741211,74.0,45326000
2011-05-06,49.32160568237305,75.0,75.5999984741211,74.4000015258789,75.0,53441000
2011-05-09,49.650413513183594,75.5,76.0999984741211,75.19999694824219,75.5999984741211,59843000
2011-05-10,48.92703628540039,74.4000015258789,75.5999984741211,74.4000015258789,75.5999984741211,43183000
2011-05-11,49.32160568237305,75.0,75.30000305175781,74.5999984741211,75.30000305175781,43103000
2011-05-12,49.78192138671875,75.69999694824219,76.0,74.0999984741211,74.19999694824219,58360000
2011-05-13,49.9134521484375,75.9000015258789,76.0999984741211,75.5,76.0,37218000
2011-05-16,49.255836486816406,74.9000015258789,75.9000015258789,74.69999694824219,75.9000015258789,25843000
2011-05-17,49.7161750793457,75.5999984741211,76.0,74.5999984741211,74.5999984741211,41026000
2011-05-18,49.51888656616211,75.30000305175781,75.80000305175781,74.9000015258789,75.30000305175781,27879000
2011-05-19,49.453125,75.19999694824219,76.30000305175781,74.9000015258789,74.9000015258789,52635000
2011-05-20,49.650413513183594,75.5,76.0,74.9000015258789,76.0,32925000
2011-05-23,49.387359619140625,75.0999984741211,75.5,74.5,74.69999694824219,38984000
2011-05-24,49.19008255004883,74.80000305175781,75.0999984741211,74.19999694824219,74.9000015258789,34727000
2011-05-25,48.992794036865234,74.5,74.9000015258789,73.30000305175781,74.19999694824219,59534000
2011-05-26,48.795501708984375,74.19999694824219,75.0,74.0,75.0,33168000
2011-05-27,48.66397476196289,74.0,74.5,73.80000305175781,73.80000305175781,46500000
2011-05-30,49.387359619140625,75.0999984741211,75.30000305175781,74.0,74.0,33671000
2011-05-31,50.4395637512207,76.69999694824219,76.9000015258789,75.4000015258789,75.5,62660000
2011-06-01,50.6368408203125,77.0,77.30000305175781,76.30000305175781,76.30000305175781,44950000
2011-06-02,50.24225616455078,76.4000015258789,77.4000015258789,76.30000305175781,76.30000305175781,61778000
2011-06-03,50.76837158203125,77.19999694824219,77.19999694824219,76.0999984741211,77.0,35389000
2011-06-07,50.965660095214844,77.5,78.19999694824219,76.5999984741211,77.19999694824219,40816000
2011-06-08,50.965660095214844,77.5,78.0,77.0999984741211,77.0999984741211,58158000
2011-06-09,50.571083068847656,76.9000015258789,78.0,76.80000305175781,78.0,33565000
2011-06-10,49.51888656616211,75.30000305175781,77.5,75.0999984741211,77.0,55263000
2011-06-13,49.12431335449219,74.69999694824219,75.0,73.9000015258789,74.5,68652000
2011-06-14,50.110740661621094,76.19999694824219,76.4000015258789,74.5,74.5,52699000
2011-06-15,50.6368408203125,77.0,77.4000015258789,76.0999984741211,77.0,85237000
2011-06-16,49.650413513183594,75.5,76.19999694824219,75.4000015258789,76.0,62276000
2011-06-17,48.795501708984375,74.19999694824219,75.0999984741211,74.0999984741211,75.0,79539000
2011-06-20,49.255836486816406,74.9000015258789,75.4000015258789,74.0999984741211,74.5999984741211,31713000
2011-06-21,49.9134521484375,75.9000015258789,76.19999694824219,75.30000305175781,75.4000015258789,40800000
2011-06-22,49.32160568237305,75.0,76.30000305175781,74.5999984741211,76.30000305175781,45315000
2011-06-23,48.795501708984375,74.19999694824219,74.9000015258789,73.80000305175781,74.69999694824219,53121000
2011-06-24,47.94060134887695,72.9000015258789,73.5999984741211,71.9000015258789,73.5999984741211,68685000
2011-06-27,47.348724365234375,72.0,72.0999984741211,71.5999984741211,72.0,64884000
2011-06-28,47.67754364013672,72.5,72.5999984741211,71.80000305175781,72.0999984741211,95586000
2011-06-29,48.980621337890625,71.4000015258789,72.0999984741211,70.4000015258789,70.9000015258789,93038000
2011-06-30,49.529422760009766,72.19999694824219,72.19999694824219,71.30000305175781,71.4000015258789,48764000
2011-07-01,49.94102478027344,72.80000305175781,73.0,72.0,72.19999694824219,40514000
2011-07-04,50.42122268676758,73.5,73.9000015258789,73.0999984741211,73.9000015258789,39959000
2011-07-05,50.215423583984375,73.19999694824219,73.30000305175781,72.4000015258789,73.19999694824219,34203000
2011-07-06,49.94102478027344,72.80000305175781,73.4000015258789,72.5,73.19999694824219,42991000
2011-07-07,49.11782455444336,71.5999984741211,72.30000305175781,71.5,72.0999984741211,47655000
2011-07-08,49.73522186279297,72.5,72.80000305175781,72.0,72.0999984741211,52356000
2011-07-11,48.91203689575195,71.30000305175781,72.5999984741211,70.19999694824219,72.5999984741211,47105000
2011-07-12,48.22602462768555,70.30000305175781,70.80000305175781,70.0999984741211,70.5999984741211,39821000
2011-07-13,49.529422760009766,72.19999694824219,72.5,70.0999984741211,70.5,69016000
2011-07-14,48.500423431396484,70.69999694824219,71.4000015258789,70.0999984741211,70.5,54343000
2011-07-15,47.951622009277344,69.9000015258789,70.19999694824219,69.5,70.0,88064000
2011-07-18,47.81441116333008,69.69999694824219,70.19999694824219,69.4000015258789,69.69999694824219,34351000
2011-07-19,46.9912223815918,68.5,69.80000305175781,68.5,69.5999984741211,57401000
2011-07-20,49.11782455444336,71.5999984741211,71.69999694824219,69.4000015258789,69.69999694824219,55120000
2011-07-21,49.11782455444336,71.5999984741211,71.5999984741211,70.5999984741211,71.4000015258789,32798000
2011-07-22,49.3922119140625,72.0,72.4000015258789,71.69999694824219,72.4000015258789,37196000
2011-07-25,49.3922119140625,72.0,72.5,71.4000015258789,72.4000015258789,32490000
2011-07-26,50.55841827392578,73.69999694824219,73.69999694824219,72.30000305175781,72.30000305175781,52821000
2011-07-27,50.35263442993164,73.4000015258789,73.9000015258789,73.0,73.69999694824219,35569000
2011-07-28,50.07823181152344,73.0,73.4000015258789,72.30000305175781,72.80000305175781,33682000
2011-07-29,49.3922119140625,72.0,72.4000015258789,71.30000305175781,71.80000305175781,60614000
2011-08-01,49.8038215637207,72.5999984741211,72.80000305175781,72.0,72.0,41072000
2011-08-02,48.980621337890625,71.4000015258789,72.0999984741211,71.19999694824219,72.0,33350000
2011-08-03,48.08881378173828,70.0999984741211,70.5,69.80000305175781,70.0999984741211,45976000
2011-08-04,48.02022171020508,70.0,70.69999694824219,69.5999984741211,69.5999984741211,43900000
2011-08-05,45.68781661987305,66.5999984741211,68.0,66.0,66.0,89615000
2011-08-08,44.727394104003906,65.19999694824219,67.4000015258789,64.0,66.0,97375000
2011-08-09,43.42398452758789,63.29999923706055,65.0999984741211,62.20000076293945,62.5,115504000
2011-08-10,45.13900375366211,65.80000305175781,67.0,65.0,65.0999984741211,109734000
2011-08-11,45.55060958862305,66.4000015258789,66.80000305175781,64.0,64.5999984741211,54267000
2011-08-12,44.65880584716797,65.0999984741211,67.5999984741211,65.0999984741211,67.19999694824219,61038000
2011-08-15,45.825008392333984,66.80000305175781,66.9000015258789,65.9000015258789,66.9000015258789,39616000
2011-08-16,45.27621078491211,66.0,66.80000305175781,66.0,66.80000305175781,38915000
2011-08-17,45.13900375366211,65.80000305175781,66.19999694824219,65.30000305175781,66.0,35809000
2011-08-18,44.1786003112793,64.4000015258789,65.80000305175781,63.29999923706055,65.80000305175781,73212000
2011-08-19,43.83560562133789,63.900001525878906,63.900001525878906,63.0,63.099998474121094,43186000
2011-08-22,44.5901985168457,65.0,65.5,63.0,63.599998474121094,46280000
2011-08-23,45.825008392333984,66.80000305175781,67.0999984741211,65.0,65.0,46451000
2011-08-24,46.30521011352539,67.5,67.69999694824219,66.4000015258789,67.69999694824219,48112000
2011-08-25,45.96220779418945,67.0,67.5999984741211,66.4000015258789,67.4000015258789,30837000
2011-08-26,46.57961654663086,67.9000015258789,68.30000305175781,67.0,67.0999984741211,40454000
2011-08-29,47.60861587524414,69.4000015258789,69.9000015258789,68.0999984741211,68.5999984741211,38554000
2011-08-30,47.33422088623047,69.0,70.30000305175781,68.5999984741211,70.30000305175781,33717000
2011-08-31,47.60861587524414,69.4000015258789,69.4000015258789,67.80000305175781,69.0999984741211,47445000
2011-09-01,47.059818267822266,68.5999984741211,69.80000305175781,68.5999984741211,69.4000015258789,47910000
2011-09-02,46.30521011352539,67.5,69.5,67.0999984741211,69.5,42191000
2011-09-05,45.68781661987305,66.5999984741211,67.0999984741211,65.9000015258789,66.0999984741211,49750000
2011-09-06,45.34479904174805,66.0999984741211,67.19999694824219,66.0999984741211,66.5,38972000
2011-09-07,47.059818267822266,68.5999984741211,68.5999984741211,66.80000305175781,67.0,40017000
2011-09-08,47.12840270996094,68.69999694824219,69.5999984741211,68.4000015258789,69.5999984741211,42602000
2011-09-09,47.54001235961914,69.30000305175781,70.0999984741211,68.9000015258789,69.5,38210000
2011-09-13,46.922611236572266,68.4000015258789,70.0,68.4000015258789,69.5999984741211,34863000
2011-09-14,46.09941101074219,67.19999694824219,69.5999984741211,66.9000015258789,69.5,60617000
2011-09-15,47.40281295776367,69.0999984741211,69.80000305175781,68.5,69.0,42178000
2011-09-16,48.774818420410156,71.0999984741211,72.0,70.30000305175781,70.4000015258789,76993000
2011-09-19,48.843421936035156,71.19999694824219,71.69999694824219,70.69999694824219,71.4000015258789,28682000
2011-09-20,48.36320877075195,70.5,71.69999694824219,69.69999694824219,71.0,46860000
2011-09-21,49.3922119140625,72.0,72.0999984741211,70.9000015258789,71.0,52306000
2011-09-22,47.33422088623047,69.0,70.5,69.0,70.19999694824219,64836000
2011-09-23,46.30521011352539,67.5,68.9000015258789,67.4000015258789,68.19999694824219,85391000
2011-09-26,46.09941101074219,67.19999694824219,67.4000015258789,67.19999694824219,67.4000015258789,26574000
2011-09-27,47.951622009277344,69.9000015258789,70.19999694824219,68.69999694824219,68.9000015258789,56625000
2011-09-28,48.22602462768555,70.30000305175781,70.9000015258789,69.80000305175781,70.80000305175781,42230000
2011-09-29,48.22602462768555,70.30000305175781,70.9000015258789,69.30000305175781,69.5999984741211,39894000
2011-09-30,48.02022171020508,70.0,70.80000305175781,69.0,70.30000305175781,60198000
2011-10-03,47.059818267822266,68.5999984741211,70.0,68.0999984741211,70.0,33871000
2011-10-04,47.40281295776367,69.0999984741211,70.0,68.19999694824219,70.0,35690000
2011-10-05,47.40281295776367,69.0999984741211,69.69999694824219,68.69999694824219,68.9000015258789,30824000
2011-10-06,47.33422088623047,69.0,69.9000015258789,68.69999694824219,69.69999694824219,57224000
2011-10-07,47.40281295776367,69.0999984741211,69.0999984741211,69.0999984741211,69.0999984741211,13073000
2011-10-11,48.02022171020508,70.0,70.4000015258789,69.5999984741211,70.0,55155000
2011-10-12,48.29460525512695,70.4000015258789,70.5,69.5999984741211,70.5,41221000
2011-10-13,48.29460525512695,70.4000015258789,70.4000015258789,68.80000305175781,69.80000305175781,58272000
2011-10-14,48.22602462768555,70.30000305175781,70.80000305175781,69.9000015258789,70.80000305175781,35631000
2011-10-17,48.774818420410156,71.0999984741211,71.0999984741211,70.5,70.80000305175781,38911000
2011-10-18,48.500423431396484,70.69999694824219,70.69999694824219,70.0,70.0999984741211,25527000
2011-10-19,48.774818420410156,71.0999984741211,71.0999984741211,70.19999694824219,71.0,31141000
2011-10-20,47.81441116333008,69.69999694824219,70.69999694824219,69.5999984741211,70.5,25687000
2011-10-21,48.22602462768555,70.30000305175781,70.69999694824219,69.5999984741211,70.69999694824219,17897000
2011-10-24,49.186431884765625,71.69999694824219,71.9000015258789,71.19999694824219,71.19999694824219,50063000
2011-10-25,49.04922103881836,71.5,72.0,71.0,71.80000305175781,40816000
2011-10-26,49.32362365722656,71.9000015258789,72.0,71.0999984741211,71.4000015258789,25653000
2011-10-27,49.32362365722656,71.9000015258789,72.19999694824219,71.4000015258789,72.0,38771000
2011-10-28,50.14682388305664,73.0999984741211,74.0,72.0999984741211,73.5,90679000
2011-10-31,50.48982238769531,73.5999984741211,73.80000305175781,73.0999984741211,73.5,46670000
2011-11-01,50.62703323364258,73.80000305175781,74.0,73.0,73.5,37063000
2011-11-02,50.69563674926758,73.9000015258789,73.9000015258789,72.4000015258789,73.0999984741211,34533000
2011-11-03,50.42122268676758,73.5,74.19999694824219,72.30000305175781,74.19999694824219,36408000
2011-11-04,51.17582321166992,74.5999984741211,74.9000015258789,73.9000015258789,74.5,56744000
2011-11-07,51.45022964477539,75.0,75.19999694824219,74.30000305175781,75.0,28458000
2011-11-08,51.10723114013672,74.5,75.0,74.0,75.0,21447000
2011-11-09,50.83281707763672,74.0999984741211,74.9000015258789,74.0999984741211,74.9000015258789,17538000
2011-11-10,49.8038215637207,72.5999984741211,73.4000015258789,72.5,72.5,45120000
2011-11-11,50.35263442993164,73.4000015258789,73.5999984741211,72.5999984741211,73.5,27464000
2011-11-14,52.06763458251953,75.9000015258789,76.0,74.5999984741211,74.9000015258789,63557000
2011-11-15,52.13623809814453,76.0,76.0,75.0,75.5,35895000
2011-11-16,51.72464370727539,75.4000015258789,76.0,74.9000015258789,76.0,38931000
2011-11-17,51.9304313659668,75.69999694824219,76.0,74.80000305175781,75.19999694824219,34876000
2011-11-18,50.90142059326172,74.19999694824219,75.19999694824219,73.69999694824219,75.0,52324000
2011-11-21,50.28403854370117,73.30000305175781,73.9000015258789,73.0,73.19999694824219,21320000
2011-11-22,50.76422882080078,74.0,75.19999694824219,73.80000305175781,75.19999694824219,42423000
2011-11-23,50.35263442993164,73.4000015258789,74.5,73.0999984741211,74.0,42823000
2011-11-24,49.94102478027344,72.80000305175781,73.19999694824219,72.5999984741211,72.9000015258789,46889000
2011-11-25,49.11782455444336,71.5999984741211,73.30000305175781,71.30000305175781,73.0,36741000
2011-11-28,50.48982238769531,73.5999984741211,74.4000015258789,71.5999984741211,71.5999984741211,34892000
2011-11-29,50.48982238769531,73.5999984741211,74.19999694824219,72.9000015258789,73.80000305175781,42495000
2011-11-30,51.17582321166992,74.5999984741211,74.5999984741211,73.0,74.0,51206000
2011-12-01,52.5478401184082,76.5999984741211,76.5999984741211,75.5,75.5,78257000
2011-12-02,52.13623809814453,76.0,76.80000305175781,75.4000015258789,76.5999984741211,35285000
2011-12-05,52.342037200927734,76.30000305175781,76.30000305175781,75.4000015258789,76.0,28821000
2011-12-06,51.72464370727539,75.4000015258789,76.30000305175781,75.30000305175781,76.30000305175781,40835000
2011-12-07,52.410621643066406,76.4000015258789,76.5,75.4000015258789,76.5,40811000
2011-12-08,52.342037200927734,76.30000305175781,76.69999694824219,75.30000305175781,76.69999694824219,31661000
2011-12-09,50.83281707763672,74.0999984741211,76.0,73.5,76.0,41947000
2011-12-12,51.45022964477539,75.0,75.19999694824219,74.0999984741211,75.0999984741211,28286000
2011-12-13,51.58743667602539,75.19999694824219,75.19999694824219,73.69999694824219,73.69999694824219,29883000
2011-12-14,51.10723114013672,74.5,75.0999984741211,73.9000015258789,75.0999984741211,27551000
2011-12-15,49.73522186279297,72.5,74.0999984741211,72.5,74.0999984741211,35609000
2011-12-16,49.87242889404297,72.69999694824219,73.4000015258789,72.5,72.80000305175781,20783000
2011-12-19,49.73522186279297,72.5,73.5,72.0,73.5,24429000
2011-12-20,49.94102478027344,72.80000305175781,72.9000015258789,72.0,72.9000015258789,26756000
2011-12-21,52.13623809814453,76.0,76.0,74.0999984741211,74.9000015258789,52799000
2011-12-22,51.45022964477539,75.0,75.5,74.4000015258789,75.30000305175781,25805000
2011-12-23,51.72464370727539,75.4000015258789,75.80000305175781,74.5999984741211,75.80000305175781,28697000
2011-12-26,51.45022964477539,75.0,75.5,74.69999694824219,75.4000015258789,11293000
2011-12-27,51.79323196411133,75.5,75.5,74.69999694824219,74.80000305175781,14575000
2011-12-28,51.9304313659668,75.69999694824219,75.69999694824219,74.9000015258789,75.30000305175781,19957000
2011-12-29,51.99904251098633,75.80000305175781,75.9000015258789,75.19999694824219,75.4000015258789,24738000
2011-12-30,51.99904251098633,75.80000305175781,75.9000015258789,74.9000015258789,75.69999694824219,32240000
2012-01-02,47.88302230834961,69.80000305175781,75.4000015258789,69.80000305175781,75.0,26261000
2012-01-03,48.36320877075195,70.5,75.9000015258789,70.5,75.5,56936000
2012-01-04,48.36320877075195,70.5,76.0999984741211,70.5,76.0999984741211,56684000
2012-01-05,52.13623809814453,76.0,76.0,75.30000305175781,76.0,56718000
2012-01-06,51.8618278503418,75.5999984741211,75.9000015258789,74.9000015258789,75.9000015258789,29866000
2012-01-09,51.8618278503418,75.5999984741211,75.5999984741211,74.5999984741211,75.19999694824219,27627000
2012-01-10,52.47925567626953,76.5,76.5,75.80000305175781,76.0,56436000
2012-01-11,52.47925567626953,76.5,77.0,76.0999984741211,76.80000305175781,41075000
2012-01-12,52.822235107421875,77.0,77.0999984741211,76.5,76.69999694824219,55391000
2012-01-13,53.16524124145508,77.5,78.0,77.0,77.19999694824219,57301000
2012-01-16,51.65602111816406,75.30000305175781,76.9000015258789,74.5999984741211,76.0999984741211,37659000
2012-01-17,51.8618278503418,75.5999984741211,75.9000015258789,74.9000015258789,75.9000015258789,43605000
2012-01-18,52.61644744873047,76.69999694824219,76.69999694824219,75.5999984741211,75.9000015258789,56756000
2012-01-30,53.98843765258789,78.69999694824219,79.5,77.19999694824219,78.0,134364000
2012-01-31,53.85123062133789,78.5,78.5,76.30000305175781,78.0999984741211,84114000
2012-02-01,52.822235107421875,77.0,77.69999694824219,76.69999694824219,77.5,46150000
2012-02-02,52.68503952026367,76.80000305175781,77.5,76.0999984741211,77.5,53946000
2012-02-03,52.2734375,76.19999694824219,76.4000015258789,75.5999984741211,76.30000305175781,47741000
2012-02-06,53.09663772583008,77.4000015258789,77.5,76.5999984741211,77.30000305175781,47544000
2012-02-07,53.09663772583008,77.4000015258789,77.5,76.80000305175781,77.5,29943000
2012-02-08,53.16524124145508,77.5,77.5,76.9000015258789,77.5,34702000
2012-02-09,53.50823974609375,78.0,78.0,76.5,77.0,54953000
2012-02-10,52.753631591796875,76.9000015258789,78.0,76.69999694824219,78.0,42117000
2012-02-13,52.5478401184082,76.5999984741211,77.0999984741211,76.19999694824219,76.4000015258789,36380000
2012-02-14,53.028038024902344,77.30000305175781,77.4000015258789,76.19999694824219,77.0999984741211,41995000
2012-02-15,53.85123062133789,78.5,78.5,77.5999984741211,77.5999984741211,70978000
2012-02-16,53.85123062133789,78.5,78.9000015258789,78.0,78.5,57944000
2012-02-17,54.880245208740234,80.0,81.0999984741211,79.4000015258789,79.5,63929000
2012-02-20,54.880245208740234,80.0,80.80000305175781,79.69999694824219,80.5999984741211,31043000
2012-02-21,54.880245208740234,80.0,80.0,79.30000305175781,80.0,27443000
2012-02-22,54.6744499206543,79.69999694824219,80.0,79.0,79.9000015258789,41090000
2012-02-23,53.576839447021484,78.0999984741211,79.4000015258789,77.69999694824219,79.0,59936000
2012-02-24,54.26283264160156,79.0999984741211,79.0999984741211,77.19999694824219,77.5,39386000
2012-02-29,55.63486099243164,81.0999984741211,81.0999984741211,79.4000015258789,80.19999694824219,77948000
2012-03-01,54.948848724365234,80.0999984741211,81.0,80.0999984741211,81.0,21169000
2012-03-02,54.880245208740234,80.0,80.0999984741211,79.19999694824219,80.0,23782000
2012-03-05,54.125648498535156,78.9000015258789,79.5999984741211,78.5,78.69999694824219,22782000
2012-03-06,54.53725051879883,79.5,79.5999984741211,78.30000305175781,79.5999984741211,27703000
2012-03-07,54.26283264160156,79.0999984741211,79.30000305175781,78.69999694824219,79.0,30305000
2012-03-08,54.6744499206543,79.69999694824219,80.19999694824219,79.19999694824219,79.80000305175781,36169000
2012-03-09,54.880245208740234,80.0,80.0,78.80000305175781,79.5,22702000
2012-03-12,54.880245208740234,80.0,80.5,79.5999984741211,80.19999694824219,28913000
2012-03-13,55.77204513549805,81.30000305175781,81.30000305175781,80.0999984741211,80.5999984741211,47221000
2012-03-14,57.075462341308594,83.19999694824219,83.19999694824219,82.0,82.4000015258789,60618000
2012-03-15,57.075462341308594,83.19999694824219,83.19999694824219,82.5,83.19999694824219,30072000
2012-03-16,55.63486099243164,81.0999984741211,83.80000305175781,81.0999984741211,83.19999694824219,29079000
2012-03-19,57.41847229003906,83.69999694824219,84.19999694824219,82.4000015258789,83.69999694824219,37321000
2012-03-20,57.075462341308594,83.19999694824219,84.0999984741211,82.80000305175781,84.0,29232000
2012-03-21,58.24166488647461,84.9000015258789,85.19999694824219,83.80000305175781,84.80000305175781,61534000
2012-03-22,58.44746398925781,85.19999694824219,85.69999694824219,84.30000305175781,85.0,37740000
2012-03-23,58.584659576416016,85.4000015258789,85.4000015258789,84.4000015258789,85.0,29341000
2012-03-26,57.3498649597168,83.5999984741211,85.0999984741211,82.5,85.0999984741211,58830000
2012-03-27,58.85905456542969,85.80000305175781,85.80000305175781,84.30000305175781,85.0,34236000
2012-03-28,58.65325927734375,85.5,86.5,84.5999984741211,86.5,28246000
2012-03-29,57.69285202026367,84.0999984741211,84.5,83.4000015258789,84.5,49391000
2012-03-30,58.24166488647461,84.9000015258789,84.9000015258789,82.9000015258789,83.69999694824219,43730000
2012-04-02,58.378875732421875,85.0999984741211,85.19999694824219,84.0,84.80000305175781,23624000
2012-04-03,58.310264587402344,85.0,85.0,83.80000305175781,85.0,31241000
2012-04-05,57.006866455078125,83.0999984741211,84.0,83.0999984741211,83.30000305175781,42645000
2012-04-06,57.487060546875,83.80000305175781,84.0,83.0999984741211,84.0,34072000
2012-04-09,56.938262939453125,83.0,83.5999984741211,82.0,82.0,23209000
2012-04-10,56.25225830078125,82.0,83.5,81.80000305175781,83.0999984741211,33332000
2012-04-11,56.526649475097656,82.4000015258789,83.5,81.69999694824219,82.0,40711000
2012-04-12,56.66386795043945,82.5999984741211,82.69999694824219,81.5,82.5,36673000
2012-04-13,58.24166488647461,84.9000015258789,85.0,82.69999694824219,83.4000015258789,44685000
2012-04-16,58.24166488647461,84.9000015258789,85.0,83.80000305175781,84.5999984741211,19461000
2012-04-17,57.487060546875,83.80000305175781,84.9000015258789,83.4000015258789,84.9000015258789,29423000
2012-04-18,58.310264587402344,85.0,85.0,84.4000015258789,85.0,32325000
2012-04-19,58.85905456542969,85.80000305175781,85.80000305175781,84.30000305175781,84.5,31398000
2012-04-20,57.83006286621094,84.30000305175781,85.69999694824219,84.0999984741211,85.0,27633000
2012-04-23,57.83006286621094,84.30000305175781,84.5999984741211,83.4000015258789,84.19999694824219,20301000
2012-04-24,58.03585433959961,84.5999984741211,84.5999984741211,83.5999984741211,83.80000305175781,24868000
2012-04-25,57.76145935058594,84.19999694824219,84.9000015258789,83.9000015258789,84.9000015258789,31076000
2012-04-26,57.62425994873047,84.0,84.19999694824219,83.5,84.19999694824219,21008000
2012-04-27,58.99626922607422,86.0,89.80000305175781,86.0,87.0,116673000
2012-04-30,59.54506301879883,86.80000305175781,87.4000015258789,85.69999694824219,86.30000305175781,47549000
2012-05-02,60.64268493652344,88.4000015258789,88.9000015258789,86.80000305175781,87.0,47424000
2012-05-03,60.98566436767578,88.9000015258789,89.0,87.9000015258789,88.4000015258789,27641000
2012-05-04,60.0938720703125,87.5999984741211,88.0,86.69999694824219,86.69999694824219,37633000
2012-05-07,58.721866607666016,85.5999984741211,86.5,85.0,86.5,46464000
2012-05-08,57.89866638183594,84.4000015258789,86.0,84.4000015258789,86.0,45605000
2012-05-09,58.03585433959961,84.5999984741211,85.19999694824219,83.5,83.9000015258789,40753000
2012-05-10,58.51607894897461,85.30000305175781,85.69999694824219,84.30000305175781,85.0,28381000
2012-05-11,58.65325927734375,85.5,85.69999694824219,84.5,85.69999694824219,33565000
2012-05-14,58.584659576416016,85.4000015258789,85.5,84.80000305175781,84.80000305175781,13924000
2012-05-15,58.65325927734375,85.5,85.69999694824219,84.0999984741211,85.4000015258789,30654000
2012-05-16,57.21266174316406,83.4000015258789,84.5,83.4000015258789,84.19999694824219,64877000
2012-05-17,58.378875732421875,85.0999984741211,85.0999984741211,84.0999984741211,84.80000305175781,33612000
2012-05-18,56.11505126953125,81.80000305175781,83.9000015258789,81.80000305175781,83.9000015258789,57538000
2012-05-21,56.59525680541992,82.5,82.80000305175781,81.0,81.0,32372000
2012-05-22,56.38945007324219,82.19999694824219,82.9000015258789,82.19999694824219,82.69999694824219,33935000
2012-05-23,54.26283264160156,79.0999984741211,81.19999694824219,79.0,81.0,62853000
2012-05-24,55.29183578491211,80.5999984741211,80.5999984741211,78.0999984741211,78.9000015258789,40831000
2012-05-25,54.880245208740234,80.0,80.5,79.19999694824219,79.80000305175781,28205000
2012-05-28,55.97785568237305,81.5999984741211,81.69999694824219,79.80000305175781,80.0,28830000
2012-05-29,56.458045959472656,82.30000305175781,83.19999694824219,82.0,82.5,40599000
2012-05-30,56.046451568603516,81.69999694824219,82.0,80.30000305175781,81.5999984741211,75216000
2012-05-31,58.378875732421875,85.0999984741211,85.0999984741211,79.69999694824219,80.5,81199000
2012-06-01,54.811649322509766,79.9000015258789,81.69999694824219,79.9000015258789,81.69999694824219,66832000
2012-06-04,52.47925567626953,76.5,77.0999984741211,76.0999984741211,76.5,65908000
2012-06-05,53.64543533325195,78.19999694824219,78.19999694824219,77.19999694824219,77.5,37461000
2012-06-06,53.37105178833008,77.80000305175781,78.5999984741211,77.5,78.19999694824219,33650000
2012-06-07,54.74306106567383,79.80000305175781,79.80000305175781,78.5999984741211,79.4000015258789,47636000
2012-06-08,53.43964767456055,77.9000015258789,78.69999694824219,77.0,77.0,34628000
2012-06-11,55.1546516418457,80.4000015258789,80.5,79.5999984741211,79.9000015258789,36966000
2012-06-12,54.468650817871094,79.4000015258789,79.80000305175781,78.5,78.5,38319000
2012-06-13,54.880245208740234,80.0,80.80000305175781,79.5,80.80000305175781,32241000
2012-06-14,54.33144760131836,79.19999694824219,80.19999694824219,79.0999984741211,80.0,30382000
2012-06-15,53.576839447021484,78.0999984741211,79.5,78.0999984741211,79.19999694824219,83325000
2012-06-18,55.42905044555664,80.80000305175781,81.0,80.0,80.0,33626000
2012-06-19,55.2232551574707,80.5,80.9000015258789,80.0,80.9000015258789,28864000
2012-06-20,55.97785568237305,81.5999984741211,81.5999984741211,80.5,81.30000305175781,28945000
2012-06-21,55.29183578491211,80.5999984741211,81.0,80.30000305175781,80.5,27004000
2012-06-22,54.948848724365234,80.0999984741211,81.0,79.9000015258789,80.0,30162000
2012-06-25,54.60584259033203,79.5999984741211,80.80000305175781,79.0999984741211,80.80000305175781,39476000
2012-06-26,53.98843765258789,78.69999694824219,79.0999984741211,78.30000305175781,79.0,36877000
2012-06-27,54.40005111694336,79.30000305175781,79.5,78.19999694824219,78.30000305175781,31889000
2012-06-28,54.811649322509766,79.9000015258789,80.30000305175781,79.5,80.0,33067000
2012-06-29,55.77204513549805,81.30000305175781,81.30000305175781,79.30000305175781,79.5999984741211,47813000
2012-07-02,57.144046783447266,83.30000305175781,83.69999694824219,81.5,81.5,61179000
2012-07-03,57.76145935058594,84.19999694824219,84.9000015258789,83.4000015258789,83.5999984741211,59905000
2012-07-04,57.761070251464844,81.19999694824219,82.0999984741211,81.19999694824219,82.0999984741211,38922000
2012-07-05,57.61882781982422,81.0,82.0,80.69999694824219,82.0,26863000
2012-07-06,57.547691345214844,80.9000015258789,81.0,80.0999984741211,81.0,38090000
2012-07-09,56.907470703125,80.0,80.30000305175781,79.5999984741211,79.9000015258789,45026000
2012-07-10,56.26725769042969,79.0999984741211,79.9000015258789,78.5999984741211,79.4000015258789,33429000
2012-07-11,55.55591583251953,78.0999984741211,78.30000305175781,77.4000015258789,78.0999984741211,58592000
2012-07-12,53.848697662353516,75.69999694824219,77.5,75.69999694824219,77.5,68200000
2012-07-13,53.91985321044922,75.80000305175781,76.0,74.5,74.9000015258789,51423000
2012-07-16,53.706424713134766,75.5,76.30000305175781,75.5,76.30000305175781,35444000
2012-07-17,53.20848846435547,74.80000305175781,75.19999694824219,74.5,74.5,51636000
2012-07-18,53.20848846435547,74.80000305175781,75.30000305175781,74.80000305175781,75.0,37193000
2012-07-19,55.12912368774414,77.5,78.0,76.80000305175781,76.80000305175781,61961000
2012-07-20,54.560054779052734,76.69999694824219,77.0,76.19999694824219,76.4000015258789,48352000
2012-07-23,52.85283660888672,74.30000305175781,75.0999984741211,73.80000305175781,75.0999984741211,57404000
2012-07-24,53.20848846435547,74.80000305175781,74.80000305175781,74.19999694824219,74.30000305175781,39904000
2012-07-25,53.066226959228516,74.5999984741211,75.19999694824219,74.4000015258789,75.0,52097000
2012-07-26,54.27552032470703,76.30000305175781,76.69999694824219,75.19999694824219,75.69999694824219,46806000
2012-07-27,56.4095458984375,79.30000305175781,79.4000015258789,77.19999694824219,77.9000015258789,72384000
2012-07-30,56.196144104003906,79.0,80.4000015258789,78.80000305175781,80.0,37840000
2012-07-31,57.61882781982422,81.0,81.0,78.5,78.5,67536000
2012-08-01,56.907470703125,80.0,80.5,79.4000015258789,80.0999984741211,35881000
2012-08-02,56.907470703125,80.0,80.0,80.0,80.0,0
2012-08-03,56.765220642089844,79.80000305175781,80.0999984741211,79.19999694824219,79.5,46567000
2012-08-06,57.547691345214844,80.9000015258789,81.5,80.69999694824219,80.9000015258789,58403000
2012-08-07,57.903358459472656,81.4000015258789,81.4000015258789,80.69999694824219,81.30000305175781,40024000
2012-08-08,57.26315689086914,80.5,81.9000015258789,80.0999984741211,81.9000015258789,39881000
2012-08-09,58.54355239868164,82.30000305175781,82.30000305175781,81.30000305175781,81.30000305175781,54211000
2012-08-10,58.33017349243164,82.0,82.4000015258789,81.19999694824219,82.30000305175781,29859000
2012-08-13,58.828094482421875,82.69999694824219,83.80000305175781,82.5,83.80000305175781,30234000
2012-08-14,59.18378829956055,83.19999694824219,83.80000305175781,82.80000305175781,83.0,33268000
2012-08-15,59.04151916503906,83.0,83.69999694824219,82.5,83.69999694824219,27260000
2012-08-16,58.97038650512695,82.9000015258789,83.4000015258789,82.5,83.0,27999000
2012-08-17,58.33017349243164,82.0,83.19999694824219,82.0,83.0,27049000
2012-08-20,58.61470031738281,82.4000015258789,82.69999694824219,81.9000015258789,82.69999694824219,20997000
2012-08-21,59.46831512451172,83.5999984741211,83.9000015258789,82.69999694824219,82.69999694824219,36814000
2012-08-22,58.61470031738281,82.4000015258789,83.4000015258789,81.9000015258789,83.0999984741211,33548000
2012-08-23,58.828094482421875,82.69999694824219,82.80000305175781,82.19999694824219,82.4000015258789,22336000
2012-08-24,58.33017349243164,82.0,82.30000305175781,81.69999694824219,82.30000305175781,25460000
2012-08-27,59.04151916503906,83.0,83.5,82.4000015258789,82.9000015258789,25691000
2012-08-28,58.61470031738281,82.4000015258789,83.4000015258789,82.0,82.30000305175781,31760000
2012-08-29,58.828094482421875,82.69999694824219,83.0,82.0999984741211,82.5999984741211,18411000
2012-08-30,58.828094482421875,82.69999694824219,83.19999694824219,82.30000305175781,82.30000305175781,45455000
2012-08-31,59.25489807128906,83.30000305175781,83.30000305175781,82.4000015258789,82.4000015258789,13487000
2012-09-03,59.68171691894531,83.9000015258789,83.9000015258789,82.80000305175781,83.5,20728000
2012-09-04,59.75284957885742,84.0,84.0,83.5,84.0,21632000
2012-09-05,58.33017349243164,82.0,83.30000305175781,81.9000015258789,83.0,43274000
2012-09-06,57.68996810913086,81.0999984741211,82.80000305175781,81.0,82.80000305175781,25755000
2012-09-07,59.6105842590332,83.80000305175781,83.9000015258789,82.80000305175781,83.0,44441000
2012-09-10,59.397178649902344,83.5,83.5999984741211,83.19999694824219,83.30000305175781,16875000
2012-09-11,60.037376403808594,84.4000015258789,84.69999694824219,84.0,84.19999694824219,31566000
2012-09-12,60.108524322509766,84.5,84.9000015258789,84.5,84.5,37428000
2012-09-13,60.464195251464844,85.0,85.0,84.5,84.5,29565000
2012-09-14,61.53121566772461,86.5,86.5,85.5,85.5999984741211,51715000
2012-09-17,61.53121566772461,86.5,87.0,85.80000305175781,86.9000015258789,24786000
2012-09-18,60.96211242675781,85.69999694824219,86.5,85.4000015258789,86.5,35483000
2012-09-19,61.175540924072266,86.0,86.4000015258789,85.0999984741211,85.9000015258789,41915000
2012-09-20,60.6776123046875,85.30000305175781,86.0,85.0999984741211,86.0,24807000
2012-09-21,60.96211242675781,85.69999694824219,86.5,85.30000305175781,86.0,50990000
2012-09-24,61.24667739868164,86.0999984741211,86.4000015258789,85.0999984741211,85.69999694824219,30299000
2012-09-25,61.104408264160156,85.9000015258789,86.19999694824219,85.69999694824219,85.80000305175781,35885000
2012-09-26,61.46009826660156,86.4000015258789,86.4000015258789,85.0,85.4000015258789,36796000
2012-09-27,62.31368637084961,87.5999984741211,87.80000305175781,86.19999694824219,86.80000305175781,53924000
2012-09-28,63.878639221191406,89.80000305175781,89.80000305175781,88.5,88.5999984741211,58535000
2012-10-01,63.238399505615234,88.9000015258789,89.19999694824219,88.30000305175781,89.19999694824219,38119000
2012-10-02,63.73637390136719,89.5999984741211,89.80000305175781,88.9000015258789,89.19999694824219,23575000
2012-10-03,63.878639221191406,89.80000305175781,89.9000015258789,89.30000305175781,89.5999984741211,26330000
2012-10-04,64.44770812988281,90.5999984741211,90.5999984741211,89.5,89.9000015258789,36462000
2012-10-05,64.73226165771484,91.0,91.30000305175781,90.4000015258789,91.0,35197000
2012-10-08,63.38070297241211,89.0999984741211,91.0,89.0,91.0,38011000
2012-10-09,61.9580192565918,87.0999984741211,88.5,87.0999984741211,87.19999694824219,60022000
2012-10-11,60.81986618041992,85.5,85.69999694824219,84.80000305175781,85.0999984741211,74170000
2012-10-12,61.38894271850586,86.30000305175781,86.30000305175781,85.30000305175781,85.5999984741211,23657000
2012-10-15,61.46009826660156,86.4000015258789,86.4000015258789,85.4000015258789,86.0999984741211,19093000
2012-10-16,62.2425651550293,87.5,87.5,86.69999694824219,86.69999694824219,29187000
2012-10-17,62.171409606933594,87.4000015258789,88.0,86.5,87.80000305175781,34739000
2012-10-18,62.66936111450195,88.0999984741211,88.19999694824219,87.0,87.0,20400000
2012-10-19,61.6734733581543,86.69999694824219,87.30000305175781,86.19999694824219,86.19999694824219,27597000
2012-10-22,61.175540924072266,86.0,86.30000305175781,85.5999984741211,86.30000305175781,20015000
2012-10-23,60.96211242675781,85.69999694824219,86.30000305175781,85.5999984741211,85.9000015258789,16134000
2012-10-24,60.748741149902344,85.4000015258789,86.4000015258789,85.0999984741211,85.0999984741211,28246000
2012-10-25,60.32194137573242,84.80000305175781,85.5999984741211,84.5,85.4000015258789,36358000
2012-10-26,62.100303649902344,87.30000305175781,88.30000305175781,86.30000305175781,86.5,65197000
2012-10-29,62.66936111450195,88.0999984741211,89.0999984741211,87.5999984741211,88.30000305175781,36010000
2012-10-30,62.59824752807617,88.0,89.0,87.69999694824219,88.80000305175781,30286000
2012-10-31,63.096153259277344,88.69999694824219,88.80000305175781,87.9000015258789,88.0,25911000
2012-11-01,63.45185089111328,89.19999694824219,89.19999694824219,87.69999694824219,88.5999984741211,35973000
2012-11-02,63.94978713989258,89.9000015258789,90.0999984741211,89.5,90.0,38858000
2012-11-05,64.23433685302734,90.30000305175781,90.30000305175781,88.80000305175781,89.9000015258789,31435000
2012-11-06,64.3054428100586,90.4000015258789,90.5999984741211,89.69999694824219,90.5999984741211,26333000
2012-11-07,64.73226165771484,91.0,91.0,90.0,90.5,22025000
2012-11-08,64.37659454345703,90.5,90.9000015258789,89.9000015258789,90.80000305175781,39566000
2012-11-09,64.58997344970703,90.80000305175781,90.9000015258789,89.5,90.30000305175781,36639000
2012-11-12,64.94566345214844,91.30000305175781,91.80000305175781,90.5999984741211,91.0,29882000
2012-11-13,64.23433685302734,90.30000305175781,91.0,89.30000305175781,91.0,37000000
2012-11-14,64.37659454345703,90.5,90.9000015258789,89.5,90.0,30190000
2012-11-15,64.16319274902344,90.19999694824219,90.5999984741211,89.0,89.9000015258789,25043000
2012-11-16,64.16319274902344,90.19999694824219,90.30000305175781,89.19999694824219,89.19999694824219,32472000
2012-11-19,64.02091217041016,90.0,90.5,89.69999694824219,89.69999694824219,23037000
2012-11-20,64.3054428100586,90.4000015258789,90.4000015258789,89.80000305175781,90.0,21424000
2012-11-21,64.37659454345703,90.5,90.9000015258789,89.19999694824219,90.30000305175781,30032000
2012-11-22,64.94566345214844,91.30000305175781,91.30000305175781,90.30000305175781,90.30000305175781,20745000
2012-11-23,67.93331909179688,95.5,95.5,91.5,91.5999984741211,63873000
2012-11-26,67.79103088378906,95.30000305175781,95.5999984741211,94.9000015258789,95.5,34282000
2012-11-27,68.50238800048828,96.30000305175781,96.30000305175781,94.30000305175781,94.5999984741211,48731000
2012-11-28,68.21784973144531,95.9000015258789,96.0999984741211,95.30000305175781,95.80000305175781,54692000
2012-11-29,68.64463806152344,96.5,97.30000305175781,95.5,96.0,48637000
2012-11-30,70.2095947265625,98.69999694824219,98.80000305175781,95.9000015258789,96.0,74919000
2012-12-03,69.6405258178711,97.9000015258789,98.5999984741211,96.80000305175781,98.30000305175781,41656000
2012-12-04,68.71578216552734,96.5999984741211,97.19999694824219,95.30000305175781,96.9000015258789,41419000
2012-12-05,68.92919158935547,96.9000015258789,97.0999984741211,94.5999984741211,94.5999984741211,60447000
2012-12-06,68.71578216552734,96.5999984741211,96.9000015258789,96.0999984741211,96.5999984741211,33074000
2012-12-07,69.78278350830078,98.0999984741211,98.5,97.0999984741211,97.0999984741211,37005000
2012-12-10,68.64463806152344,96.5,98.0,96.5,97.9000015258789,28995000
2012-12-11,69.925048828125,98.30000305175781,98.30000305175781,96.69999694824219,97.30000305175781,40565000
2012-12-12,69.99620056152344,98.4000015258789,98.5,97.19999694824219,98.30000305175781,32453000
2012-12-13,70.56527709960938,99.19999694824219,99.4000015258789,97.9000015258789,98.30000305175781,39860000
2012-12-14,69.99620056152344,98.4000015258789,98.5999984741211,97.5,98.19999694824219,32975000
2012-12-17,69.00030517578125,97.0,97.69999694824219,96.19999694824219,96.4000015258789,46575000
2012-12-18,68.78691864013672,96.69999694824219,96.69999694824219,95.0,95.0,35265000
2012-12-19,69.21371459960938,97.30000305175781,97.30000305175781,96.19999694824219,96.69999694824219,27857000
2012-12-20,68.28895568847656,96.0,96.9000015258789,95.0999984741211,96.0999984741211,35458000
2012-12-21,67.43537139892578,94.80000305175781,96.5,94.5999984741211,95.0999984741211,34230000
2012-12-24,67.71990203857422,95.19999694824219,96.4000015258789,95.0999984741211,96.0,16019000
2012-12-25,68.64463806152344,96.5,97.30000305175781,95.5999984741211,96.0,15925000
2012-12-26,68.28895568847656,96.0,97.30000305175781,96.0,96.5,11988000
2012-12-27,68.00446319580078,95.5999984741211,96.69999694824219,95.5,96.19999694824219,24172000
2012-12-28,69.00030517578125,97.0,97.0,95.9000015258789,96.80000305175781,25594000
2013-01-02,70.84980010986328,99.5999984741211,99.9000015258789,97.0999984741211,97.5999984741211,40527000
2013-01-03,71.84569549560547,101.0,102.0,100.0,100.5,44107000
2013-01-04,72.20135498046875,101.5,101.5,100.0,100.5,39278000
2013-01-07,71.49002075195312,100.5,101.0,99.0999984741211,101.0,40288000
2013-01-08,70.92093658447266,99.69999694824219,100.0,98.9000015258789,99.5999984741211,31090000
2013-01-09,71.13433837890625,100.0,100.5,99.19999694824219,100.5,26137000
2013-01-10,71.84569549560547,101.0,101.0,99.5,99.9000015258789,35738000
2013-01-11,71.84569549560547,101.0,101.5,100.5,101.5,22418000
2013-01-14,72.55703735351562,102.0,102.0,100.0,101.0,23448000
2013-01-15,71.49002075195312,100.5,102.0,99.80000305175781,102.0,35617000
2013-01-16,70.56527709960938,99.19999694824219,100.5,99.19999694824219,100.5,34626000
2013-01-17,70.63642883300781,99.30000305175781,101.0,98.5,100.5,33698000
2013-01-18,72.20135498046875,101.5,101.5,100.5,101.5,49737000
2013-01-21,71.49002075195312,100.5,101.0,100.0,101.0,17257000
2013-01-22,71.84569549560547,101.0,101.0,99.9000015258789,101.0,21797000
2013-01-23,71.84569549560547,101.0,101.5,100.0,101.5,23184000
2013-01-24,71.06322479248047,99.9000015258789,100.5,99.19999694824219,100.0,39614000
2013-01-25,70.42301177978516,99.0,99.9000015258789,98.0,99.9000015258789,47836000
2013-01-28,70.63642883300781,99.30000305175781,99.5,98.5999984741211,98.69999694824219,29117000
2013-01-29,71.84569549560547,101.0,101.5,99.69999694824219,100.0,35346000
2013-01-30,72.20135498046875,101.5,102.0,100.5,102.0,27884000
2013-01-31,72.20135498046875,101.5,101.5,100.0,100.5,39667000
2013-02-01,72.20135498046875,101.5,101.5,100.5,101.5,22085000
2013-02-04,73.2684097290039,103.0,103.0,102.0,102.0,33911000
2013-02-05,73.2684097290039,103.0,103.0,101.5,103.0,17175000
2013-02-06,74.6910629272461,105.0,105.0,103.0,103.5,30600000
2013-02-18,76.11375427246094,107.0,108.5,106.5,107.0,63701000
2013-02-19,76.11375427246094,107.0,108.5,106.5,108.5,21802000
2013-02-20,77.53644561767578,109.0,109.5,108.0,108.5,40532000
2013-02-21,76.11375427246094,107.0,108.5,107.0,108.5,30260000
2013-02-22,75.04674530029297,105.5,106.5,105.0,106.0,39344000
2013-02-25,74.6910629272461,105.0,107.0,105.0,106.5,35913000
2013-02-26,73.62406158447266,103.5,105.0,102.5,103.5,38440000
2013-02-27,74.33538055419922,104.5,104.5,101.0,102.0,80851000
2013-03-01,74.6910629272461,105.0,105.0,102.5,103.0,31408000
2013-03-04,72.55703735351562,102.0,104.5,101.5,104.5,50033000
2013-03-05,73.97972869873047,104.0,104.0,102.5,103.5,53913000
2013-03-06,73.97972869873047,104.0,104.5,103.0,104.0,35977000
2013-03-07,73.2684097290039,103.0,104.0,103.0,103.5,20518000
2013-03-08,73.62406158447266,103.5,104.5,102.0,103.0,44571000
2013-03-11,72.55703735351562,102.0,104.0,102.0,102.0,35709000
2013-03-12,72.91272735595703,102.5,103.0,101.5,102.0,29992000
2013-03-13,74.33538055419922,104.5,105.0,102.0,102.5,57399000
2013-03-14,73.97972869873047,104.0,104.5,103.0,104.0,32329000
2013-03-15,73.2684097290039,103.0,105.0,103.0,105.0,34424000
2013-03-18,71.49002075195312,100.5,102.0,100.5,102.0,43902000
2013-03-19,71.13433837890625,100.0,101.5,99.5999984741211,101.0,47215000
2013-03-20,70.28074645996094,98.80000305175781,99.5,98.80000305175781,99.5,61605000
2013-03-21,70.2095947265625,98.69999694824219,100.5,98.69999694824219,98.80000305175781,56415000
2013-03-22,69.711669921875,98.0,99.0999984741211,98.0,98.5999984741211,44822000
2013-03-25,70.77867889404297,99.5,100.5,99.19999694824219,99.9000015258789,24203000
2013-03-26,70.42301177978516,99.0,99.4000015258789,98.80000305175781,99.19999694824219,27183000
2013-03-27,71.49002075195312,100.5,100.5,98.80000305175781,99.0,25674000
2013-03-28,71.13433837890625,100.0,100.5,99.30000305175781,100.0,27872000
2013-03-29,71.49002075195312,100.5,101.0,99.80000305175781,100.0,18943000
2013-04-01,71.84569549560547,101.0,102.0,100.5,101.0,15964000
2013-04-02,71.49002075195312,100.5,101.0,99.80000305175781,100.5,22291000
2013-04-03,71.49002075195312,100.5,101.5,100.0,101.5,26312000
2013-04-08,70.06732940673828,98.5,99.5,98.5,99.0,53948000
2013-04-09,69.35599517822266,97.5,98.5,97.5,98.0,40543000
2013-04-10,69.925048828125,98.30000305175781,98.80000305175781,97.69999694824219,98.80000305175781,34877000
2013-04-11,72.20135498046875,101.5,101.5,98.80000305175781,99.0,54072000
2013-04-12,71.49002075195312,100.5,101.5,100.0,101.5,18954000
2013-04-15,70.7075424194336,99.4000015258789,101.0,99.0999984741211,100.5,23233000
2013-04-16,71.49002075195312,100.5,101.0,98.19999694824219,98.19999694824219,33395000
2013-04-17,71.13433837890625,100.0,101.5,99.69999694824219,101.5,35304000
2013-04-18,71.06322479248047,99.9000015258789,101.0,99.4000015258789,100.0,32242000
2013-04-19,75.75809478759766,106.5,106.5,105.5,105.5,66723000
2013-04-22,77.18075561523438,108.5,109.5,107.5,108.5,72170000
2013-04-23,75.40239715576172,106.0,107.5,105.5,106.5,45835000
2013-04-24,75.40239715576172,106.0,107.0,104.5,106.5,35383000
2013-04-25,76.11375427246094,107.0,107.0,105.5,106.0,26145000
2013-04-26,77.18075561523438,108.5,109.0,107.0,107.0,36420000
2013-04-29,76.82511138916016,108.0,108.5,107.5,108.5,21008000
2013-04-30,77.8921127319336,109.5,109.5,108.5,108.5,34314000
2013-05-02,78.60346221923828,110.5,111.0,109.0,110.0,37313000
2013-05-03,78.24779510498047,110.0,112.5,110.0,111.5,36502000
2013-05-06,79.31481170654297,111.5,111.5,110.5,111.5,19268000
2013-05-07,80.02616119384766,112.5,113.0,111.0,112.0,19273000
2013-05-08,81.44882202148438,114.5,115.0,112.5,112.5,40914000
2013-05-09,81.80451202392578,115.0,116.0,114.5,116.0,27151000
2013-05-10,81.44882202148438,114.5,115.0,113.5,115.0,27413000
2013-05-13,81.44882202148438,114.5,115.5,114.0,115.0,18197000
2013-05-14,82.1601791381836,115.5,116.5,115.0,115.5,27714000
2013-05-15,81.80451202392578,115.0,116.0,113.5,115.0,25970000
2013-05-16,80.73749542236328,113.5,116.0,113.0,115.0,44164000
2013-05-17,80.73749542236328,113.5,113.5,111.5,112.0,19214000
2013-05-20,81.09315490722656,114.0,114.0,112.5,112.5,14472000
2013-05-21,80.02616119384766,112.5,113.5,112.0,113.0,17184000
2013-05-22,79.67046356201172,112.0,113.5,111.0,112.5,31200000
2013-05-23,76.82511138916016,108.0,111.5,108.0,110.5,46370000
2013-05-24,77.8921127319336,109.5,110.5,108.5,109.5,26614000
2013-05-27,79.67046356201172,112.0,112.0,109.5,109.5,19085000
2013-05-28,77.8921127319336,109.5,112.5,109.5,112.0,21209000
2013-05-29,78.9591293334961,111.0,112.0,110.5,110.5,16736000
2013-05-30,78.24779510498047,110.0,111.5,109.5,111.0,36088000
2013-05-31,77.8921127319336,109.5,111.5,109.0,111.5,37162000
2013-06-03,76.46942138671875,107.5,108.5,106.5,108.0,35739000
2013-06-04,77.53644561767578,109.0,110.0,107.5,109.0,27446000
2013-06-05,77.8921127319336,109.5,110.5,108.5,109.5,23334000
2013-06-06,76.46942138671875,107.5,109.5,107.0,108.5,31641000
2013-06-07,77.18075561523438,108.5,109.5,108.0,108.0,32987000
2013-06-10,77.18075561523438,108.5,110.0,108.0,110.0,21045000
2013-06-11,76.82511138916016,108.0,110.0,108.0,110.0,34785000
2013-06-13,74.33538055419922,104.5,107.0,104.0,106.0,60275000
2013-06-14,75.40239715576172,106.0,106.0,104.5,105.0,41147000
2013-06-17,75.40239715576172,106.0,106.0,105.0,105.5,22921000
2013-06-18,75.75809478759766,106.5,106.5,104.5,105.0,29969000
2013-06-19,75.04674530029297,105.5,106.5,105.0,106.0,21991000
2013-06-20,73.97972869873047,104.0,105.5,103.5,105.0,29951000
2013-06-21,73.62406158447266,103.5,103.5,101.5,102.0,38787000
2013-06-24,71.84569549560547,101.0,102.5,100.0,102.5,53521000
2013-06-25,71.84569549560547,101.0,103.0,101.0,101.0,32319000
2013-06-26,72.20135498046875,101.5,104.0,101.5,103.0,54819000
2013-06-27,74.33538055419922,104.5,105.0,103.0,103.0,45541000
2013-06-28,78.9591293334961,111.0,111.0,105.0,106.0,74198000
2013-07-01,76.82511138916016,108.0,109.5,108.0,109.0,51539000
2013-07-02,78.24779510498047,110.0,110.0,108.5,109.0,44320000
2013-07-03,78.24746704101562,107.0,107.0,105.5,107.0,44593000
2013-07-04,78.24746704101562,107.0,107.0,106.0,106.5,24252000
2013-07-05,79.71002197265625,109.0,109.5,107.0,107.5,28230000
2013-07-08,76.78487396240234,105.0,108.0,104.5,107.0,32729000
2013-07-09,77.51618194580078,106.0,106.5,103.5,104.5,34261000
2013-07-10,77.51618194580078,106.0,107.0,104.5,104.5,22045000
2013-07-11,80.07567596435547,109.5,109.5,107.5,107.5,55975000
2013-07-12,80.44132995605469,110.0,110.0,108.5,109.5,31046000
2013-07-15,80.07567596435547,109.5,109.5,108.0,108.5,33099000
2013-07-16,78.9787368774414,108.0,109.0,107.0,108.5,35863000
2013-07-17,79.71002197265625,109.0,109.0,107.0,108.0,36386000
2013-07-18,77.15052032470703,105.5,108.0,105.5,107.5,43963000
2013-07-19,71.81214141845703,98.19999694824219,99.69999694824219,98.19999694824219,99.4000015258789,117410000
2013-07-22,70.93461608886719,97.0,98.4000015258789,96.9000015258789,98.0,86924000
2013-07-23,73.12847137451172,100.0,101.5,98.5,98.5,85529000
2013-07-24,74.59104919433594,102.0,103.0,100.0,100.5,58261000
2013-07-25,74.9566879272461,102.5,103.5,101.0,102.0,36398000
2013-07-26,74.9566879272461,102.5,103.0,101.0,103.0,31781000
2013-07-29,73.12847137451172,100.0,101.5,100.0,100.0,38265000
2013-07-30,74.59104919433594,102.0,102.5,100.5,100.5,33818000
2013-07-31,74.9566879272461,102.5,103.0,101.0,101.5,36945000
2013-08-01,73.49409484863281,100.5,102.0,100.0,102.0,27849000
2013-08-02,73.49409484863281,100.5,103.0,100.0,102.5,27947000
2013-08-05,73.49409484863281,100.5,101.5,99.9000015258789,100.0,23349000
2013-08-06,72.25093841552734,98.80000305175781,100.5,98.5999984741211,100.5,42742000
2013-08-07,70.93461608886719,97.0,98.5,97.0,98.5,45468000
2013-08-08,70.4958267211914,96.4000015258789,97.0999984741211,95.30000305175781,96.0,55550000
2013-08-09,70.4958267211914,96.4000015258789,100.0,96.4000015258789,100.0,47046000
2013-08-12,70.20331573486328,96.0,96.69999694824219,95.5999984741211,96.4000015258789,33389000
2013-08-13,71.08087158203125,97.19999694824219,97.4000015258789,96.0,96.0,34361000
2013-08-14,70.7883529663086,96.80000305175781,97.30000305175781,95.80000305175781,96.0,41618000
2013-08-15,70.20331573486328,96.0,96.4000015258789,95.30000305175781,96.4000015258789,42647000
2013-08-16,70.56896209716797,96.5,97.5,95.19999694824219,95.4000015258789,37509000
2013-08-19,69.83769226074219,95.5,96.0999984741211,95.30000305175781,95.5,49081000
2013-08-20,69.03328704833984,94.4000015258789,95.4000015258789,94.4000015258789,95.19999694824219,41635000
2013-08-22,69.10639953613281,94.5,94.9000015258789,92.9000015258789,93.0,60185000
2013-08-23,70.93461608886719,97.0,97.30000305175781,95.5,95.69999694824219,44276000
2013-08-26,70.7883529663086,96.80000305175781,97.5999984741211,96.0999984741211,97.5999984741211,18663000
2013-08-27,69.91082000732422,95.5999984741211,96.80000305175781,95.5999984741211,96.0,22435000
2013-08-28,70.7883529663086,96.80000305175781,97.30000305175781,95.0999984741211,95.5999984741211,34586000
2013-08-29,72.17780303955078,98.69999694824219,98.9000015258789,96.9000015258789,96.9000015258789,36841000
2013-08-30,73.49409484863281,100.5,100.5,98.80000305175781,99.5999984741211,37275000
2013-09-02,74.59104919433594,102.0,102.0,99.5999984741211,100.0,30751000
2013-09-03,74.59104919433594,102.0,103.0,101.5,103.0,31074000
2013-09-04,73.49409484863281,100.5,101.5,100.0,100.5,25183000
2013-09-05,74.22539520263672,101.5,101.5,100.0,100.5,30002000
2013-09-06,74.59104919433594,102.0,102.0,101.0,102.0,24631000
2013-09-09,75.32232666015625,103.0,103.0,101.0,102.5,32515000
2013-09-10,76.41925048828125,104.5,104.5,102.5,103.0,37304000
2013-09-11,76.41925048828125,104.5,104.5,102.5,103.0,40290000
2013-09-12,75.68795776367188,103.5,104.5,103.0,103.0,32814000
2013-09-13,74.9566879272461,102.5,103.0,102.0,102.5,22273000
2013-09-16,77.15052032470703,105.5,105.5,104.0,104.0,40590000
2013-09-17,77.15052032470703,105.5,105.5,104.5,105.5,25402000
2013-09-18,75.32232666015625,103.0,105.5,103.0,105.0,28113000
2013-09-23,77.15052032470703,105.5,106.0,102.5,103.0,51403000
2013-09-24,76.78487396240234,105.0,105.5,104.0,105.0,28633000
2013-09-25,75.32232666015625,103.0,104.5,103.0,104.5,31708000
2013-09-26,74.22539520263672,101.5,103.5,101.5,103.5,23012000
2013-09-27,75.32232666015625,103.0,103.5,102.0,103.5,26146000
2013-09-30,73.49409484863281,100.5,102.0,100.0,100.5,45308000
2013-10-01,74.22539520263672,101.5,102.5,100.5,100.5,22557000
2013-10-02,75.32232666015625,103.0,103.5,102.0,103.5,14186000
2013-10-03,76.78487396240234,105.0,106.0,103.0,103.5,50622000
2013-10-04,76.0536117553711,104.0,105.0,103.5,104.5,19872000
2013-10-07,75.32232666015625,103.0,104.0,102.0,103.5,20847000
2013-10-08,76.78487396240234,105.0,105.5,103.0,103.5,21082000
2013-10-09,76.78487396240234,105.0,105.5,103.0,104.0,22183000
2013-10-11,77.8818130493164,106.5,107.5,105.0,105.0,56367000
2013-10-14,76.78487396240234,105.0,106.5,105.0,106.5,18568000
2013-10-15,78.24746704101562,107.0,107.0,106.0,106.5,21383000
2013-10-16,77.51618194580078,106.0,108.0,106.0,108.0,18482000
2013-10-17,78.24746704101562,107.0,108.0,107.0,107.5,28095000
2013-10-18,80.44132995605469,110.0,110.0,108.5,108.5,58487000
2013-10-21,80.44132995605469,110.0,111.5,109.5,111.0,40443000
2013-10-22,81.5382308959961,111.5,111.5,109.5,110.0,38261000
2013-10-23,81.17259979248047,111.0,111.5,110.0,111.0,21861000
2013-10-24,80.44132995605469,110.0,110.0,108.5,109.0,21193000
2013-10-25,78.24746704101562,107.0,109.0,106.5,108.5,36027000
2013-10-28,80.07567596435547,109.5,109.5,107.5,108.0,21177000
2013-10-29,80.07567596435547,109.5,109.5,108.0,108.5,21491000
2013-10-30,80.44132995605469,110.0,110.0,109.0,109.0,16582000
2013-10-31,80.07567596435547,109.5,109.5,108.0,108.5,22472000
2013-11-01,80.07567596435547,109.5,110.5,108.5,110.5,10837000
2013-11-04,79.71002197265625,109.0,109.0,108.0,108.0,9601000
2013-11-05,77.8818130493164,106.5,109.0,106.5,108.5,20304000
2013-11-06,78.24746704101562,107.0,107.5,106.5,106.5,16437000
2013-11-07,78.24746704101562,107.0,107.5,106.0,107.0,15925000
2013-11-08,77.51618194580078,106.0,106.5,105.0,105.0,30518000
2013-11-11,76.41925048828125,104.5,106.0,104.5,105.0,21451000
2013-11-12,76.78487396240234,105.0,106.0,104.5,106.0,31600000
2013-11-13,75.32232666015625,103.0,105.0,103.0,105.0,26650000
2013-11-14,75.68795776367188,103.5,104.5,103.5,104.0,29904000
2013-11-15,76.0536117553711,104.0,104.5,103.5,103.5,19182000
2013-11-18,76.0536117553711,104.0,105.0,104.0,104.5,25261000
2013-11-19,76.78487396240234,105.0,105.5,104.0,104.5,34470000
2013-11-20,75.32232666015625,103.0,104.0,102.5,104.0,45380000
2013-11-21,73.8597640991211,101.0,103.0,100.5,102.0,56509000
2013-11-22,73.12847137451172,100.0,101.5,100.0,100.0,56921000
2013-11-25,73.8597640991211,101.0,102.5,101.0,101.0,30887000
2013-11-26,75.68795776367188,103.5,105.0,101.5,102.0,44922000
2013-11-27,76.78487396240234,105.0,105.5,104.5,105.0,21779000
2013-11-28,76.78487396240234,105.0,105.5,104.5,105.0,22729000
2013-11-29,76.78487396240234,105.0,105.0,104.0,104.5,34425000
2013-12-02,76.41925048828125,104.5,105.5,104.0,105.0,18860000
2013-12-03,76.0536117553711,104.0,105.0,103.5,104.0,21820000
2013-12-04,76.78487396240234,105.0,105.5,103.5,103.5,23415000
2013-12-05,76.0536117553711,104.0,105.0,103.5,105.0,25185000
2013-12-06,75.32232666015625,103.0,104.5,103.0,103.0,25116000
2013-12-09,76.78487396240234,105.0,105.0,104.0,104.0,23911000
2013-12-10,76.0536117553711,104.0,105.0,104.0,104.5,22217000
2013-12-11,76.78487396240234,105.0,105.0,103.5,103.5,24563000
2013-12-12,75.32232666015625,103.0,104.5,103.0,104.5,18272000
2013-12-13,74.9566879272461,102.5,103.5,102.5,102.5,28244000
2013-12-16,74.59104919433594,102.0,103.0,102.0,102.5,18669000
2013-12-17,75.68795776367188,103.5,104.5,103.0,103.0,26199000
2013-12-18,73.8597640991211,101.0,103.0,101.0,102.5,55359000
2013-12-19,74.9566879272461,102.5,103.0,101.5,102.0,27684000
2013-12-20,74.59104919433594,102.0,103.5,101.5,101.5,37568000
2013-12-23,76.0536117553711,104.0,104.5,103.0,103.0,28261000
2013-12-24,75.32232666015625,103.0,104.0,103.0,104.0,13997000
2013-12-25,75.32232666015625,103.0,103.5,102.5,102.5,9762000
2013-12-26,76.0536117553711,104.0,104.0,103.0,103.0,6738000
2013-12-27,76.41925048828125,104.5,104.5,103.0,103.5,24086000
2013-12-30,77.51618194580078,106.0,106.0,104.0,104.0,44182000
2013-12-31,77.15052032470703,105.5,106.0,105.0,105.5,24400000
2014-01-02,76.41925048828125,104.5,105.5,103.5,105.0,15071000
2014-01-03,74.9566879272461,102.5,103.0,102.0,103.0,38599000
2014-01-06,74.9566879272461,102.5,103.0,102.0,102.0,23706000
2014-01-07,74.59104919433594,102.0,103.0,102.0,102.5,15836000
2014-01-08,76.0536117553711,104.0,104.5,102.5,103.0,30218000
2014-01-09,73.8597640991211,101.0,103.0,100.5,102.5,63998000
2014-01-10,74.59104919433594,102.0,102.5,101.5,102.0,33266000
2014-01-13,75.32232666015625,103.0,103.5,102.5,103.0,19545000
2014-01-14,75.68795776367188,103.5,103.5,102.0,102.5,21639000
2014-01-15,76.78487396240234,105.0,106.0,104.0,104.0,54299000
2014-01-16,78.24746704101562,107.0,107.5,106.0,106.0,49437000
2014-01-17,78.61309814453125,107.5,108.5,107.0,108.0,53446000
2014-01-20,78.61309814453125,107.5,108.5,107.0,107.0,24245000
2014-01-21,77.8818130493164,106.5,108.5,106.0,108.5,24568000
2014-01-22,78.61309814453125,107.5,107.5,106.0,106.0,28698000
2014-01-23,78.61309814453125,107.5,108.5,107.5,108.5,27910000
2014-01-24,78.9787368774414,108.0,108.5,107.0,107.0,33999000
2014-01-27,76.78487396240234,105.0,106.5,104.0,106.0,64827000
2014-02-05,73.49409484863281,100.5,102.0,100.5,102.0,145517000
2014-02-06,74.59104919433594,102.0,103.0,101.0,101.0,71895000
2014-02-07,76.0536117553711,104.0,104.5,103.0,103.5,54104000
2014-02-10,75.32232666015625,103.0,104.5,103.0,104.0,26221000
2014-02-11,76.41925048828125,104.5,105.0,104.0,104.5,21030000
2014-02-12,76.78487396240234,105.0,105.5,104.5,105.0,22692000
2014-02-13,76.78487396240234,105.0,106.0,105.0,105.0,19561000
2014-02-14,78.61309814453125,107.5,107.5,106.5,106.5,42658000
2014-02-17,79.34436798095703,108.5,108.5,107.5,108.0,33403000
2014-02-18,78.9787368774414,108.0,108.5,107.5,108.5,22196000
2014-02-19,78.9787368774414,108.0,108.0,107.0,108.0,26867000
2014-02-20,77.8818130493164,106.5,107.0,106.0,106.5,28429000
2014-02-21,78.61309814453125,107.5,107.5,107.0,107.0,31448000
2014-02-24,78.24746704101562,107.0,108.0,106.0,107.5,32033000
2014-02-25,78.9787368774414,108.0,108.0,106.5,107.5,31499000
2014-02-26,78.61309814453125,107.5,108.0,107.0,107.5,34908000
2014-02-27,78.9787368774414,108.0,108.0,107.5,107.5,48583000
2014-03-03,78.9787368774414,108.0,108.0,106.5,108.0,51435000
2014-03-04,78.61309814453125,107.5,108.0,107.5,108.0,47911000
2014-03-05,80.44132995605469,110.0,110.0,108.5,108.5,54846000
2014-03-06,82.6351547241211,113.0,113.5,110.0,110.0,69737000
2014-03-07,83.73210906982422,114.5,115.0,113.5,114.0,65651000
2014-03-10,82.6351547241211,113.0,114.5,112.5,114.5,37846000
2014-03-11,83.36646270751953,114.0,114.5,113.5,113.5,28415000
2014-03-12,82.6351547241211,113.0,113.0,112.0,112.5,18376000
2014-03-13,85.19466400146484,116.5,117.5,115.5,116.5,56987000
2014-03-14,84.09774780273438,115.0,115.5,114.0,115.0,44655000
2014-03-17,83.36646270751953,114.0,115.0,113.0,114.5,33845000
2014-03-18,83.73210906982422,114.5,115.0,113.5,114.5,37464000
2014-03-19,83.73210906982422,114.5,115.0,113.5,114.5,32171000
2014-03-20,81.90388488769531,112.0,113.5,112.0,113.0,45292000
2014-03-21,82.2695083618164,112.5,114.0,112.0,114.0,60088000
2014-03-24,82.2695083618164,112.5,112.5,111.5,111.5,28463000
2014-03-25,83.00080871582031,113.5,113.5,111.5,111.5,38029000
2014-03-26,84.46337890625,115.5,116.0,114.5,115.5,43314000
2014-03-27,84.82904052734375,116.0,116.0,114.0,114.5,30745000
2014-03-28,85.92594909667969,117.5,117.5,115.5,116.0,43654000
2014-03-31,86.65724182128906,118.5,118.5,116.5,118.0,46921000
2014-04-01,87.38851928710938,119.5,119.5,118.5,119.0,40015000
2014-04-02,87.754150390625,120.0,121.0,119.0,120.5,43151000
2014-04-03,86.65724182128906,118.5,119.0,117.5,118.5,36937000
2014-04-07,85.92594909667969,117.5,118.0,116.5,117.5,45015000
2014-04-08,87.02286529541016,119.0,119.5,117.0,117.0,39873000
2014-04-09,87.02286529541016,119.0,120.0,119.0,119.5,28578000
2014-04-10,87.38851928710938,119.5,119.5,118.5,119.0,25612000
2014-04-11,87.754150390625,120.0,120.0,118.0,118.5,34449000
2014-04-14,88.11978912353516,120.5,121.0,120.0,120.0,30297000
2014-04-15,89.58238220214844,122.5,122.5,121.0,121.5,28525000
2014-04-16,88.48543548583984,121.0,122.5,121.0,121.5,49971000
2014-04-17,87.754150390625,120.0,121.5,119.0,120.5,35783000
2014-04-18,89.94800567626953,123.0,123.0,121.0,122.5,32741000
2014-04-21,88.85108947753906,121.5,122.0,121.0,122.0,21736000
2014-04-22,88.85108947753906,121.5,122.5,120.5,121.0,22674000
2014-04-23,88.48543548583984,121.0,123.0,120.5,123.0,31054000
2014-04-24,88.48543548583984,121.0,121.0,120.0,121.0,24389000
2014-04-25,86.65724182128906,118.5,121.0,118.0,121.0,49361000
2014-04-28,87.02286529541016,119.0,120.0,117.5,118.5,28017000
2014-04-29,88.11978912353516,120.5,121.0,119.0,120.5,21769000
2014-04-30,86.65724182128906,118.5,120.5,117.0,120.0,43654000
2014-05-02,86.29157257080078,118.0,119.5,117.0,119.0,42629000
2014-05-05,85.56028747558594,117.0,118.0,116.0,117.5,28604000
2014-05-06,86.29157257080078,118.0,119.0,116.5,117.0,27491000
2014-05-07,86.65724182128906,118.5,119.0,117.5,118.0,33234000
2014-05-08,87.38851928710938,119.5,120.0,119.0,119.5,27052000
2014-05-09,87.754150390625,120.0,120.0,119.0,120.0,22485000
2014-05-12,86.65724182128906,118.5,120.0,117.5,119.5,35472000
2014-05-13,88.11978912353516,120.5,121.0,119.5,120.0,24007000
2014-05-14,89.21674346923828,122.0,122.0,120.5,121.0,32763000
2014-05-15,89.21674346923828,122.0,122.0,120.5,121.0,16779000
2014-05-16,89.21674346923828,122.0,123.0,121.0,122.0,28390000
2014-05-19,88.48543548583984,121.0,122.5,121.0,122.0,18373000
2014-05-20,88.48543548583984,121.0,122.0,121.0,122.0,25192000
2014-05-21,88.11978912353516,120.5,122.0,120.5,122.0,24178000
2014-05-22,89.21674346923828,122.0,122.0,121.0,121.5,26290000
2014-05-23,89.21674346923828,122.0,122.5,121.0,121.0,31726000
2014-05-26,89.94800567626953,123.0,123.5,122.0,123.0,19792000
2014-05-27,90.31365203857422,123.5,124.0,122.5,122.5,18012000
2014-05-28,90.6792984008789,124.0,124.0,122.5,124.0,36670000
2014-05-29,89.21674346923828,122.0,124.0,121.5,123.5,43028000
2014-05-30,87.38851928710938,119.5,122.5,119.5,122.0,69042000
2014-06-03,89.58238220214844,122.5,122.5,120.0,120.0,37556000
2014-06-04,90.31365203857422,123.5,124.0,123.0,123.5,33407000
2014-06-05,89.94800567626953,123.0,123.5,121.5,123.0,19524000
2014-06-06,89.58238220214844,122.5,123.5,122.0,123.5,19230000
2014-06-09,89.94800567626953,123.0,123.5,122.5,122.5,19684000
2014-06-10,91.04495239257812,124.5,124.5,122.5,123.0,25050000
2014-06-11,91.41058349609375,125.0,125.0,123.5,124.0,27770000
2014-06-12,90.31365203857422,123.5,124.0,123.0,124.0,22138000
2014-06-13,89.94800567626953,123.0,123.5,122.5,123.0,17160000
2014-06-16,90.6792984008789,124.0,124.0,122.5,122.5,13550000
2014-06-17,91.41058349609375,125.0,125.0,123.0,124.0,19795000
2014-06-18,91.7762222290039,125.5,126.5,124.0,125.0,37238000
2014-06-19,92.14186096191406,126.0,126.0,124.5,124.5,17873000
2014-06-20,91.04495239257812,124.5,127.0,124.0,126.5,30094000
2014-06-23,89.94800567626953,123.0,125.5,123.0,125.0,25096000
2014-06-24,89.94800567626953,123.0,123.5,122.0,123.0,33225000
2014-06-25,90.31365203857422,123.5,124.5,123.0,123.0,30757000
2014-06-26,91.04495239257812,124.5,125.0,123.5,124.5,30279000
2014-06-27,91.7762222290039,125.5,126.5,124.0,125.0,44396000
2014-06-30,92.50751495361328,126.5,127.0,125.0,126.0,33280000
2014-07-01,93.60442352294922,128.0,128.5,126.0,126.5,32922000
2014-07-02,96.89521026611328,132.5,132.5,129.0,129.5,51457000
2014-07-03,98.35777282714844,134.5,135.0,130.5,131.5,40176000
2014-07-04,98.72343444824219,135.0,136.0,132.0,133.5,44006000
2014-07-07,99.4547119140625,136.0,136.0,132.5,134.5,32123000
2014-07-08,98.35777282714844,134.5,136.0,134.0,135.5,36117000
2014-07-09,97.99214172363281,134.0,135.0,133.5,133.5,39145000
2014-07-10,98.35777282714844,134.5,136.0,134.5,134.5,47098000
2014-07-11,99.82035064697266,136.5,138.0,135.5,136.0,43144000
2014-07-14,99.07256317138672,132.5,134.5,132.5,134.5,46321000
2014-07-15,99.4464111328125,133.0,134.0,132.5,133.0,36989000
2014-07-16,97.57713317871094,130.5,133.5,130.0,133.0,39065000
2014-07-17,93.09082794189453,124.5,125.5,123.0,125.0,136198000
2014-07-18,92.3431167602539,123.5,124.0,121.5,121.5,95711000
2014-07-21,92.3431167602539,123.5,124.5,122.5,124.0,56612000
2014-07-22,93.09082794189453,124.5,125.0,122.5,123.5,53220000
2014-07-23,93.09082794189453,124.5,124.5,124.5,124.5,0
2014-07-24,93.46470642089844,125.0,125.0,124.0,124.5,65602000
2014-07-25,91.96924591064453,123.0,125.0,122.5,124.5,31299000
2014-07-28,90.84768676757812,121.5,122.5,121.0,122.0,43425000
2014-07-29,92.71697998046875,124.0,124.0,122.0,122.5,37994000
2014-07-30,93.09082794189453,124.5,125.0,123.0,123.5,32381000
2014-07-31,90.47380065917969,121.0,124.0,121.0,124.0,44748000
2014-08-01,89.7260971069336,120.0,121.0,119.5,120.0,52455000
2014-08-04,92.3431167602539,123.5,123.5,120.0,120.0,39633000
2014-08-05,89.35224151611328,119.5,122.5,119.5,122.5,61184000
2014-08-06,90.0999526977539,120.5,121.5,119.0,119.0,34561000
2014-08-07,90.84768676757812,121.5,121.5,119.5,120.5,29493000
2014-08-08,90.0999526977539,120.5,121.0,119.5,120.5,35075000
2014-08-11,90.0999526977539,120.5,121.0,119.5,120.0,42890000
2014-08-12,90.84768676757812,121.5,122.0,120.5,121.0,32237000
2014-08-13,91.59540557861328,122.5,123.5,120.5,121.0,39756000
2014-08-14,92.71697998046875,124.0,124.0,123.0,123.5,32907000
2014-08-15,92.71697998046875,124.0,125.0,123.0,124.5,19151000
2014-08-18,91.96924591064453,123.0,124.0,122.5,124.0,14578000
2014-08-19,92.71697998046875,124.0,125.0,123.5,124.0,31575000
2014-08-20,93.83855438232422,125.5,125.5,124.5,125.0,28876000
2014-08-21,93.09082794189453,124.5,126.0,124.0,126.0,22562000
2014-08-22,93.83855438232422,125.5,126.0,123.5,124.5,42715000
2014-08-25,93.46470642089844,125.0,126.0,125.0,125.5,20077000
2014-08-26,93.09082794189453,124.5,125.5,124.0,125.0,28801000
2014-08-27,93.83855438232422,125.5,126.0,124.5,125.5,36779000
2014-08-28,93.46470642089844,125.0,126.0,124.5,126.0,21587000
2014-08-29,92.71697998046875,124.0,125.0,124.0,124.5,28324000
2014-09-01,96.08171081542969,128.5,128.5,125.0,125.0,36304000
2014-09-02,94.21240234375,126.0,128.0,125.5,128.0,19182000
2014-09-03,95.70783233642578,128.0,128.0,125.5,127.0,24561000
2014-09-04,95.333984375,127.5,128.0,126.0,128.0,21641000
2014-09-05,94.96012115478516,127.0,128.5,125.5,128.5,20096000
2014-09-09,94.96012115478516,127.0,127.5,126.5,127.5,22090000
2014-09-10,93.46470642089844,125.0,126.0,124.0,126.0,29294000
2014-09-11,93.46470642089844,125.0,126.0,125.0,126.0,22827000
2014-09-12,91.96924591064453,123.0,125.0,123.0,124.5,19798000
2014-09-15,92.3431167602539,123.5,123.5,122.0,122.5,19518000
2014-09-16,91.59540557861328,122.5,123.0,122.0,123.0,19187000
2014-09-17,93.09082794189453,124.5,125.0,123.0,123.5,23504000
2014-09-18,93.46470642089844,125.0,125.0,123.5,124.5,14726000
2014-09-19,93.46470642089844,125.0,126.0,125.0,125.5,30603000
2014-09-22,91.22154235839844,122.0,124.0,122.0,124.0,39365000
2014-09-23,91.59540557861328,122.5,123.5,122.0,123.0,15286000
2014-09-24,91.96924591064453,123.0,124.0,122.0,122.0,27613000
2014-09-25,91.22154235839844,122.0,124.0,121.5,123.0,23213000
2014-09-26,90.47380065917969,121.0,121.5,120.5,121.0,23545000
2014-09-29,90.0999526977539,120.5,122.0,120.0,122.0,54783000
2014-09-30,89.7260971069336,120.0,121.0,119.0,120.0,44070000
2014-10-01,90.84768676757812,121.5,122.0,120.0,120.0,42211000
2014-10-02,90.47380065917969,121.0,122.5,120.5,121.0,30761000
2014-10-03,93.09082794189453,124.5,125.0,122.0,122.5,52003000
2014-10-06,94.21240234375,126.0,126.0,124.0,125.0,37186000
2014-10-07,93.46470642089844,125.0,125.5,123.5,125.0,39986000
2014-10-08,91.59540557861328,122.5,125.0,122.5,123.5,29221000
2014-10-09,93.46470642089844,125.0,125.0,123.5,124.0,35347000
2014-10-13,90.0999526977539,120.5,121.5,118.0,119.0,69183000
2014-10-14,90.47380065917969,121.0,121.5,119.5,120.0,31862000
2014-10-15,90.84768676757812,121.5,123.0,121.0,121.5,43922000
2014-10-16,90.84768676757812,121.5,124.0,120.0,121.5,45527000
2014-10-17,92.3431167602539,123.5,125.5,123.5,125.0,91597000
2014-10-20,94.21240234375,126.0,126.0,124.5,125.0,38276000
2014-10-21,93.46470642089844,125.0,126.0,124.5,126.0,25582000
2014-10-22,96.45555114746094,129.0,129.0,127.5,127.5,64167000
2014-10-23,95.333984375,127.5,128.5,127.5,128.0,26374000
2014-10-24,93.83855438232422,125.5,127.5,125.0,127.0,42082000
2014-10-27,95.70783233642578,128.0,128.0,126.5,126.5,25119000
2014-10-28,95.70783233642578,128.0,129.5,127.5,129.0,34984000
2014-10-29,96.45555114746094,129.0,129.5,128.0,129.0,34583000
2014-10-30,96.08171081542969,128.5,129.0,127.0,128.5,35688000
2014-10-31,97.57713317871094,130.5,130.5,127.5,128.0,41983000
2014-11-03,97.95099639892578,131.0,132.5,130.5,132.0,44912000
2014-11-04,98.69871520996094,132.0,132.0,131.0,132.0,32171000
2014-11-05,98.69871520996094,132.0,132.0,131.0,131.5,22440000
2014-11-06,98.69871520996094,132.0,132.5,131.5,132.5,28374000
2014-11-07,97.95099639892578,131.0,131.5,130.5,131.5,16709000
2014-11-10,100.5679931640625,134.5,134.5,132.0,132.5,42569000
2014-11-11,100.19415283203125,134.0,135.0,133.0,135.0,20451000
2014-11-12,98.69871520996094,132.0,134.5,131.5,134.5,27373000
2014-11-13,100.19415283203125,134.0,134.5,132.5,133.5,24882000
2014-11-14,100.9418716430664,135.0,135.0,133.5,134.0,23655000
2014-11-17,99.4464111328125,133.0,135.5,132.5,135.0,23562000
2014-11-18,98.32483673095703,131.5,134.5,131.0,134.0,42688000
2014-11-19,101.68958282470703,136.0,136.5,132.5,133.0,70920000
2014-11-20,103.93272399902344,139.0,139.0,137.0,137.5,44092000
2014-11-21,103.55889129638672,138.5,139.5,137.5,139.5,30388000
2014-11-24,103.55889129638672,138.5,140.5,138.0,140.0,33292000
2014-11-25,103.93272399902344,139.0,140.0,138.5,138.5,42648000
2014-11-26,103.93272399902344,139.0,139.0,138.0,138.5,23137000
2014-11-27,104.68047332763672,140.0,142.0,140.0,140.0,26123000
2014-11-28,105.80201721191406,141.5,141.5,139.0,139.0,35681000
2014-12-01,104.68047332763672,140.0,142.0,138.5,139.0,41250000
2014-12-02,102.81117248535156,137.5,139.5,137.5,139.5,45913000
2014-12-03,103.18502044677734,138.0,139.0,136.5,137.5,38940000
2014-12-04,103.93272399902344,139.0,140.0,138.5,139.0,28226000
2014-12-05,102.81117248535156,137.5,139.5,137.0,138.5,27050000
2014-12-08,103.18502044677734,138.0,138.5,137.0,138.0,19595000
2014-12-09,103.18502044677734,138.0,139.0,137.5,138.0,31770000
2014-12-10,101.68958282470703,136.0,139.0,136.0,138.0,39726000
2014-12-11,100.5679931640625,134.5,136.0,134.5,135.0,32283000
2014-12-12,100.9418716430664,135.0,136.0,134.5,135.0,31433000
2014-12-15,101.68958282470703,136.0,136.5,134.5,134.5,44381000
2014-12-16,99.4464111328125,133.0,135.5,133.0,134.5,41199000
2014-12-17,97.57713317871094,130.5,133.0,130.0,133.0,70497000
2014-12-18,98.32483673095703,131.5,133.0,131.0,132.0,50410000
2014-12-19,103.18502044677734,138.0,138.0,134.0,134.5,44362000
2014-12-22,103.55889129638672,138.5,140.0,137.0,137.5,34577000
2014-12-23,102.81117248535156,137.5,140.0,137.0,139.0,19122000
2014-12-24,103.18502044677734,138.0,138.0,136.0,136.0,16679000
2014-12-25,102.81117248535156,137.5,138.0,137.0,137.0,7358000
2014-12-26,103.93272399902344,139.0,139.0,137.0,138.0,13112000
2014-12-29,105.42813110351562,141.0,141.0,138.0,138.0,34993000
2014-12-30,104.68047332763672,140.0,141.5,139.0,141.0,21789000
2014-12-31,105.42813110351562,141.0,141.0,139.0,139.0,18306000
2015-01-05,104.30659484863281,139.5,140.5,137.5,140.5,32046000
2015-01-06,99.8202896118164,133.5,137.5,133.0,137.5,66778000
2015-01-07,100.19415283203125,134.0,135.0,133.5,133.5,43703000
2015-01-08,103.18502044677734,138.0,138.0,136.0,136.5,42491000
2015-01-09,100.19415283203125,134.0,135.5,133.0,135.0,61558000
2015-01-12,98.69871520996094,132.0,133.5,132.0,132.5,30338000
2015-01-13,99.07256317138672,132.5,133.0,130.5,131.0,37818000
2015-01-14,97.20328521728516,130.0,133.0,130.0,132.5,48740000
2015-01-15,98.32483673095703,131.5,133.0,131.5,131.5,40607000
2015-01-16,102.43732452392578,137.0,140.0,136.0,140.0,124042000
2015-01-19,103.93272399902344,139.0,139.5,137.5,138.5,49986000
2015-01-20,103.18502044677734,138.0,139.0,137.5,139.0,32739000
2015-01-21,105.42813110351562,141.0,141.0,139.5,139.5,70464000
2015-01-22,104.68047332763672,140.0,142.0,139.5,141.5,43846000
2015-01-23,108.41902923583984,145.0,145.0,142.5,142.5,82089000
2015-01-26,108.41902923583984,145.0,145.5,143.5,145.5,46716000
2015-01-27,109.91449737548828,147.0,147.0,144.5,145.5,52805000
2015-01-28,109.5406265258789,146.5,147.0,145.5,146.5,45898000
2015-01-29,107.29747772216797,143.5,145.0,143.0,144.0,34459000
2015-01-30,105.42813110351562,141.0,145.5,141.0,145.0,43666000
2015-02-02,106.54974365234375,142.5,143.0,140.5,140.5,29181000
2015-02-03,108.04515838623047,144.5,144.5,142.0,143.0,27160000
2015-02-04,109.16678619384766,146.0,146.5,144.0,144.5,40416000
2015-02-05,108.79288482666016,145.5,146.0,143.5,145.5,23363000
2015-02-06,106.92359924316406,143.0,145.5,143.0,145.5,27301000
2015-02-09,106.17587280273438,142.0,143.5,141.5,143.0,26315000
2015-02-10,106.54974365234375,142.5,143.0,141.5,142.0,33294000
2015-02-11,110.66219329833984,148.0,149.0,146.0,146.0,71259000
2015-02-12,111.03605651855469,148.5,149.5,147.5,149.5,33577000
2015-02-13,111.03605651855469,148.5,150.0,148.0,148.5,37815000
2015-02-24,112.90534973144531,151.0,152.0,148.5,149.0,72531000
2015-02-25,115.5223617553711,154.5,154.5,152.5,152.5,48183000
2015-02-26,112.531494140625,150.5,154.0,150.5,153.5,55574000
2015-03-02,111.40991973876953,149.0,153.0,148.5,151.5,41388000
2015-03-03,112.531494140625,150.5,151.0,148.5,150.0,29134000
2015-03-04,112.531494140625,150.5,151.5,149.0,150.0,32627000
2015-03-05,112.15763092041016,150.0,151.0,148.5,150.0,28872000
2015-03-06,111.40991973876953,149.0,149.5,148.5,149.0,31316000
2015-03-09,108.79288482666016,145.5,147.5,145.0,147.5,67163000
2015-03-10,107.67131042480469,144.0,145.0,144.0,145.0,46809000
2015-03-11,109.16678619384766,146.0,148.0,143.0,143.5,51795000
2015-03-12,110.66219329833984,148.0,148.5,146.5,147.0,32183000
2015-03-13,111.40991973876953,149.0,149.5,147.0,148.0,45451000
2015-03-16,109.16678619384766,146.0,149.5,146.0,149.0,36912000
2015-03-17,111.40991973876953,149.0,150.0,148.5,148.5,55718000
2015-03-18,114.77462768554688,153.5,154.0,150.0,151.0,70808000
2015-03-19,115.14849853515625,154.0,155.0,152.5,152.5,43070000
2015-03-20,115.14849853515625,154.0,154.0,151.5,151.5,37536000
2015-03-23,114.77462768554688,153.5,154.0,152.5,154.0,26285000
2015-03-24,113.27922058105469,151.5,153.5,151.5,153.5,36086000
2015-03-25,112.90534973144531,151.0,152.5,150.5,152.0,44424000
2015-03-26,108.79288482666016,145.5,147.0,144.5,145.5,157081000
2015-03-27,106.54974365234375,142.5,145.5,142.5,144.0,106610000
2015-03-30,106.54974365234375,142.5,144.0,142.0,142.5,59832000
2015-03-31,108.79288482666016,145.5,145.5,143.0,144.0,56539000
2015-04-01,107.67131042480469,144.0,145.0,143.5,145.0,38697000
2015-04-02,109.91449737548828,147.0,148.0,144.5,145.0,49213000
2015-04-07,109.16678619384766,146.0,147.5,145.0,146.5,33362000
2015-04-08,106.92359924316406,143.0,146.0,143.0,145.5,47500000
2015-04-09,106.92359924316406,143.0,145.5,143.0,144.0,46493000
2015-04-10,109.91449737548828,147.0,147.0,145.0,146.0,33819000
2015-04-13,109.91449737548828,147.0,147.5,146.0,146.5,23821000
2015-04-14,107.67131042480469,144.0,145.5,143.5,145.0,41528000
2015-04-15,106.92359924316406,143.0,144.5,141.5,143.5,71481000
2015-04-16,109.91449737548828,147.0,147.0,144.5,145.0,54354000
2015-04-17,106.54974365234375,142.5,144.0,142.5,143.0,76708000
2015-04-20,106.92359924316406,143.0,144.0,141.5,142.0,34341000
2015-04-21,106.54974365234375,142.5,143.5,141.5,142.0,36209000
2015-04-22,107.29747772216797,143.5,145.0,143.0,143.5,40606000
2015-04-23,109.91449737548828,147.0,147.0,145.0,145.5,46931000
2015-04-24,114.02694702148438,152.5,152.5,148.5,149.0,122689000
2015-04-27,113.27922058105469,151.5,153.0,150.0,153.0,57529000
2015-04-28,113.27922058105469,151.5,153.5,150.5,153.5,43177000
2015-04-29,111.03605651855469,148.5,151.0,148.0,150.0,37363000
2015-04-30,109.91449737548828,147.0,148.5,146.5,147.0,48913000
2015-05-04,110.2883071899414,147.5,148.5,146.0,148.5,30811000
2015-05-05,109.91449737548828,147.0,148.0,146.0,147.5,27559000
2015-05-06,110.2883071899414,147.5,148.0,145.5,145.5,18784000
2015-05-07,109.5406265258789,146.5,147.5,146.0,146.0,21826000
2015-05-08,109.5406265258789,146.5,147.5,146.0,146.0,19987000
2015-05-11,111.03605651855469,148.5,149.0,147.0,149.0,20326000
2015-05-12,110.2883071899414,147.5,148.5,147.0,147.0,20509000
2015-05-13,110.66219329833984,148.0,149.0,147.0,147.5,18844000
2015-05-14,109.16678619384766,146.0,148.5,146.0,148.0,38700000
2015-05-15,109.5406265258789,146.5,147.0,145.0,147.0,24295000
2015-05-18,109.5406265258789,146.5,147.0,145.0,147.0,22879000
2015-05-19,109.5406265258789,146.5,147.5,145.0,145.5,26257000
2015-05-20,109.5406265258789,146.5,147.0,146.0,146.5,26920000
2015-05-21,108.79288482666016,145.5,146.5,144.5,146.0,40819000
2015-05-22,108.79288482666016,145.5,147.0,145.0,146.0,22074000
2015-05-25,110.2883071899414,147.5,147.5,145.5,146.5,16253000
2015-05-26,109.5406265258789,146.5,148.5,146.5,148.5,15545000
2015-05-27,108.41902923583984,145.0,147.0,145.0,145.5,23825000
2015-05-28,109.91449737548828,147.0,147.5,146.0,147.0,35891000
2015-05-29,109.16678619384766,146.0,147.5,145.5,147.0,56616000
2015-06-01,108.41902923583984,145.0,146.0,144.0,145.5,31570000
2015-06-02,107.67131042480469,144.0,144.5,143.5,144.5,33317000
2015-06-03,106.92359924316406,143.0,144.5,143.0,143.5,29870000
2015-06-04,105.42813110351562,141.0,142.5,140.0,142.0,58172000
2015-06-05,104.68047332763672,140.0,140.5,139.0,139.5,42648000
2015-06-08,103.55889129638672,138.5,140.0,138.5,139.5,45469000
2015-06-09,103.93272399902344,139.0,140.0,138.0,138.5,31575000
2015-06-10,104.30659484863281,139.5,141.5,139.5,141.0,37077000
2015-06-11,107.29747772216797,143.5,144.0,141.0,141.0,44613000
2015-06-12,108.04515838623047,144.5,144.5,142.5,144.0,31448000
2015-06-15,106.92359924316406,143.0,144.5,142.5,144.5,23608000
2015-06-16,106.17587280273438,142.0,143.0,141.0,143.0,27272000
2015-06-17,106.54974365234375,142.5,143.5,142.0,143.0,31326000
2015-06-18,106.17587280273438,142.0,143.0,142.0,142.0,28591000
2015-06-22,106.17587280273438,142.0,143.5,142.0,142.0,28278000
2015-06-23,108.04515838623047,144.5,145.0,142.5,143.0,37230000
2015-06-24,108.41902923583984,145.0,145.0,143.5,144.5,18555000
2015-06-25,109.5406265258789,146.5,147.0,145.0,145.0,43496000
2015-06-26,109.16678619384766,146.0,147.5,145.5,147.0,33561000
2015-06-29,106.85218048095703,138.5,141.0,138.5,140.5,53014000
2015-06-30,108.39515686035156,140.5,140.5,138.5,139.0,45261000
2015-07-01,108.78089141845703,141.0,142.5,139.0,140.0,32546000
2015-07-02,109.16668701171875,141.5,142.0,140.5,140.5,23908000
2015-07-03,109.93814849853516,142.5,142.5,140.0,141.5,16093000
2015-07-06,108.39515686035156,140.5,141.5,140.5,141.0,20617000
2015-07-07,108.39515686035156,140.5,142.0,140.5,141.0,26349000
2015-07-08,106.46643829345703,138.0,141.0,138.0,140.5,51986000
2015-07-09,105.30918884277344,136.5,138.0,134.0,134.0,53233000
2015-07-10,105.30918884277344,136.5,136.5,136.5,136.5,0
2015-07-13,106.85218048095703,138.5,139.5,137.0,137.0,34518000
2015-07-14,106.85218048095703,138.5,140.5,138.0,139.5,27536000
2015-07-15,106.85218048095703,138.5,139.5,138.0,139.0,23295000
2015-07-16,105.30918884277344,136.5,140.0,135.5,140.0,36999000
2015-07-17,108.00941467285156,140.0,140.0,138.0,138.0,55781000
2015-07-20,107.2379150390625,139.0,142.0,138.5,141.5,27655000
2015-07-21,108.39515686035156,140.5,141.5,139.5,141.0,19431000
2015-07-22,107.2379150390625,139.0,139.5,138.0,139.0,24620000
2015-07-23,104.9234390258789,136.0,137.5,136.0,137.0,36389000
2015-07-24,105.6949234008789,137.0,138.0,136.0,138.0,38194000
2015-07-27,103.38043975830078,134.0,135.5,134.0,135.0,43371000
2015-07-28,103.38043975830078,134.0,136.5,134.0,135.0,34219000
2015-07-29,104.53768157958984,135.5,136.0,134.5,135.0,29871000
2015-07-30,106.85218048095703,138.5,139.0,136.0,136.0,36097000
2015-07-31,107.62368774414062,139.5,140.5,137.5,140.5,39992000
2015-08-03,103.76619720458984,134.5,138.5,134.5,138.5,33631000
2015-08-04,105.30918884277344,136.5,136.5,134.5,135.0,26546000
2015-08-05,103.38043975830078,134.0,135.5,134.0,135.5,28491000
2015-08-06,103.38043975830078,134.0,136.0,132.0,136.0,38414000
2015-08-07,102.60894775390625,133.0,133.5,131.5,133.0,30554000
2015-08-10,99.5229721069336,129.0,131.0,125.5,131.0,63646000
2015-08-11,100.6801986694336,130.5,133.5,130.5,133.5,64344000
2015-08-12,99.13722229003906,128.5,130.0,127.5,129.5,41642000
2015-08-13,98.75146484375,128.0,130.0,127.5,129.0,35943000
2015-08-14,97.20848083496094,126.0,128.5,125.0,128.0,39413000
2015-08-17,95.66549682617188,124.0,125.5,123.0,125.5,37847000
2015-08-18,97.20848083496094,126.0,126.5,125.0,125.0,40722000
2015-08-19,96.4369888305664,125.0,127.5,124.0,127.5,41301000
2015-08-20,97.20848083496094,126.0,126.0,123.5,124.5,38012000
2015-08-21,93.35100555419922,121.0,124.5,121.0,123.0,59694000
2015-08-24,88.7220230102539,115.0,121.0,112.5,120.0,116158000
2015-08-25,95.27975463867188,123.5,124.0,117.5,118.0,94960000
2015-08-26,94.50823974609375,122.5,124.5,119.5,121.0,64879000
2015-08-27,95.66549682617188,124.0,125.0,122.0,125.0,53388000
2015-08-28,96.4369888305664,125.0,127.0,124.5,127.0,41466000
2015-08-31,99.5229721069336,129.0,129.0,123.5,126.0,56941000
2015-09-01,95.66549682617188,124.0,127.5,124.0,127.5,42340000
2015-09-02,96.82272338867188,125.5,127.0,123.0,123.0,36973000
2015-09-03,97.97996520996094,127.0,127.5,125.0,127.5,24004000
2015-09-04,96.4369888305664,125.0,127.0,123.5,126.5,22006000
2015-09-07,94.50823974609375,122.5,126.0,122.0,124.5,25891000
2015-09-08,94.89397430419922,123.0,123.5,122.0,122.5,15090000
2015-09-09,99.5229721069336,129.0,129.0,126.5,126.5,53588000
2015-09-10,96.4369888305664,125.0,128.0,125.0,127.0,32912000
2015-09-11,98.36572265625,127.5,127.5,124.0,125.5,20525000
2015-09-14,98.36572265625,127.5,129.0,126.0,128.0,25508000
2015-09-15,97.20848083496094,126.0,128.0,125.5,127.5,21658000
2015-09-16,99.90872192382812,129.5,130.0,127.5,128.0,39923000
2015-09-17,101.06596374511719,131.0,131.5,130.0,130.5,49472000
2015-09-18,101.45169067382812,131.5,131.5,129.0,129.5,31937000
2015-09-21,99.90872192382812,129.5,130.0,128.5,130.0,29930000
2015-09-22,99.5229721069336,129.0,130.0,128.5,130.0,17636000
2015-09-23,96.05121612548828,124.5,127.5,124.5,127.0,32905000
2015-09-24,97.97996520996094,127.0,128.0,125.5,127.0,43432000
2015-09-25,97.97996520996094,127.0,127.5,125.0,127.0,24630000
2015-09-29,97.97996520996094,127.0,127.0,127.0,127.0,0
2015-09-30,100.2944564819336,130.0,131.0,127.0,128.0,67112000
2015-10-01,102.99468994140625,133.5,134.0,129.5,131.0,49600000
2015-10-02,101.83746337890625,132.0,132.5,131.5,132.5,25216000
2015-10-05,102.22321319580078,132.5,133.5,131.5,133.0,30276000
2015-10-06,102.60894775390625,133.0,135.5,132.5,135.0,48613000
2015-10-07,104.15193939208984,135.0,135.0,133.0,133.5,31784000
2015-10-08,104.9234390258789,136.0,137.0,135.0,137.0,31144000
2015-10-12,106.85218048095703,138.5,139.0,136.5,137.0,46971000
2015-10-13,106.0806884765625,137.5,138.5,136.0,138.5,36108000
2015-10-14,105.30918884277344,136.5,137.5,136.0,136.5,18007000
2015-10-15,108.00941467285156,140.0,141.0,139.0,139.0,57142000
2015-10-16,106.0806884765625,137.5,137.5,136.0,137.0,36196000
2015-10-19,106.46643829345703,138.0,139.0,137.0,138.5,26150000
2015-10-20,107.2379150390625,139.0,139.0,137.5,139.0,27462000
2015-10-21,106.85218048095703,138.5,140.0,137.5,139.5,17976000
2015-10-22,106.0806884765625,137.5,138.5,137.0,138.0,15149000
2015-10-23,108.00941467285156,140.0,140.5,139.0,140.0,35644000
2015-10-26,108.00941467285156,140.0,140.5,139.0,140.5,24382000
2015-10-27,107.2379150390625,139.0,140.0,137.5,138.5,26012000
2015-10-28,106.46643829345703,138.0,139.0,137.0,137.0,22522000
2015-10-29,105.30918884277344,136.5,139.5,136.5,139.0,20428000
2015-10-30,105.30918884277344,136.5,137.5,136.0,137.0,27844000
2015-11-02,106.0806884765625,137.5,138.5,135.5,138.5,21663000
2015-11-03,107.62368774414062,139.5,140.0,138.0,138.5,33082000
2015-11-04,111.48114776611328,144.5,144.5,141.0,141.5,75144000
2015-11-05,109.93814849853516,142.5,144.5,142.5,144.0,35773000
2015-11-06,108.00941467285156,140.0,144.0,139.0,144.0,45683000
2015-11-09,109.55242919921875,142.0,143.0,140.5,141.0,24833000
2015-11-10,107.62368774414062,139.5,141.5,139.0,141.5,23307000
2015-11-11,106.0806884765625,137.5,140.5,136.5,140.5,29412000
2015-11-12,106.85218048095703,138.5,139.0,138.0,138.5,16474000
2015-11-13,104.9234390258789,136.0,139.0,136.0,137.5,21639000
2015-11-16,104.15193939208984,135.0,135.5,134.0,134.0,32110000
2015-11-17,106.85218048095703,138.5,140.0,137.5,138.0,28188000
2015-11-18,105.6949234008789,137.0,140.0,136.5,139.5,29074000
2015-11-19,108.39515686035156,140.5,140.5,138.0,138.5,27426000
2015-11-20,108.78089141845703,141.0,141.0,140.0,140.5,20271000
2015-11-23,108.78089141845703,141.0,141.5,140.0,141.0,17170000
2015-11-24,107.62368774414062,139.5,141.5,139.5,140.0,21843000
2015-11-25,108.78089141845703,141.0,141.0,138.5,139.5,27099000
2015-11-26,109.93814849853516,142.5,142.5,140.0,141.0,31976000
2015-11-27,107.2379150390625,139.0,143.0,139.0,143.0,23135000
2015-11-30,107.2379150390625,139.0,139.0,136.0,136.5,108490000
2015-12-01,109.93814849853516,142.5,142.5,138.5,140.5,46117000
2015-12-02,109.93814849853516,142.5,144.0,142.0,144.0,31609000
2015-12-03,109.93814849853516,142.5,143.0,141.5,141.5,18825000
2015-12-04,108.39515686035156,140.5,142.5,140.5,141.0,30869000
2015-12-07,110.70967102050781,143.5,144.5,142.0,142.0,40284000
2015-12-08,109.93814849853516,142.5,144.0,141.0,143.5,32173000
2015-12-09,108.39515686035156,140.5,142.0,140.5,142.0,26751000
2015-12-10,108.78089141845703,141.0,141.5,139.0,140.5,41414000
2015-12-11,107.62368774414062,139.5,142.0,139.0,141.0,29914000
2015-12-14,107.2379150390625,139.0,139.5,137.5,137.5,32656000
2015-12-15,106.46643829345703,138.0,140.5,138.0,139.5,23558000
2015-12-16,110.70967102050781,143.5,144.0,141.0,142.0,56401000
2015-12-17,111.8669204711914,145.0,145.0,143.0,144.5,34462000
2015-12-18,109.55242919921875,142.0,145.0,142.0,143.0,36298000
2015-12-21,109.16668701171875,141.5,142.5,140.5,141.5,26847000
2015-12-22,109.55242919921875,142.0,142.0,140.5,141.0,17085000
2015-12-23,109.16668701171875,141.5,143.0,140.5,141.0,18064000
2015-12-24,109.55242919921875,142.0,143.5,142.0,143.0,13471000
2015-12-25,110.32389831542969,143.0,143.5,142.0,142.0,6126000
2015-12-28,110.70967102050781,143.5,144.0,143.0,143.5,10797000
2015-12-29,109.55242919921875,142.0,144.0,141.5,143.5,12801000
2015-12-30,109.93814849853516,142.5,144.0,142.0,142.5,14578000
2015-12-31,110.32389831542969,143.0,144.0,141.0,142.0,18336000
2016-01-04,107.62368774414062,139.5,143.5,139.0,142.5,39169000
2016-01-05,106.46643829345703,138.0,140.0,137.0,139.0,46381000
2016-01-06,104.53768157958984,135.5,138.0,135.0,138.0,53617000
2016-01-07,102.60894775390625,133.0,135.0,130.5,134.5,62539000
2016-01-08,103.38043975830078,134.0,135.0,132.0,132.0,50123000
2016-01-11,102.60894775390625,133.0,134.5,130.5,133.0,48345000
2016-01-12,102.60894775390625,133.0,134.0,131.5,133.0,34688000
2016-01-13,102.99468994140625,133.5,135.5,133.0,133.5,37717000
2016-01-14,101.45169067382812,131.5,132.0,130.5,130.5,39253000
2016-01-15,105.6949234008789,137.0,138.0,135.5,137.5,79464000
2016-01-18,105.6949234008789,137.0,138.0,134.5,135.0,36757000
2016-01-19,106.46643829345703,138.0,138.0,136.0,137.5,23737000
2016-01-20,103.76619720458984,134.5,137.5,133.5,137.5,43839000
2016-01-21,104.15193939208984,135.0,136.5,134.0,134.0,31933000
2016-01-22,106.85218048095703,138.5,138.5,136.0,136.5,33889000
2016-01-25,107.62368774414062,139.5,140.0,139.0,140.0,27184000
2016-01-26,106.0806884765625,137.5,139.0,137.0,137.5,24049000
2016-01-27,107.62368774414062,139.5,139.5,138.5,139.0,24029000
2016-01-28,108.00941467285156,140.0,140.5,138.0,138.0,37867000
2016-01-29,110.32389831542969,143.0,143.0,138.0,138.5,55616000
2016-02-01,111.09539031982422,144.0,144.0,141.5,144.0,40943000
2016-02-02,109.93814849853516,142.5,144.5,141.5,144.0,25380000
2016-02-03,112.63838195800781,146.0,146.0,144.5,145.0,70465000
2016-02-15,111.8669204711914,145.0,146.5,142.0,142.0,72875000
2016-02-16,113.79564666748047,147.5,148.0,145.5,146.0,55006000
2016-02-17,114.1813735961914,148.0,149.0,147.0,149.0,38453000
2016-02-18,116.4958724975586,151.0,151.0,149.5,150.0,61657000
2016-02-19,116.4958724975586,151.0,151.0,149.0,149.0,35668000
2016-02-22,116.4958724975586,151.0,152.5,149.5,149.5,27003000
2016-02-23,115.3386001586914,149.5,151.0,149.0,150.5,22302000
2016-02-24,114.1813735961914,148.0,150.5,147.0,149.5,22026000
2016-02-25,116.11015319824219,150.5,151.0,148.5,149.0,25202000
2016-02-26,114.95287322998047,149.0,151.5,148.0,151.0,37655000
2016-03-01,117.26738739013672,152.0,152.0,148.5,148.5,38629000
2016-03-02,118.03886413574219,153.0,154.5,153.0,154.0,36010000
2016-03-03,118.81037139892578,154.0,154.5,153.0,154.0,28822000
2016-03-04,117.65311431884766,152.5,153.5,151.5,153.0,32794000
2016-03-07,117.26738739013672,152.0,153.5,151.0,152.5,23906000
2016-03-08,117.26738739013672,152.0,152.0,149.5,151.0,35683000
2016-03-09,118.03886413574219,153.0,153.0,150.5,152.0,24004000
2016-03-10,119.19610595703125,154.5,154.5,151.5,153.0,28302000
2016-03-11,119.58187866210938,155.0,155.0,153.0,154.5,29566000
2016-03-14,120.35337829589844,156.0,157.5,155.5,156.5,32751000
2016-03-15,119.19610595703125,154.5,156.5,153.0,155.0,28689000
2016-03-16,120.35337829589844,156.0,156.0,154.0,155.5,30962000
2016-03-17,122.28205871582031,158.5,160.0,157.5,159.5,48193000
2016-03-18,123.0535659790039,159.5,159.5,158.5,158.5,55975000
2016-03-21,123.43930053710938,160.0,160.0,158.0,160.0,26100000
2016-03-22,122.28205871582031,158.5,159.5,157.0,159.5,25809000
2016-03-23,123.0535659790039,159.5,159.5,158.0,158.5,27478000
2016-03-24,122.28205871582031,158.5,159.0,157.0,158.0,24853000
2016-03-25,121.89635467529297,158.0,159.0,157.0,158.5,10175000
2016-03-28,122.6678695678711,159.0,159.0,157.0,158.0,15268000
2016-03-29,122.6678695678711,159.0,159.5,158.0,158.5,18977000
2016-03-30,124.59657287597656,161.5,162.0,158.5,158.5,43616000
2016-03-31,124.98230743408203,162.0,163.0,159.0,162.0,49433000
2016-04-01,122.28205871582031,158.5,161.0,157.5,161.0,31564000
2016-04-06,118.42460632324219,153.5,156.0,153.5,155.5,58134000
2016-04-07,119.19610595703125,154.5,155.0,152.5,155.0,35238000
2016-04-08,121.5106201171875,157.5,158.0,154.0,154.0,41032000
2016-04-11,122.28205871582031,158.5,159.0,155.5,156.0,21758000
2016-04-12,122.28205871582031,158.5,159.5,157.5,157.5,14859000
2016-04-13,124.59657287597656,161.5,162.0,159.5,160.0,39611000
2016-04-14,124.59657287597656,161.5,162.5,160.0,162.0,31338000
2016-04-15,123.0535659790039,159.5,160.0,156.0,157.0,48779000
2016-04-18,121.89635467529297,158.0,158.5,157.5,158.0,20279000
2016-04-19,121.5106201171875,157.5,161.0,157.0,160.0,26577000
2016-04-20,118.81037139892578,154.0,158.0,154.0,157.5,40996000
2016-04-21,121.1248550415039,157.0,157.0,154.0,156.0,29723000
2016-04-22,120.73910522460938,156.5,158.0,155.0,155.5,28990000
2016-04-25,121.5106201171875,157.5,157.5,156.0,156.5,14306000
2016-04-26,121.89635467529297,158.0,158.5,156.5,156.5,18119000
2016-04-27,120.73910522460938,156.5,157.5,155.5,156.0,28845000
2016-04-28,118.03886413574219,153.0,158.0,153.0,157.5,48915000
2016-04-29,115.724365234375,150.0,151.0,149.0,151.0,66445000
2016-05-03,113.79564666748047,147.5,148.5,146.5,148.0,68550000
2016-05-04,113.40988159179688,147.0,149.0,146.5,147.0,52973000
2016-05-05,113.79564666748047,147.5,148.5,146.0,147.5,38269000
2016-05-06,114.1813735961914,148.0,148.5,147.0,148.5,36510000
2016-05-09,113.79564666748047,147.5,149.0,146.5,148.5,38478000
2016-05-10,113.40988159179688,147.0,148.0,146.5,147.0,29785000
2016-05-11,113.40988159179688,147.0,149.0,146.5,148.5,40057000
2016-05-12,112.63838195800781,146.0,148.0,146.0,147.0,23749000
2016-05-13,111.09539031982422,144.0,145.5,143.0,145.0,60038000
2016-05-16,111.48114776611328,144.5,145.5,143.0,143.0,31133000
2016-05-17,113.40988159179688,147.0,147.0,145.0,145.5,30277000
2016-05-18,113.40988159179688,147.0,147.0,145.0,146.0,31057000
2016-05-19,113.40988159179688,147.0,148.5,145.5,148.0,35132000
2016-05-20,114.567138671875,148.5,149.5,147.0,147.5,36306000
2016-05-23,118.81037139892578,154.0,154.5,149.5,150.5,50127000
2016-05-24,116.4958724975586,151.0,153.5,151.0,152.5,24470000
2016-05-25,119.19610595703125,154.5,155.0,152.5,153.5,30719000
2016-05-26,119.58187866210938,155.0,155.0,153.5,154.5,17196000
2016-05-27,120.73910522460938,156.5,156.5,154.5,156.0,22992000
2016-05-30,121.1248550415039,157.0,158.0,155.0,157.0,36339000
2016-05-31,120.73910522460938,156.5,157.5,155.0,156.5,69656000
2016-06-01,122.6678695678711,159.0,159.0,156.0,156.0,26926000
2016-06-02,122.6678695678711,159.0,160.0,158.0,159.0,21977000
2016-06-03,123.8250732421875,160.5,160.5,159.0,159.0,31853000
2016-06-06,124.21080780029297,161.0,162.0,160.0,161.0,28757000
2016-06-07,124.98230743408203,162.0,163.5,161.0,161.5,47046000
2016-06-08,127.6825942993164,165.5,166.0,163.5,164.0,45214000
2016-06-13,124.98230743408203,162.0,162.5,161.0,161.0,48750000
2016-06-14,124.98230743408203,162.0,163.0,161.0,161.0,27509000
2016-06-15,125.75381469726562,163.0,163.0,161.0,162.0,29270000
2016-06-16,123.8250732421875,160.5,162.5,159.5,161.5,24408000
2016-06-17,125.75381469726562,163.0,164.5,162.0,162.5,30633000
2016-06-20,125.75381469726562,163.0,165.0,163.0,164.5,24911000
2016-06-21,127.6825942993164,165.5,165.5,163.5,164.0,27970000
2016-06-22,128.06834411621094,166.0,166.0,163.5,164.5,30359000
2016-06-23,126.52530670166016,164.0,166.0,164.0,165.5,22494000
2016-06-24,122.6678695678711,159.0,164.0,154.5,164.0,86547000
2016-06-27,124.67223358154297,155.5,156.0,154.0,154.5,42874000
2016-06-28,125.87480926513672,157.0,157.5,155.0,155.5,1327000
2016-06-29,127.4783706665039,159.0,160.0,158.0,158.5,31514000
2016-06-30,130.28445434570312,162.5,163.0,159.5,161.0,42398000
2016-07-01,133.09060668945312,166.0,166.0,163.5,164.5,36212000
2016-07-04,133.09060668945312,166.0,166.5,164.5,165.5,25724000
2016-07-05,131.48709106445312,164.0,165.5,164.0,165.0,16346000
2016-07-06,129.4827117919922,161.5,163.0,160.5,163.0,34803000
2016-07-07,131.887939453125,164.5,165.0,163.0,163.5,23769000
2016-07-08,131.887939453125,164.5,164.5,164.5,164.5,0
2016-07-11,136.297607421875,170.0,170.5,168.5,170.0,50643000
2016-07-12,137.09933471679688,171.0,171.5,169.5,171.0,41961000
2016-07-13,135.09494018554688,168.5,170.0,167.0,169.5,50653000
2016-07-14,135.495849609375,169.0,170.0,167.0,167.0,34790000
2016-07-15,135.896728515625,169.5,169.5,166.5,168.0,41546000
2016-07-18,135.896728515625,169.5,170.0,168.0,168.0,24749000
2016-07-19,136.698486328125,170.5,170.5,169.0,170.5,42456000
2016-07-20,136.297607421875,170.0,170.5,169.0,170.0,38053000
2016-07-21,137.90110778808594,172.0,172.0,170.0,171.0,33130000
2016-07-22,137.09933471679688,171.0,172.0,170.5,172.0,28504000
2016-07-25,137.50021362304688,171.5,173.0,169.0,172.0,27145000
2016-07-26,138.70285034179688,173.0,173.0,171.5,172.0,32685000
2016-07-27,140.30633544921875,175.0,176.0,174.5,175.0,34117000
2016-07-28,141.5089569091797,176.5,176.5,173.0,175.0,31071000
2016-07-29,138.30198669433594,172.5,177.0,172.5,177.0,29795000
2016-08-01,141.90985107421875,177.0,177.0,174.5,175.0,34188000
2016-08-02,141.10812377929688,176.0,177.5,175.5,177.5,15250000
2016-08-03,138.30198669433594,172.5,174.0,172.0,172.5,21627000
2016-08-04,139.90548706054688,174.5,174.5,172.5,173.0,13612000
2016-08-05,141.90985107421875,177.0,177.5,174.0,175.0,25759000
2016-08-08,142.7116241455078,178.0,178.0,176.5,178.0,16200000
2016-08-09,143.11241149902344,178.5,179.5,177.0,178.5,16413000
2016-08-10,143.9142303466797,179.5,179.5,178.0,179.0,19279000
2016-08-11,141.5089569091797,176.5,178.0,175.5,177.5,28180000
2016-08-12,142.31072998046875,177.5,178.5,177.0,178.5,22947000
2016-08-15,143.5133819580078,179.0,179.0,177.5,178.5,12020000
2016-08-16,140.70724487304688,175.5,179.0,175.0,178.0,34260000
2016-08-17,141.90985107421875,177.0,177.5,176.0,177.0,21487000
2016-08-18,141.10812377929688,176.0,176.5,175.0,176.0,27253000
2016-08-19,139.90548706054688,174.5,177.5,174.0,177.0,23470000
2016-08-22,138.30198669433594,172.5,174.0,171.5,173.0,21337000
2016-08-23,140.30633544921875,175.0,175.0,173.5,174.0,20888000
2016-08-24,139.10372924804688,173.5,175.5,173.5,175.0,12092000
2016-08-25,141.5089569091797,176.5,177.0,174.5,175.0,23892000
2016-08-26,141.90985107421875,177.0,177.0,175.0,175.0,15076000
2016-08-29,141.10812377929688,176.0,177.0,174.0,175.0,16975000
2016-08-30,139.504638671875,174.0,176.5,174.0,176.0,19471000
2016-08-31,141.5089569091797,176.5,177.0,174.5,176.5,38524000
2016-09-01,139.504638671875,174.0,176.0,173.0,176.0,22692000
2016-09-02,139.504638671875,174.0,176.5,174.0,176.5,16999000
2016-09-05,141.90985107421875,177.0,177.5,176.5,176.5,22381000
2016-09-06,142.7116241455078,178.0,179.0,176.5,177.0,26024000
2016-09-07,148.3238067626953,185.0,185.0,180.0,180.5,49761000
2016-09-08,146.72035217285156,183.0,184.5,182.5,182.5,30204000
2016-09-09,144.71597290039062,180.5,181.0,179.5,181.0,29793000
2016-09-12,140.70724487304688,175.5,177.5,174.0,177.5,43036000
2016-09-13,140.70724487304688,175.5,176.5,173.5,176.5,36834000
2016-09-14,139.504638671875,174.0,176.0,173.5,174.0,52877000
2016-09-19,146.72035217285156,183.0,183.0,178.5,179.5,57055000
2016-09-20,147.12124633789062,183.5,183.5,181.5,182.0,23641000
2016-09-21,147.52207946777344,184.0,184.0,180.5,181.0,25008000
2016-09-22,148.3238067626953,185.0,185.5,183.5,185.0,20980000
2016-09-23,149.92738342285156,187.0,187.5,184.5,185.0,23213000
2016-09-26,147.12124633789062,183.5,185.0,183.0,183.5,24225000
2016-09-27,147.12124633789062,183.5,183.5,183.5,183.5,0
2016-09-28,147.12124633789062,183.5,183.5,183.5,183.5,0
2016-09-29,149.92738342285156,187.0,187.5,185.5,185.5,54272000
2016-09-30,147.52207946777344,184.0,186.5,182.5,185.5,42592000
2016-10-03,149.12559509277344,186.0,186.5,184.5,186.0,17742000
2016-10-04,149.92738342285156,187.0,187.0,185.0,185.0,16859000
2016-10-05,149.12559509277344,186.0,186.0,184.5,186.0,19148000
2016-10-06,150.3282470703125,187.5,187.5,185.0,185.0,15524000
2016-10-07,150.7291259765625,188.0,188.0,186.0,188.0,15380000
2016-10-11,150.3282470703125,187.5,191.0,186.0,191.0,30294000
2016-10-12,151.9317626953125,189.5,190.0,186.0,186.5,22604000
2016-10-13,151.1299591064453,188.5,191.0,187.0,190.5,37642000
2016-10-14,150.7291259765625,188.0,189.0,186.5,187.0,33248000
2016-10-17,149.52650451660156,186.5,187.5,185.0,186.5,37340000
2016-10-18,149.92738342285156,187.0,187.0,185.5,186.5,38150000
2016-10-19,151.9317626953125,189.5,189.5,187.5,187.5,33272000
2016-10-20,152.7334747314453,190.5,190.5,189.0,189.5,13226000
2016-10-21,151.1299591064453,188.5,192.0,188.5,191.0,21936000
2016-10-24,153.13433837890625,191.0,191.0,189.5,191.0,13459000
2016-10-25,154.73785400390625,193.0,193.0,191.0,192.0,18878000
2016-10-26,153.5352325439453,191.5,192.5,190.5,190.5,21043000
2016-10-27,151.1299591064453,188.5,191.5,188.5,191.5,26231000
2016-10-28,151.9317626953125,189.5,190.0,188.5,189.5,24348000
2016-10-31,151.1299591064453,188.5,190.5,186.5,189.0,25330000
2016-11-01,151.9317626953125,189.5,189.5,187.5,188.5,14290000
2016-11-02,149.12559509277344,186.0,188.0,186.0,187.5,16488000
2016-11-03,147.92300415039062,184.5,186.5,184.5,185.5,25038000
2016-11-04,147.92300415039062,184.5,186.0,184.0,184.5,14860000
2016-11-07,151.53082275390625,189.0,189.0,186.0,186.5,21332000
2016-11-08,151.1299591064453,188.5,190.0,188.0,190.0,15437000
2016-11-09,145.91856384277344,182.0,190.5,182.0,190.0,55541000
2016-11-10,148.72471618652344,185.5,188.0,185.5,187.0,38234000
2016-11-11,145.51776123046875,181.5,183.0,181.0,181.5,67603000
2016-11-14,144.71597290039062,180.5,182.0,180.0,181.0,47989000
2016-11-15,144.3151092529297,180.0,182.0,179.0,179.5,33505000
2016-11-16,144.3151092529297,180.0,183.0,180.0,180.5,34833000
2016-11-17,145.51776123046875,181.5,182.5,180.5,182.0,22434000
2016-11-18,145.11688232421875,181.0,181.5,180.0,181.5,22474000
2016-11-21,145.11688232421875,181.0,181.5,180.0,180.5,15600000
2016-11-22,147.52207946777344,184.0,185.0,181.5,182.0,27599000
2016-11-23,148.72471618652344,185.5,186.5,184.0,184.5,22128000
2016-11-24,146.72035217285156,183.0,185.0,183.0,184.0,14980000
2016-11-25,145.91856384277344,182.0,183.5,182.0,182.5,10116000
2016-11-28,147.52207946777344,184.0,184.0,181.5,181.5,19096000
2016-11-29,145.91856384277344,182.0,185.0,182.0,183.5,24408000
2016-11-30,146.72035217285156,183.0,183.0,181.5,181.5,39671000
2016-12-01,146.72035217285156,183.0,183.0,181.5,182.0,13908000
2016-12-02,142.7116241455078,178.0,179.5,178.0,179.0,53836000
2016-12-05,143.5133819580078,179.0,180.0,178.0,178.0,29191000
2016-12-06,145.91856384277344,182.0,183.0,180.5,181.0,27309000
2016-12-07,145.51776123046875,181.5,183.5,181.5,183.0,14110000
2016-12-08,148.72471618652344,185.5,185.5,183.0,184.0,27257000
2016-12-09,149.12559509277344,186.0,186.0,184.5,186.0,24867000
2016-12-12,148.3238067626953,185.0,187.0,184.0,186.0,18796000
2016-12-13,149.12559509277344,186.0,186.5,184.5,186.5,23591000
2016-12-14,150.3282470703125,187.5,187.5,185.5,186.5,16571000
2016-12-15,149.92738342285156,187.0,187.5,184.5,185.0,22803000
2016-12-16,148.3238067626953,185.0,187.0,185.0,185.5,35985000
2016-12-19,146.31948852539062,182.5,184.5,182.5,184.0,20535000
2016-12-20,146.31948852539062,182.5,182.5,180.0,181.0,24139000
2016-12-21,144.3151092529297,180.0,182.0,180.0,181.0,29690000
2016-12-22,143.5133819580078,179.0,180.5,179.0,180.0,26269000
2016-12-23,143.11241149902344,178.5,180.0,178.5,179.0,22961000
2016-12-26,143.9142303466797,179.5,180.0,179.0,179.0,5675000
2016-12-27,144.3151092529297,180.0,180.5,179.5,180.0,8252000
2016-12-28,145.91856384277344,182.0,182.0,180.5,181.0,21226000
2016-12-29,144.3151092529297,180.0,181.5,180.0,180.0,30200000
2016-12-30,145.51776123046875,181.5,182.5,180.0,181.0,36610000
2017-01-03,146.72035217285156,183.0,183.5,181.0,181.5,22630000
2017-01-04,146.72035217285156,183.0,184.0,181.5,183.0,24369000
2017-01-05,147.12124633789062,183.5,183.5,181.5,182.0,20979000
2017-01-06,147.52207946777344,184.0,184.5,183.5,184.0,22443000
2017-01-09,147.52207946777344,184.0,185.0,183.0,184.0,18569000
2017-01-10,147.52207946777344,184.0,185.5,183.5,184.5,20198000
2017-01-11,145.91856384277344,182.0,185.0,181.5,185.0,29107000
2017-01-12,147.92300415039062,184.5,185.5,182.5,182.5,41130000
2017-01-13,145.51776123046875,181.5,182.5,180.5,180.5,52352000
2017-01-16,143.9142303466797,179.5,180.5,179.0,180.0,30756000
2017-01-17,145.11688232421875,181.0,181.0,179.5,180.5,13159000
2017-01-18,145.11688232421875,181.0,181.0,179.5,180.5,23693000
2017-01-19,144.71597290039062,180.5,181.0,179.5,179.5,24627000
2017-01-20,145.11688232421875,181.0,181.5,180.5,181.0,23429000
2017-01-23,148.3238067626953,185.0,185.0,182.5,182.5,36992000
2017-01-24,148.72471618652344,185.5,186.5,184.5,185.0,55022000
2017-02-02,147.92300415039062,184.5,188.5,184.0,188.0,94089000
2017-02-03,147.92300415039062,184.5,186.0,183.5,186.0,29518000
2017-02-06,147.92300415039062,184.5,185.5,184.0,184.5,24779000
2017-02-07,147.92300415039062,184.5,185.0,183.0,183.5,23616000
2017-02-08,147.12124633789062,183.5,184.5,183.0,183.5,29168000
2017-02-09,147.52207946777344,184.0,185.5,183.5,184.0,18967000
2017-02-10,148.72471618652344,185.5,185.5,184.0,184.5,34747000
2017-02-13,150.3282470703125,187.5,188.0,186.5,186.5,25124000
2017-02-14,150.3282470703125,187.5,190.0,187.5,189.0,45696000
2017-02-15,151.53082275390625,189.0,189.5,186.5,187.0,39347000
2017-02-16,151.53082275390625,189.0,190.5,188.0,190.0,27018000
2017-02-17,151.9317626953125,189.5,190.5,189.0,190.0,20389000
2017-02-20,152.3326416015625,190.0,190.5,189.5,190.0,13254000
2017-02-21,152.3326416015625,190.0,190.0,188.5,190.0,31159000
2017-02-22,151.1299591064453,188.5,191.0,188.5,190.5,25677000
2017-02-23,151.1299591064453,188.5,189.5,187.0,188.0,35725000
2017-02-24,151.53082275390625,189.0,190.5,187.5,187.5,22766000
2017-03-01,149.12559509277344,186.0,188.5,186.0,188.5,46186000
2017-03-02,149.12559509277344,186.0,188.5,185.0,188.0,39980000
2017-03-03,147.52207946777344,184.0,185.0,184.0,184.5,28197000
2017-03-06,147.12124633789062,183.5,184.5,183.5,184.0,12531000
2017-03-07,148.72471618652344,185.5,185.5,184.0,184.0,18812000
2017-03-08,149.92738342285156,187.0,188.0,185.5,186.0,31791000
2017-03-09,147.92300415039062,184.5,186.0,184.0,185.5,28489000
2017-03-10,147.12124633789062,183.5,184.5,183.0,184.0,20053000
2017-03-13,149.52650451660156,186.5,186.5,185.0,185.0,10487000
2017-03-14,149.12559509277344,186.0,188.0,186.0,188.0,22245000
2017-03-15,149.52650451660156,186.5,187.0,185.5,185.5,14131000
2017-03-16,152.3326416015625,190.0,190.0,188.0,188.0,31507000
2017-03-17,153.5352325439453,191.5,191.5,189.0,189.5,33764000
2017-03-20,153.5352325439453,191.5,191.5,189.5,191.5,16215000
2017-03-21,156.3413543701172,195.0,195.0,191.5,192.0,32246000
2017-03-22,155.13877868652344,193.5,193.5,191.5,192.5,27396000
2017-03-23,155.13877868652344,193.5,193.5,192.0,192.0,18472000
2017-03-24,154.33692932128906,192.5,193.0,192.0,192.0,17541000
2017-03-27,154.73785400390625,193.0,194.5,192.0,194.5,29251000
2017-03-28,155.94052124023438,194.5,195.0,192.5,195.0,38259000
2017-03-29,153.5352325439453,191.5,194.5,191.0,194.5,33374000
2017-03-30,153.5352325439453,191.5,193.0,190.5,192.5,28302000
2017-03-31,151.53082275390625,189.0,192.0,189.0,191.0,33635000
2017-04-05,154.73785400390625,193.0,193.0,189.5,189.5,43748000
2017-04-06,153.5352325439453,191.5,193.0,191.0,193.0,16173000
2017-04-07,153.13433837890625,191.0,192.0,188.5,192.0,18911000
2017-04-10,152.3326416015625,190.0,191.5,189.5,191.0,17024000
2017-04-11,153.13433837890625,191.0,191.0,189.0,190.0,8441000
2017-04-12,153.13433837890625,191.0,191.5,190.0,190.5,17283000
2017-04-13,153.5352325439453,191.5,192.0,189.5,189.5,14771000
2017-04-14,151.53082275390625,189.0,189.5,188.0,189.5,30701000
2017-04-17,150.3282470703125,187.5,189.0,187.5,189.0,17096000
2017-04-18,150.7291259765625,188.0,189.5,187.5,188.0,25063000
2017-04-19,149.52650451660156,186.5,187.5,186.5,187.5,30477000
2017-04-20,149.92738342285156,187.0,188.0,186.5,186.5,21488000
2017-04-21,152.3326416015625,190.0,190.0,187.5,187.5,17373000
2017-04-24,152.3326416015625,190.0,191.5,188.5,191.0,19317000
2017-04-25,153.9360809326172,192.0,192.0,189.5,190.5,31932000
2017-04-26,153.13433837890625,191.0,192.0,190.5,192.0,29909000
2017-04-27,154.73785400390625,193.0,193.0,190.5,192.0,27940000
2017-04-28,155.94052124023438,194.5,194.5,193.0,193.5,34852000
2017-05-02,157.54400634765625,196.5,199.0,195.5,198.5,44119000
2017-05-03,158.74659729003906,198.0,198.5,197.0,198.0,25723000
2017-05-04,158.74659729003906,198.0,199.0,197.0,198.5,22088000
2017-05-05,158.34576416015625,197.5,198.5,197.0,197.0,17036000
2017-05-08,162.3544921875,202.5,202.5,199.0,199.0,36538000
2017-05-09,163.15626525878906,203.5,207.0,203.5,205.5,48077000
2017-05-10,164.7597198486328,205.5,206.0,204.0,204.0,28312000
2017-05-11,166.3632354736328,207.5,208.5,204.0,204.5,43718000
2017-05-12,165.16061401367188,206.0,207.0,205.0,205.0,25009000
2017-05-15,165.16061401367188,206.0,206.0,204.0,204.0,25666000
2017-05-16,163.95797729492188,204.5,205.0,203.5,205.0,33224000
2017-05-17,163.55711364746094,204.0,204.0,203.0,203.0,21567000
2017-05-18,163.15626525878906,203.5,204.0,201.5,202.5,22461000
2017-05-19,162.75535583496094,203.0,204.5,202.5,203.5,16492000
2017-05-22,164.3588409423828,205.0,205.0,203.0,203.5,13726000
2017-05-23,164.3588409423828,205.0,207.0,204.5,205.0,19991000
2017-05-24,164.7597198486328,205.5,206.0,205.0,205.0,13380000
2017-05-25,165.96241760253906,207.0,207.0,205.5,206.0,22328000
2017-05-26,165.96241760253906,207.0,207.0,205.0,205.0,32514000
2017-05-31,162.75535583496094,203.0,207.0,203.0,206.5,67475000
2017-06-01,165.96241760253906,207.0,207.0,204.5,205.0,27589000
2017-06-02,167.5658721923828,209.0,209.0,207.5,208.5,22573000
2017-06-05,169.97109985351562,212.0,212.0,209.0,209.5,21457000
2017-06-06,168.76852416992188,210.5,211.5,210.5,210.5,14912000
2017-06-07,169.5702362060547,211.5,212.5,210.0,212.0,29514000
2017-06-08,170.77285766601562,213.0,213.0,211.5,212.0,18437000
2017-06-09,169.97109985351562,212.0,215.0,212.0,214.5,31774000
2017-06-12,166.3632354736328,207.5,210.0,207.0,207.0,58256000
2017-06-13,166.7641143798828,208.0,208.5,206.5,207.0,43566000
2017-06-14,165.96241760253906,207.0,209.5,206.0,208.5,36293000
2017-06-15,166.7641143798828,208.0,208.0,207.0,207.5,17748000
2017-06-16,169.5702362060547,211.5,212.0,207.0,207.5,32816000
2017-06-19,170.77285766601562,213.0,213.0,210.5,211.0,15632000
2017-06-20,173.57896423339844,216.5,218.0,214.5,215.0,28630000
2017-06-21,172.7772216796875,215.5,217.0,214.5,216.0,44789000
2017-06-22,174.7816162109375,218.0,218.0,216.5,217.0,24139000
2017-06-23,173.97988891601562,217.0,218.5,217.0,218.0,39621000
2017-06-26,178.1222381591797,215.0,215.0,212.0,212.0,58686000
2017-06-27,175.22256469726562,211.5,214.0,211.0,214.0,43269000
2017-06-28,172.73716735839844,208.5,210.0,208.0,209.5,48568000
2017-06-29,173.97984313964844,210.0,210.5,208.5,210.5,26019000
2017-06-30,172.73716735839844,208.5,208.5,206.5,206.5,30867000
2017-07-03,173.15139770507812,209.0,209.0,207.0,207.5,19027000
2017-07-04,171.49449157714844,207.0,208.5,207.0,208.0,21132000
2017-07-05,172.73716735839844,208.5,208.5,206.5,207.0,23276000
2017-07-06,171.90867614746094,207.5,208.5,207.0,208.0,15242000
2017-07-07,170.66595458984375,206.0,207.5,205.5,207.0,20655000
2017-07-10,170.66595458984375,206.0,207.0,206.0,206.5,13292000
2017-07-11,175.6367950439453,212.0,212.0,207.5,208.0,33265000
2017-07-12,174.39413452148438,210.5,212.5,210.5,211.0,26426000
2017-07-13,177.70797729492188,214.5,216.0,211.5,212.0,50090000
2017-07-14,176.4652862548828,213.0,214.5,212.0,213.0,22335000
2017-07-17,176.4652862548828,213.0,215.5,211.5,215.0,21372000
2017-07-18,177.2937774658203,214.0,214.0,212.0,213.0,18613000
2017-07-19,177.70797729492188,214.5,215.0,212.5,212.5,20637000
2017-07-20,178.5364532470703,215.5,215.5,214.0,215.0,20770000
2017-07-21,177.2937774658203,214.0,215.0,213.5,214.0,15032000
2017-07-24,177.70797729492188,214.5,214.5,213.0,213.5,19972000
2017-07-25,177.2937774658203,214.0,214.5,213.5,214.0,13344000
2017-07-26,176.4652862548828,213.0,215.0,212.5,215.0,14684000
2017-07-27,178.5364532470703,215.5,216.0,213.5,213.5,23013000
2017-07-28,176.4652862548828,213.0,214.0,212.5,213.0,19724000
2017-07-31,177.70797729492188,214.5,214.5,211.5,211.5,19993000
2017-08-01,175.6367950439453,212.0,214.0,212.0,212.5,19704000
2017-08-02,178.9507598876953,216.0,216.0,214.0,214.0,27320000
2017-08-03,176.87954711914062,213.5,214.0,212.5,213.0,25694000
2017-08-04,176.4652862548828,213.0,214.0,212.5,213.5,21831000
2017-08-07,178.9507598876953,216.0,216.5,213.5,213.5,21564000
2017-08-08,180.1934356689453,217.5,219.0,216.0,217.5,25122000
2017-08-09,177.70797729492188,214.5,215.5,213.5,215.0,28050000
2017-08-10,177.2937774658203,214.0,215.5,212.5,215.5,26273000
2017-08-11,176.0510711669922,212.5,213.5,210.5,211.0,41417000
2017-08-14,174.808349609375,211.0,214.0,210.0,213.5,29299000
2017-08-15,177.2937774658203,214.0,214.5,213.0,213.0,13512000
2017-08-16,176.4652862548828,213.0,214.5,211.0,214.5,25176000
2017-08-17,177.2937774658203,214.0,214.0,213.0,213.5,8334000
2017-08-18,176.0510711669922,212.5,213.0,211.0,212.0,13711000
2017-08-21,175.22256469726562,211.5,213.0,211.5,212.5,11882499
2017-08-22,177.70797729492188,214.5,214.5,213.0,213.5,14211415
2017-08-23,178.5364532470703,215.5,216.0,214.0,215.5,11589917
2017-08-24,179.7792205810547,217.0,217.0,215.5,216.0,15224842
2017-08-25,180.1934356689453,217.5,217.5,216.0,217.5,10125387
2017-08-28,178.9507598876953,216.0,216.5,215.0,215.0,15236159
2017-08-29,178.9507598876953,216.0,216.0,215.0,216.0,16160161
2017-08-30,180.1934356689453,217.5,218.0,216.0,216.0,19674310
2017-08-31,179.36492919921875,216.5,218.0,215.5,217.5,26434202
2017-09-01,179.36492919921875,216.5,217.5,215.0,215.0,17805405
2017-09-04,180.1934356689453,217.5,218.0,215.5,216.5,15023185
2017-09-05,180.607666015625,218.0,218.0,216.5,218.0,17357347
2017-09-06,179.7792205810547,217.0,218.0,216.0,216.5,16012662
2017-09-07,179.7792205810547,217.0,218.5,216.0,218.0,19135540
2017-09-08,180.607666015625,218.0,218.0,216.5,217.0,25512045
2017-09-11,179.7792205810547,217.0,219.5,216.5,219.0,19026886
2017-09-12,181.4361572265625,219.0,219.5,217.5,219.0,21588321
2017-09-13,180.607666015625,218.0,219.0,217.5,217.5,17555541
2017-09-14,181.0218963623047,218.5,219.0,217.5,218.5,18315567
2017-09-15,181.0218963623047,218.5,219.0,217.0,218.5,44551103
2017-09-18,181.85040283203125,219.5,220.0,218.0,219.0,17654705
2017-09-19,183.50730895996094,221.5,221.5,220.0,221.5,23410233
2017-09-20,183.50730895996094,221.5,222.0,220.0,221.0,20320237
2017-09-21,183.09310913085938,221.0,223.0,220.0,221.0,18645565
2017-09-22,181.0218963623047,218.5,222.0,218.5,221.5,21557370
2017-09-25,179.7792205810547,217.0,218.5,217.0,217.5,16876286
2017-09-26,177.2937774658203,214.0,218.0,214.0,217.5,23070901
2017-09-27,178.1222381591797,215.0,217.5,215.0,217.5,22590510
2017-09-28,177.2937774658203,214.0,216.0,213.5,215.0,31616062
2017-09-29,179.36492919921875,216.5,217.5,215.5,216.0,21380708
2017-10-02,182.67886352539062,220.5,220.5,218.5,219.5,27983551
2017-10-03,184.33583068847656,222.5,223.0,219.0,219.0,36679938
2017-10-05,185.9927520751953,224.5,225.5,222.0,222.0,23349939
2017-10-06,185.9927520751953,224.5,225.5,223.5,225.0,15642516
2017-10-11,193.03482055664062,233.0,233.5,226.5,226.5,63667562
2017-10-12,196.76290893554688,237.5,237.5,234.5,235.0,42390186
2017-10-13,196.76290893554688,237.5,237.5,234.5,237.5,23145071
2017-10-16,197.17715454101562,238.0,238.0,236.0,237.5,19964072
2017-10-17,195.10598754882812,235.5,238.0,235.0,238.0,17652304
2017-10-18,196.76290893554688,237.5,239.5,237.0,239.5,28886850
2017-10-19,198.0056610107422,239.0,241.5,239.0,239.5,23481776
2017-10-20,196.76290893554688,237.5,239.5,237.5,238.0,24722035
2017-10-23,198.0056610107422,239.0,240.0,238.5,239.0,15772559
2017-10-24,197.17715454101562,238.0,240.0,238.0,240.0,14975093
2017-10-25,197.17715454101562,238.0,239.0,237.5,238.5,16880187
2017-10-26,195.5202178955078,236.0,238.0,236.0,237.0,12959717
2017-10-27,198.0056610107422,239.0,240.0,237.5,237.5,17773541
2017-10-30,201.31959533691406,243.0,245.0,241.5,242.0,27784990
2017-10-31,201.31959533691406,243.0,245.0,241.5,243.5,22582013
2017-11-01,200.9053192138672,242.5,245.0,241.5,243.5,20389054
2017-11-02,199.66259765625,241.0,242.5,240.5,242.0,15810342
2017-11-03,198.0056610107422,239.0,241.0,238.5,240.5,16528682
2017-11-06,198.419921875,239.5,244.0,239.0,243.5,21029415
2017-11-07,202.14804077148438,244.0,244.0,241.5,242.0,20200261
2017-11-08,200.9053192138672,242.5,243.5,242.0,243.0,14129103
2017-11-09,199.66259765625,241.0,243.0,240.0,240.5,20313949
2017-11-10,199.24839782714844,240.5,242.0,239.5,240.0,14121296
2017-11-13,198.419921875,239.5,241.5,239.5,240.0,12087858
2017-11-14,198.8341522216797,240.0,241.0,239.0,241.0,16880176
2017-11-15,196.76290893554688,237.5,239.5,236.0,239.0,28720308
2017-11-16,197.17715454101562,238.0,240.0,237.5,238.0,16487172
2017-11-17,200.07684326171875,241.5,242.5,240.5,240.5,18676825
2017-11-20,197.5914306640625,238.5,241.5,238.0,241.0,16265271
2017-11-21,201.31959533691406,243.0,243.0,239.5,240.0,20513024
2017-11-22,200.4910888671875,242.0,244.5,242.0,244.5,26626431
2017-11-23,200.9053192138672,242.5,243.5,241.5,242.0,9346763
2017-11-24,202.14804077148438,244.0,244.5,241.5,242.0,11154453
2017-11-27,196.34869384765625,237.0,240.0,237.0,240.0,32247324
2017-11-28,193.86325073242188,234.0,235.0,233.0,234.5,44803178
2017-11-29,194.27752685546875,234.5,236.0,234.5,235.0,25762797
2017-11-30,187.23548889160156,226.0,230.5,226.0,226.5,109231770
2017-12-01,191.3778839111328,231.0,233.5,227.5,228.5,37446265
2017-12-04,193.86325073242188,234.0,234.5,231.0,232.5,21635032
2017-12-05,190.13511657714844,229.5,231.0,228.5,231.0,29664765
2017-12-06,188.06394958496094,227.0,229.5,226.5,228.0,32371690
2017-12-07,187.6497344970703,226.5,226.5,222.5,226.5,41343903
2017-12-08,188.06394958496094,227.0,231.0,224.5,231.0,37959260
2017-12-11,188.47817993164062,227.5,229.0,227.0,228.5,20649609
2017-12-12,188.47817993164062,227.5,229.5,225.0,229.5,21796584
2017-12-13,188.06394958496094,227.0,228.0,226.5,227.5,17920331
2017-12-14,190.96363830566406,230.5,230.5,227.5,228.0,17193313
2017-12-15,190.5493927001953,230.0,230.0,226.5,228.5,42625779
2017-12-18,188.06394958496094,227.0,228.0,226.5,227.0,14564664
2017-12-19,186.406982421875,225.0,228.5,224.0,226.5,25714129
2017-12-20,185.9927520751953,224.5,225.5,223.5,225.0,26289333
2017-12-21,186.406982421875,225.0,227.0,224.5,226.5,18558164
2017-12-22,188.47817993164062,227.5,227.5,224.0,225.0,19036483
2017-12-25,189.306640625,228.5,229.5,226.5,228.0,4579675
2017-12-26,187.23548889160156,226.0,229.0,225.0,229.0,13755843
2017-12-27,186.406982421875,225.0,226.0,225.0,225.0,12515245
2017-12-28,187.23548889160156,226.0,228.0,225.0,226.5,24304371
2017-12-29,190.13511657714844,229.5,230.0,226.5,227.5,25007443
2018-01-02,192.62057495117188,232.5,232.5,231.0,231.5,18055269
2018-01-03,196.34869384765625,237.0,238.0,235.5,236.0,29308091
2018-01-04,198.419921875,239.5,240.0,236.5,240.0,29096613
2018-01-05,198.8341522216797,240.0,240.0,238.0,240.0,22438255
2018-01-08,200.4910888671875,242.0,242.5,240.5,242.0,20233692
2018-01-09,200.4910888671875,242.0,242.0,239.5,242.0,19043123
2018-01-10,195.93447875976562,236.5,242.0,236.0,241.5,23631220
2018-01-11,194.6917724609375,235.0,236.0,232.5,235.0,30446338
2018-01-12,196.34869384765625,237.0,238.0,233.5,234.5,21513291
2018-01-15,198.8341522216797,240.0,240.0,238.0,240.0,27476533
2018-01-16,199.24839782714844,240.5,240.5,238.0,240.0,21691632
2018-01-17,200.4910888671875,242.0,243.0,239.0,240.5,38046119
2018-01-18,205.8761749267578,248.5,250.0,245.0,245.0,49896952
2018-01-19,211.67550659179688,255.5,255.5,251.5,253.5,50549292
2018-01-22,216.64633178710938,261.5,262.0,257.0,257.5,43400509
2018-01-23,220.37451171875,266.0,266.0,262.5,262.5,33527444
2018-01-24,213.74671936035156,258.0,263.0,256.5,263.0,41874813
2018-01-25,213.74671936035156,258.0,264.0,256.5,258.0,44643756
2018-01-26,211.2612762451172,255.0,257.5,253.5,256.5,39555523
2018-01-29,214.16094970703125,258.5,261.5,255.0,259.0,30071234
2018-01-30,209.60430908203125,253.0,257.5,252.5,256.0,36860591
2018-01-31,211.2612762451172,255.0,257.5,252.0,253.0,44136808
2018-02-01,214.98941040039062,259.5,261.0,257.0,257.5,30559457
2018-02-02,214.98941040039062,259.5,260.0,255.0,259.0,25707560
2018-02-05,209.60430908203125,253.0,254.5,250.5,251.0,45594379
2018-02-06,198.0056610107422,239.0,243.5,234.0,242.5,102409048
2018-02-07,198.8341522216797,240.0,245.5,239.5,245.0,80063178
2018-02-08,197.5914306640625,238.5,242.0,238.0,239.5,30989550
2018-02-09,192.62057495117188,232.5,233.0,228.5,230.0,65735265
2018-02-12,195.93447875976562,236.5,237.5,235.0,235.5,35635236
2018-02-21,200.9053192138672,242.5,244.5,242.0,244.5,71504174
2018-02-22,198.419921875,239.5,244.0,239.0,244.0,39239993
2018-02-23,202.97653198242188,245.0,245.0,241.0,241.0,26985776
2018-02-26,204.21926879882812,246.5,247.5,245.0,247.0,35901810
2018-02-27,203.80499267578125,246.0,250.5,246.0,250.5,40818119
2018-03-01,201.31959533691406,243.0,245.0,242.0,244.0,39719984
2018-03-02,198.8341522216797,240.0,241.0,238.5,240.0,35139170
2018-03-05,200.07684326171875,241.5,243.0,240.5,242.5,27337846
2018-03-06,207.11886596679688,250.0,250.0,245.5,245.5,34890780
2018-03-07,204.6334686279297,247.0,248.5,246.0,248.0,30391219
2018-03-08,206.70462036132812,249.5,251.5,249.0,249.5,20645694
2018-03-09,207.5331573486328,250.5,251.0,248.5,250.0,19831063
2018-03-12,210.4328155517578,254.0,255.0,251.5,252.0,24492615
2018-03-13,214.57518005371094,259.0,259.0,255.0,255.5,33756883
2018-03-14,212.918212890625,257.0,257.5,255.5,256.5,23772838
2018-03-15,211.2612762451172,255.0,258.0,255.0,258.0,19396493
2018-03-16,211.2612762451172,255.0,256.0,249.5,253.0,62929326
2018-03-19,211.2612762451172,255.0,255.5,251.0,252.5,21440766
2018-03-20,209.60430908203125,253.0,254.0,251.5,253.0,21840151
2018-03-21,209.19009399414062,252.5,255.0,251.0,255.0,28976737
2018-03-22,208.3616180419922,251.5,254.5,249.5,254.5,27000668
2018-03-23,202.97653198242188,245.0,247.0,244.0,245.0,52498390
2018-03-26,201.73379516601562,243.5,244.5,241.5,241.5,36987945
2018-03-27,207.9473419189453,251.0,251.0,247.0,248.0,31008260
2018-03-28,202.97653198242188,245.0,248.0,244.0,247.5,29637411
2018-03-29,202.14804077148438,244.0,247.0,242.5,243.0,36165345
2018-03-30,203.80499267578125,246.0,249.5,246.0,247.5,16996346
2018-04-02,204.21926879882812,246.5,249.0,245.0,248.5,17696003
2018-04-03,202.14804077148438,244.0,244.5,242.0,243.0,35813944
2018-04-09,202.97653198242188,245.0,248.0,243.5,248.0,34694824
2018-04-10,203.3907470703125,245.5,249.0,243.5,244.5,25156994
2018-04-11,205.46192932128906,248.0,248.5,246.5,246.5,21607935
2018-04-12,202.97653198242188,245.0,248.5,244.0,248.5,20409657
2018-04-13,202.56224060058594,244.5,246.0,244.0,246.0,19742548
2018-04-16,201.73379516601562,243.5,244.0,242.0,243.0,18350139
2018-04-17,197.17715454101562,238.0,243.5,237.5,243.0,42756389
2018-04-18,197.17715454101562,238.0,241.5,236.5,239.5,42500048
2018-04-19,202.56224060058594,244.5,244.5,241.0,242.0,31901989
2018-04-20,189.72091674804688,229.0,231.5,228.0,228.0,128452087
2018-04-23,187.6497344970703,226.5,227.5,225.0,226.5,71009975
2018-04-24,188.06394958496094,227.0,227.5,225.0,225.0,40967892
2018-04-25,186.406982421875,225.0,226.0,224.0,225.5,46771110
2018-04-26,183.9215545654297,222.0,225.5,221.0,225.0,48023557
2018-04-27,185.16429138183594,223.5,225.5,221.0,225.0,34174459
2018-04-30,188.06394958496094,227.0,228.0,222.5,224.5,28500789
2018-05-02,184.7500457763672,223.0,227.5,222.5,227.0,38167942
2018-05-03,182.67886352539062,220.5,222.5,220.0,221.0,31690731
2018-05-04,184.7500457763672,223.0,224.0,220.5,221.0,27208722
2018-05-07,185.16429138183594,223.5,225.5,221.5,225.0,23268759
2018-05-08,188.89242553710938,228.0,228.5,223.5,224.0,40324763
2018-05-09,190.13511657714844,229.5,232.0,228.5,228.5,33778934
2018-05-10,190.13511657714844,229.5,231.5,229.0,231.0,27530377
2018-05-11,193.03482055664062,233.0,234.0,230.5,232.0,30693910
2018-05-14,193.03482055664062,233.0,234.5,232.5,234.5,19921437
2018-05-15,190.96363830566406,230.5,234.0,229.5,233.5,23771769
2018-05-16,190.96363830566406,230.5,230.5,228.5,229.5,14409556
2018-05-17,187.6497344970703,226.5,231.5,226.5,231.0,26852737
2018-05-18,185.16429138183594,223.5,227.5,223.5,225.5,27664541
2018-05-21,189.72091674804688,229.0,230.0,225.0,225.0,16127815
2018-05-22,189.72091674804688,229.0,233.5,229.0,230.0,22355097
2018-05-23,189.306640625,228.5,231.5,228.5,231.5,23062899
2018-05-24,189.72091674804688,229.0,230.0,228.5,229.5,12996610
2018-05-25,189.306640625,228.5,229.5,228.0,228.5,15971294
2018-05-28,188.06394958496094,227.0,230.0,226.5,229.5,16373270
2018-05-29,186.406982421875,225.0,226.5,223.5,226.5,23764776
2018-05-30,183.09310913085938,221.0,224.0,220.5,224.0,49163788
2018-05-31,185.57855224609375,224.0,224.0,220.5,221.5,96069458
2018-06-01,185.57855224609375,224.0,226.5,224.0,224.5,27617994
2018-06-04,189.72091674804688,229.0,229.0,227.0,227.5,25959480
2018-06-05,189.72091674804688,229.0,230.0,226.5,230.0,26534884
2018-06-06,190.5493927001953,230.0,230.0,227.0,229.0,24767441
2018-06-07,190.5493927001953,230.0,231.5,228.0,231.0,24958266
2018-06-08,188.06394958496094,227.0,229.0,226.0,229.0,23548851
2018-06-11,187.23548889160156,226.0,227.0,225.0,226.5,21696933
2018-06-12,189.72091674804688,229.0,229.0,224.0,225.0,29501260
2018-06-13,192.2063446044922,232.0,232.0,228.0,229.0,28944970
2018-06-14,187.6497344970703,226.5,230.0,226.5,230.0,33408041
2018-06-15,191.3778839111328,231.0,231.0,224.0,225.0,48059679
2018-06-19,186.406982421875,225.0,226.0,224.0,225.5,56889624
2018-06-20,187.23548889160156,226.0,227.5,223.5,224.5,40708701
2018-06-21,187.6497344970703,226.5,228.0,226.0,227.5,31242557
2018-06-22,188.47817993164062,227.5,227.5,224.0,224.5,43581409
2018-06-25,187.190185546875,218.0,220.5,218.0,220.0,45025211
2018-06-26,184.18482971191406,214.5,216.0,212.5,215.5,38446346
2018-06-27,182.89678955078125,213.0,216.0,212.5,216.0,39888414
2018-06-28,182.03814697265625,212.0,214.5,210.0,211.0,37940780
2018-06-29,185.90216064453125,216.5,217.0,212.0,212.0,34313680
2018-07-02,183.75547790527344,214.0,219.0,214.0,218.5,32449442
2018-07-03,184.18482971191406,214.5,218.0,213.5,215.5,28323220
2018-07-04,185.4728546142578,216.0,217.5,215.5,217.0,15212295
2018-07-05,184.18482971191406,214.5,215.0,213.0,214.0,18225416
2018-07-06,186.33152770996094,217.0,217.5,215.0,217.5,29033762
2018-07-09,190.19552612304688,221.5,223.0,218.5,219.5,38734793
2018-07-10,190.62486267089844,222.0,224.0,222.0,223.0,20118957
2018-07-11,188.90753173828125,220.0,220.0,218.0,220.0,19854690
2018-07-12,189.3368377685547,220.5,222.0,218.0,218.0,23666051
2018-07-13,192.77157592773438,224.5,224.5,222.5,222.5,29716311
2018-07-16,191.91285705566406,223.5,225.0,223.5,224.5,15819254
2018-07-17,190.19552612304688,221.5,223.5,221.0,222.5,21548436
2018-07-18,191.48353576660156,223.0,224.0,222.0,223.0,39898658
2018-07-19,192.77157592773438,224.5,227.0,224.5,225.5,39661216
2018-07-20,203.93431091308594,237.5,237.5,233.0,235.0,97969023
2018-07-23,206.9395751953125,241.0,245.0,238.5,239.0,52256877
2018-07-24,206.9395751953125,241.0,241.5,238.5,240.0,27239267
2018-07-25,206.51023864746094,240.5,241.0,239.0,239.0,20962512
2018-07-26,206.9395751953125,241.0,242.5,239.5,241.0,30606388
2018-07-27,209.9449462890625,244.5,244.5,241.0,242.0,27129646
2018-07-30,210.8036346435547,245.5,245.5,244.0,244.5,22788730
2018-07-31,211.2329559326172,246.0,246.0,242.0,243.5,27059442
2018-08-01,212.9503173828125,248.0,248.0,246.5,247.0,29136161
2018-08-02,209.9449462890625,244.5,249.5,243.5,249.0,22402110
2018-08-03,212.09164428710938,247.0,248.0,245.0,246.0,24719097
2018-08-06,210.8036346435547,245.5,247.0,244.0,245.0,22364568
2018-08-07,207.3689422607422,241.5,245.5,241.5,245.0,23992418
2018-08-08,212.52098083496094,247.5,247.5,244.5,245.0,24382432
2018-08-09,212.09164428710938,247.0,248.0,246.0,247.0,15128655
2018-08-10,210.3743133544922,245.0,247.0,244.5,246.5,15890492
2018-08-13,206.51023864746094,240.5,243.0,239.0,241.5,17881194
2018-08-14,209.08627319335938,243.5,245.0,242.5,245.0,17358913
2018-08-15,207.3689422607422,241.5,244.5,239.5,244.5,18473321
2018-08-16,205.22225952148438,239.0,241.5,238.0,238.0,19155966
2018-08-17,205.65162658691406,239.5,241.0,239.0,239.5,18324474
2018-08-20,205.65162658691406,239.5,240.0,238.0,239.5,16933437
2018-08-21,206.9395751953125,241.0,241.0,238.5,239.0,12014127
2018-08-22,207.7982635498047,242.0,242.5,240.5,241.5,12614240
2018-08-23,209.9449462890625,244.5,244.5,243.0,243.0,14839240
2018-08-24,209.08627319335938,243.5,246.0,243.0,245.5,14355943
2018-08-27,210.3743133544922,245.0,246.5,244.5,246.0,15152299
2018-08-28,214.23829650878906,249.5,250.0,248.0,248.5,36792531
2018-08-29,222.3957061767578,259.0,259.0,253.5,253.5,56993182
2018-08-30,226.2597198486328,263.5,268.0,262.5,264.5,48957808
2018-08-31,219.81967163085938,256.0,259.0,254.0,257.5,69069506
2018-09-03,220.67837524414062,257.0,260.0,256.5,259.0,26720905
2018-09-04,221.1076202392578,257.5,259.5,255.5,258.5,34304615
2018-09-05,226.68902587890625,264.0,264.5,259.0,260.0,44864459
2018-09-06,224.1129913330078,261.0,268.0,261.0,268.0,35698488
2018-09-07,226.68902587890625,264.0,264.0,260.5,263.0,38663728
2018-09-10,227.11837768554688,264.5,266.5,262.5,266.5,41659795
2018-09-11,223.2543182373047,260.0,263.5,258.0,263.0,34350276
2018-09-12,223.6836700439453,260.5,262.0,258.0,261.0,37885965
2018-09-13,218.96102905273438,255.0,260.0,253.5,260.0,37576180
2018-09-14,224.1129913330078,261.0,261.5,257.0,257.0,37903219
2018-09-17,221.53700256347656,258.0,262.5,257.0,262.5,24765758
2018-09-18,218.5316619873047,254.5,257.0,254.0,256.5,33960152
2018-09-19,221.53700256347656,258.0,260.0,257.0,258.0,59227711
2018-09-20,223.2543182373047,260.0,261.5,257.5,261.5,29649071
2018-09-21,224.54238891601562,261.5,261.5,258.0,261.5,35012974
2018-09-25,226.2597198486328,263.5,264.0,260.5,261.5,24397062
2018-09-26,226.2597198486328,263.5,263.5,261.0,263.0,24859115
2018-09-27,227.54771423339844,265.0,266.0,262.0,264.0,38495371
2018-09-28,225.4010009765625,262.5,266.0,260.0,266.0,39626486
2018-10-01,225.83033752441406,263.0,264.0,261.0,262.0,22254380
2018-10-02,221.1076202392578,257.5,263.0,257.0,262.0,38391491
2018-10-03,223.2543182373047,260.0,260.0,257.0,257.5,25228536
2018-10-04,218.10231018066406,254.0,257.5,254.0,257.0,36408727
2018-10-05,214.6676483154297,250.0,253.0,248.5,250.0,40204660
2018-10-08,209.08627319335938,243.5,246.5,241.0,245.5,50876958
2018-10-09,209.515625,244.0,245.0,242.0,243.5,28905345
2018-10-11,195.34754943847656,227.5,233.5,227.0,233.5,94589657
2018-10-12,203.50491333007812,237.0,237.0,229.0,231.0,47175769
2018-10-15,197.923583984375,230.5,234.0,230.5,234.0,42168280
2018-10-16,203.50491333007812,237.0,237.0,229.0,229.5,37818077
2018-10-17,204.79295349121094,238.5,243.0,238.0,241.5,42494858
2018-10-18,203.07562255859375,236.5,239.0,235.5,238.0,25676430
2018-10-19,202.64625549316406,236.0,236.5,230.0,231.0,28358460
2018-10-22,203.50491333007812,237.0,238.0,231.5,232.5,29275777
2018-10-23,197.49423217773438,230.0,234.0,230.0,232.0,32827745
2018-10-24,197.06491088867188,229.5,231.0,227.0,230.0,44321950
2018-10-25,188.47821044921875,219.5,222.0,219.5,220.5,75524118
2018-10-26,189.76620483398438,221.0,224.0,217.0,223.0,38439644
2018-10-29,191.05422973632812,222.5,224.0,221.0,223.0,18463792
2018-10-30,191.48353576660156,223.0,225.0,220.5,221.0,28877931
2018-10-31,200.9288787841797,234.0,234.0,228.0,228.0,57283201
2018-11-01,202.21690368652344,235.5,237.0,233.0,236.0,41974797
2018-11-02,203.07562255859375,236.5,236.5,233.5,236.5,30722361
2018-11-05,201.78759765625,235.0,235.5,232.0,233.0,25452065
2018-11-06,201.35821533203125,234.5,235.5,232.5,234.0,30468176
2018-11-07,200.9288787841797,234.0,236.0,232.5,233.0,34424652
2018-11-08,203.07562255859375,236.5,237.5,236.0,237.5,24739146
2018-11-09,198.35293579101562,231.0,234.5,231.0,234.5,23219081
2018-11-12,198.78221130371094,231.5,234.5,230.0,230.0,23228445
2018-11-13,195.34754943847656,227.5,228.0,224.5,224.5,36104127
2018-11-14,196.20623779296875,228.5,231.0,228.5,230.0,20028279
2018-11-15,198.35293579101562,231.0,232.0,228.5,229.5,22072228
2018-11-16,194.05953979492188,226.0,229.0,225.0,229.0,46738909
2018-11-19,190.62486267089844,222.0,225.0,221.0,225.0,48944754
2018-11-20,187.190185546875,218.0,220.5,218.0,219.0,41569756
2018-11-21,188.04885864257812,219.0,220.0,214.0,214.5,35206343
2018-11-22,188.04885864257812,219.0,222.0,219.0,221.5,21929610
2018-11-23,187.61949157714844,218.5,220.5,217.0,220.5,14883334
2018-11-26,191.48353576660156,223.0,224.0,218.5,219.0,30599804
2018-11-27,192.34222412109375,224.0,224.5,219.0,220.0,26584349
2018-11-28,194.48887634277344,226.5,227.0,222.0,222.5,24429026
2018-11-29,196.6355743408203,229.0,231.5,229.0,231.5,44383207
2018-11-30,193.63021850585938,225.5,231.0,225.5,229.5,55827957
2018-12-03,201.78759765625,235.0,235.0,231.0,231.0,45333986
2018-12-04,200.9288787841797,234.0,234.5,231.0,233.0,39746162
2018-12-05,194.05953979492188,226.0,227.5,225.0,226.5,42835576
2018-12-06,188.90753173828125,220.0,222.0,219.5,220.0,40149112
2018-12-07,189.76620483398438,221.0,223.5,220.5,222.5,25063568
2018-12-10,188.04885864257812,219.0,220.0,218.5,219.5,19433461
2018-12-11,191.05422973632812,222.5,223.0,219.0,220.0,27375220
2018-12-12,194.48887634277344,226.5,227.0,222.5,223.5,26433846
2018-12-13,194.05953979492188,226.0,227.5,225.0,227.0,32087141
2018-12-14,191.05422973632812,222.5,223.5,220.5,223.0,38646159
2018-12-17,191.91285705566406,223.5,225.0,220.0,221.0,18938952
2018-12-18,191.05422973632812,222.5,223.0,220.5,221.0,30203541
2018-12-19,193.63021850585938,225.5,225.5,222.0,222.0,23390082
2018-12-20,189.76620483398438,221.0,222.5,221.0,221.0,35027116
2018-12-21,191.91285705566406,223.5,224.0,219.0,219.0,43507532
2018-12-24,188.90753173828125,220.0,221.5,219.5,221.5,22976100
2018-12-25,186.76083374023438,217.5,218.0,215.0,215.5,19402777
2018-12-26,185.90216064453125,216.5,219.5,216.0,218.5,16463259
2018-12-27,191.48353576660156,223.0,224.0,220.5,222.0,21491484
2018-12-28,193.63021850585938,225.5,225.5,222.5,223.5,29456773
2019-01-02,188.47821044921875,219.5,226.5,219.0,226.5,32900482
2019-01-03,185.04348754882812,215.5,218.0,214.0,214.0,34087620
2019-01-04,178.6034698486328,208.0,211.5,206.5,211.5,65943521
2019-01-07,182.89678955078125,213.0,214.0,211.0,212.0,35442176
2019-01-08,181.17950439453125,211.0,212.5,210.0,212.0,22694481
2019-01-09,185.04348754882812,215.5,216.5,211.0,212.0,46295446
2019-01-10,185.4728546142578,216.0,216.5,214.5,216.0,20754593
2019-01-11,189.3368377685547,220.5,220.5,218.0,219.0,28102288
2019-01-14,187.61949157714844,218.5,220.0,217.0,218.5,17612296
2019-01-15,189.76620483398438,221.0,221.0,215.5,216.5,38882923
2019-01-16,186.76083374023438,217.5,220.0,217.5,218.5,28978282
2019-01-17,189.3368377685547,220.5,221.0,218.0,218.0,21163986
2019-01-18,187.61949157714844,218.5,220.0,217.5,219.0,49627569
2019-01-21,189.76620483398438,221.0,223.0,220.0,220.0,29384866
2019-01-22,191.48353576660156,223.0,223.0,219.0,220.0,28926483
2019-01-23,189.3368377685547,220.5,222.0,220.0,221.5,16671213
2019-01-24,191.05422973632812,222.5,222.5,220.5,222.5,26417924
2019-01-25,194.05953979492188,226.0,227.0,225.0,226.5,46692764
2019-01-28,196.6355743408203,229.0,229.5,228.0,229.5,26026257
2019-01-29,191.05422973632812,222.5,225.0,222.0,222.5,41122520
2019-01-30,189.76620483398438,221.0,221.5,220.0,220.5,44755945
2019-02-11,195.77688598632812,228.0,229.0,226.5,228.0,78307106
2019-02-12,197.49423217773438,230.0,230.0,229.0,230.0,29406670
2019-02-13,196.6355743408203,229.0,232.0,228.5,232.0,28634925
2019-02-14,194.91818237304688,227.0,230.0,226.0,229.5,23647751
2019-02-15,194.91818237304688,227.0,229.0,226.5,229.0,22369799
2019-02-18,197.49423217773438,230.0,230.5,228.5,229.0,16978916
2019-02-19,196.6355743408203,229.0,230.5,229.0,230.0,16577023
2019-02-20,201.35821533203125,234.5,234.5,231.0,231.5,30479710
2019-02-21,203.07562255859375,236.5,236.5,234.5,235.5,33764489
2019-02-22,203.07562255859375,236.5,236.5,234.0,235.5,22032163
2019-02-25,204.36358642578125,238.0,239.0,236.0,237.5,24105138
2019-02-26,205.65162658691406,239.5,240.0,236.5,239.0,24522789
2019-02-27,205.22225952148438,239.0,239.5,237.0,238.5,35240889
2019-03-04,202.21690368652344,235.5,239.5,234.5,239.5,39655513
2019-03-05,200.0702667236328,233.0,234.5,232.5,234.0,22641407
2019-03-06,200.9288787841797,234.0,235.5,233.5,235.0,20433226
2019-03-07,200.9288787841797,234.0,235.0,233.0,235.0,17126192
2019-03-08,197.49423217773438,230.0,231.5,229.0,231.0,22190659
2019-03-11,197.923583984375,230.5,230.5,227.5,228.0,23200793
2019-03-12,202.21690368652344,235.5,237.0,232.5,233.0,23588085
2019-03-13,203.50491333007812,237.0,237.0,234.0,234.0,20500195
2019-03-14,201.35821533203125,234.5,239.0,234.0,239.0,17175356
2019-03-15,205.22225952148438,239.0,239.5,235.5,237.0,33649729
2019-03-18,206.9395751953125,241.0,241.0,239.0,239.5,26856532
2019-03-19,206.51023864746094,240.5,240.5,238.0,239.0,14479009
2019-03-20,207.7982635498047,242.0,242.0,239.5,242.0,22975971
2019-03-21,210.8036346435547,245.5,245.5,241.0,242.5,26179502
2019-03-22,213.37962341308594,248.5,248.5,244.5,248.0,22931467
2019-03-25,207.3689422607422,241.5,243.5,240.5,240.5,19211254
2019-03-26,209.515625,244.0,244.0,241.0,243.0,19920170
2019-03-27,207.3689422607422,241.5,242.5,240.5,242.0,22590089
2019-03-28,207.7982635498047,242.0,242.5,240.0,240.5,13933054
2019-03-29,210.8036346435547,245.5,245.5,240.5,243.0,28220810
2019-04-01,210.8036346435547,245.5,251.0,245.0,251.0,35330656
2019-04-02,211.2329559326172,246.0,249.5,246.0,249.5,24105053
2019-04-03,211.66229248046875,246.5,249.0,246.5,249.0,24945323
2019-04-08,217.2436065673828,253.0,253.0,250.5,251.0,45184821
2019-04-09,218.10231018066406,254.0,254.0,252.0,253.0,22355674
2019-04-10,218.10231018066406,254.0,254.5,252.0,253.0,25849934
2019-04-11,216.385009765625,252.0,254.0,251.5,253.0,24896840
2019-04-12,216.385009765625,252.0,253.0,251.0,251.5,13548148
2019-04-15,219.39035034179688,255.5,256.0,254.0,255.0,17192002
2019-04-16,220.67837524414062,257.0,257.0,255.5,257.0,19652648
2019-04-17,224.54238891601562,261.5,263.0,259.5,260.0,37864191
2019-04-18,227.11837768554688,264.5,266.0,263.5,264.0,38006795
2019-04-19,227.11837768554688,264.5,269.5,263.5,269.0,44658699
2019-04-22,228.4063720703125,266.0,267.5,265.0,266.5,24967393
2019-04-23,230.1237030029297,268.0,268.0,266.0,266.5,25336847
2019-04-24,230.98239135742188,269.0,270.0,267.5,270.0,26449755
2019-04-25,229.69442749023438,267.5,269.0,267.0,268.5,32386724
2019-04-26,223.2543182373047,260.0,263.0,257.5,262.0,47518804
2019-04-29,222.8249969482422,259.5,262.0,258.5,260.0,31126618
2019-04-30,222.3957061767578,259.0,260.5,258.0,260.0,33799419
2019-05-02,222.3957061767578,259.0,262.5,258.5,261.5,27091394
2019-05-03,227.54771423339844,265.0,265.0,260.5,262.0,29840246
2019-05-06,222.3957061767578,259.0,260.0,258.0,260.0,32823187
2019-05-07,225.4010009765625,262.5,263.0,259.0,259.5,25686126
2019-05-08,223.2543182373047,260.0,261.5,259.5,260.0,25542364
2019-05-09,220.24896240234375,256.5,259.5,256.0,259.5,33587574
2019-05-10,219.81967163085938,256.0,259.0,255.0,257.0,18617212
2019-05-13,215.09701538085938,250.5,254.0,249.5,253.0,28284535
2019-05-14,213.37962341308594,248.5,251.0,245.0,247.5,45055708
2019-05-15,213.80894470214844,249.0,252.0,249.0,251.0,36825479
2019-05-16,212.09164428710938,247.0,249.5,246.0,248.5,29713519
2019-05-17,207.3689422607422,241.5,249.0,241.5,249.0,38647856
2019-05-20,204.36358642578125,238.0,243.0,238.0,242.5,39157661
2019-05-21,200.9288787841797,234.0,236.0,232.5,233.5,80042775
2019-05-22,204.36358642578125,238.0,240.5,235.5,236.5,34622034
2019-05-23,197.49423217773438,230.0,233.5,230.0,233.5,58752627
2019-05-24,200.0702667236328,233.0,234.0,230.0,230.0,36000789
2019-05-27,198.35293579101562,231.0,235.0,231.0,234.0,35562033
2019-05-28,197.923583984375,230.5,232.0,230.5,232.0,95240033
2019-05-29,197.06491088867188,229.5,230.5,227.0,228.0,26533236
2019-05-30,198.35293579101562,231.0,231.5,229.0,230.0,28500328
2019-05-31,202.21690368652344,235.5,237.5,231.0,232.0,46070338
2019-06-03,204.36358642578125,238.0,238.5,232.0,235.5,31054092
2019-06-04,200.0702667236328,233.0,238.0,233.0,237.5,24443428
2019-06-05,201.78759765625,235.0,238.0,234.0,238.0,29139584
2019-06-06,199.21160888671875,232.0,232.0,229.5,231.5,34651731
2019-06-10,206.0809326171875,240.0,240.0,234.5,237.5,35373888
2019-06-11,209.9449462890625,244.5,246.0,239.0,240.0,31965670
2019-06-12,211.2329559326172,246.0,247.5,243.0,244.5,29675556
2019-06-13,206.0809326171875,240.0,244.0,240.0,242.5,32981724
2019-06-14,202.64625549316406,236.0,239.5,236.0,238.5,31951556
2019-06-17,200.0702667236328,233.0,235.0,230.5,231.5,51017012
2019-06-18,202.21690368652344,235.5,235.5,233.0,234.0,28578087
2019-06-19,209.515625,244.0,244.0,240.5,242.5,50164372
2019-06-20,210.3743133544922,245.0,245.5,241.0,242.0,37836291
2019-06-21,213.37962341308594,248.5,248.5,246.0,248.0,61164304
2019-06-24,213.8232421875,241.0,242.0,240.0,241.0,43300507
2019-06-25,211.6051788330078,238.5,241.5,237.0,241.0,28559283
2019-06-26,208.0562286376953,234.5,236.5,234.0,235.0,27607041
2019-06-27,213.37962341308594,240.5,241.5,236.0,236.0,42007834
2019-06-28,212.04879760742188,239.0,241.5,238.0,241.5,25962203
2019-07-01,220.4774932861328,248.5,250.0,245.0,245.5,66307875
2019-07-02,220.92108154296875,249.0,250.0,247.5,249.5,24181202
2019-07-03,215.1540985107422,242.5,245.0,242.0,244.0,29449774
2019-07-04,216.4849395751953,244.0,245.0,242.5,244.5,17481240
2019-07-05,215.5977325439453,243.0,245.0,241.5,244.5,22867074
2019-07-08,215.1540985107422,242.5,244.5,240.0,240.0,27787909
2019-07-09,214.71046447753906,242.0,243.0,240.5,241.5,16418987
2019-07-10,219.1466827392578,247.0,247.0,243.0,243.0,23812131
2019-07-11,221.808349609375,250.0,250.0,247.5,250.0,31160289
2019-07-12,222.25201416015625,250.5,252.0,249.5,252.0,23479432
2019-07-15,225.80087280273438,254.5,254.5,249.5,251.0,29727300
2019-07-16,227.13172912597656,256.0,256.5,253.5,254.0,21361249
2019-07-17,223.58282470703125,252.0,254.0,251.0,254.0,25573648
2019-07-18,225.35731506347656,254.0,254.5,251.5,252.0,20842575
2019-07-19,229.79347229003906,259.0,261.0,259.0,259.5,59709798
2019-07-22,234.2296600341797,264.0,264.0,262.0,263.0,31522639
2019-07-23,234.2296600341797,264.0,266.5,262.5,265.5,29273223
2019-07-24,235.11685180664062,265.0,266.5,263.0,266.5,23734039
2019-07-25,235.11685180664062,265.0,265.0,261.5,264.0,30433545
2019-07-26,231.56793212890625,261.0,262.5,261.0,261.0,20438071
2019-07-29,231.56793212890625,261.0,262.0,259.5,260.0,17509320
2019-07-30,230.68064880371094,260.0,263.0,260.0,262.5,22670612
2019-07-31,230.237060546875,259.5,260.0,257.0,260.0,31635601
2019-08-01,227.57537841796875,256.5,257.5,255.5,257.5,30017526
2019-08-02,223.13922119140625,251.5,253.5,250.5,252.0,54021644
2019-08-05,218.7030792236328,246.5,252.0,245.5,251.0,51535721
2019-08-06,220.4774932861328,248.5,250.0,240.0,240.0,58625879
2019-08-07,220.03387451171875,248.0,250.5,246.5,250.0,29435460
2019-08-08,224.91372680664062,253.5,254.0,248.0,248.0,29725266
2019-08-12,222.69558715820312,251.0,254.5,251.0,254.5,21794603
2019-08-13,218.7030792236328,246.5,249.5,246.5,249.0,23121107
2019-08-14,221.36471557617188,249.5,254.0,249.5,252.5,35216703
2019-08-15,220.03387451171875,248.0,248.5,246.0,247.0,27624412
2019-08-16,221.808349609375,250.0,252.0,248.0,249.5,25370715
2019-08-19,223.58282470703125,252.0,253.0,250.5,251.5,24060514
2019-08-20,225.80087280273438,254.5,254.5,252.5,254.0,19960494
2019-08-21,225.80087280273438,254.5,255.0,253.0,254.5,20269296
2019-08-22,225.35731506347656,254.0,257.5,254.0,257.0,21900840
2019-08-23,225.35731506347656,254.0,254.5,253.0,253.5,14166877
2019-08-26,220.4774932861328,248.5,250.5,248.5,249.0,31678620
2019-08-27,221.808349609375,250.0,251.0,248.5,250.5,50234951
2019-08-28,223.58282470703125,252.0,253.0,250.5,250.5,15132882
2019-08-29,225.35731506347656,254.0,254.0,251.0,253.0,19587767
2019-08-30,229.79347229003906,259.0,259.0,256.0,256.5,35184201
2019-09-02,228.4626007080078,257.5,258.0,256.0,258.0,14614854
2019-09-03,225.35731506347656,254.0,258.0,253.0,256.5,25762495
2019-09-04,228.4626007080078,257.5,258.0,254.0,254.0,22540733
2019-09-05,233.3423614501953,263.0,263.0,260.5,263.0,48791728
2019-09-06,233.7860107421875,263.5,265.0,263.0,265.0,25408515
2019-09-10,232.0115509033203,261.5,264.0,260.5,263.5,29308866
2019-09-11,233.3423614501953,263.0,264.5,260.5,264.0,36196015
2019-09-12,232.8987579345703,262.5,265.0,261.5,265.0,26017293
2019-09-16,235.56044006347656,265.5,265.5,261.5,262.0,32573966
2019-09-17,235.11685180664062,265.0,266.5,264.5,266.5,27600844
2019-09-18,236.89134216308594,267.0,269.5,266.5,267.0,47684759
2019-09-19,236.89134216308594,265.0,268.0,264.0,268.0,25233567
2019-09-20,235.99740600585938,264.0,266.5,264.0,266.0,43868865
2019-09-23,235.99740600585938,264.0,264.0,263.0,264.0,13093208
2019-09-24,236.89134216308594,265.0,265.5,262.0,263.5,24244943
2019-09-25,237.7852783203125,266.0,266.0,262.0,262.5,21003163
2019-09-26,239.57310485839844,268.0,269.5,266.5,269.0,29940103
2019-09-27,243.14878845214844,272.0,272.5,271.0,271.5,41235817
2019-10-01,250.30029296875,280.0,280.5,273.0,273.0,71743890
2019-10-02,249.85328674316406,279.5,281.0,279.0,280.0,29295953
2019-10-03,247.1715087890625,276.5,277.5,274.0,274.0,31890864
2019-10-04,247.1715087890625,276.5,280.0,275.0,279.5,35169613
2019-10-07,248.5124053955078,278.0,279.5,277.5,279.0,17510230
2019-10-08,256.11083984375,286.5,286.5,282.5,283.5,35278551
2019-10-09,252.08810424804688,282.0,286.0,282.0,283.5,34777456
2019-10-14,259.2395324707031,290.0,291.5,288.5,291.5,46683517
2019-10-15,262.3683166503906,293.5,296.0,292.0,293.5,38018567
2019-10-16,265.0500793457031,296.5,298.0,293.5,298.0,40297144
2019-10-17,262.3683166503906,293.5,295.5,292.0,295.0,40271938
2019-10-18,261.9214172363281,293.0,295.5,291.0,293.0,45102984
2019-10-21,259.2395324707031,290.0,291.0,288.5,291.0,34634365
2019-10-22,262.8153076171875,294.0,294.0,291.5,292.5,26005020
2019-10-23,261.9214172363281,293.0,293.5,290.5,293.5,28675408
2019-10-24,261.9214172363281,293.0,294.5,291.0,294.5,29040827
2019-10-25,262.3683166503906,293.5,294.5,292.5,294.5,22682711
2019-10-28,263.2622375488281,294.5,295.5,294.0,295.0,20076561
2019-10-29,266.8380432128906,298.5,298.5,296.5,297.0,36682131
2019-10-30,267.7319641113281,299.5,299.5,296.5,298.5,32370342
2019-10-31,266.8380432128906,298.5,301.5,298.5,300.0,40944514
2019-11-01,267.2849426269531,299.0,299.5,296.5,299.5,30121678
2019-11-04,274.43634033203125,307.0,308.0,301.0,302.5,44899671
2019-11-05,277.5651550292969,310.5,310.5,307.0,307.5,32201184
2019-11-06,278.0120544433594,311.0,311.5,308.0,309.0,22149743
2019-11-07,276.2242431640625,309.0,310.0,306.5,310.0,28291659
2019-11-08,273.0953674316406,305.5,309.0,305.5,308.5,25651542
2019-11-11,269.07281494140625,301.0,305.0,300.0,305.0,35165583
2019-11-12,272.6485290527344,305.0,305.0,302.0,302.5,17540708
2019-11-13,271.7546691894531,304.0,304.0,301.5,303.0,18172438
2019-11-14,271.3076171875,303.5,305.0,302.0,304.5,15734835
2019-11-15,274.43634033203125,307.0,307.5,304.5,305.5,28848445
2019-11-18,278.0120544433594,311.0,311.0,307.0,308.5,18691325
2019-11-19,281.5877685546875,315.0,315.0,311.0,312.5,31634197
2019-11-20,280.2469177246094,313.5,314.0,312.0,314.0,22387973
2019-11-21,278.0120544433594,311.0,311.0,307.0,309.5,28108833
2019-11-22,276.2242431640625,309.0,310.5,308.0,310.0,24737984
2019-11-25,274.43634033203125,307.0,310.5,307.0,310.5,19530177
2019-11-26,274.43634033203125,307.0,310.5,307.0,310.0,101224622
2019-11-27,278.0120544433594,311.0,311.5,307.5,307.5,18467648
2019-11-28,276.6712341308594,309.5,312.0,308.5,310.0,19077982
2019-11-29,272.6485290527344,305.0,309.5,305.0,309.0,30963561
2019-12-02,274.8833312988281,307.5,308.0,306.5,307.0,24016807
2019-12-03,274.43634033203125,307.0,307.0,305.0,305.0,24690319
2019-12-04,273.5424499511719,306.0,306.0,304.0,305.0,25492686
2019-12-05,278.9059753417969,312.0,312.0,309.0,309.0,34521842
2019-12-06,279.7998962402344,313.0,316.0,311.0,315.0,17695703
2019-12-09,282.4817199707031,316.0,316.5,314.0,314.0,23256081
2019-12-10,280.2469177246094,313.5,315.5,312.5,315.0,20570594
2019-12-11,285.1634826660156,319.0,319.0,313.0,314.0,31223148
2019-12-12,296.33758544921875,331.5,334.5,324.0,325.0,52742851
2019-12-13,303.0421142578125,339.0,343.0,338.0,340.0,58198939
2019-12-16,300.3603210449219,336.0,338.5,336.0,336.5,102188
2019-12-17,308.4056396484375,345.0,345.0,335.0,335.0,40813458
2019-12-18,307.9587097167969,344.5,345.0,341.5,341.5,39682841
2019-12-19,301.6554260253906,335.0,342.0,335.0,340.0,54888012
2019-12-20,296.25274658203125,329.0,333.0,328.5,332.0,86280459
2019-12-23,300.75494384765625,334.0,334.0,329.5,329.5,26639340
2019-12-24,298.9541320800781,332.0,334.5,332.0,334.0,13488907
2019-12-25,299.8545227050781,333.0,334.5,331.0,332.0,12262954
2019-12-26,299.8545227050781,333.0,334.0,331.5,333.0,11427884
2019-12-27,304.35687255859375,338.0,338.0,335.0,335.0,16677806
2019-12-30,301.20526123046875,334.5,339.0,334.0,338.0,21531263
2019-12-31,298.0536193847656,331.0,333.5,331.0,331.0,22890517
2020-01-02,305.25738525390625,339.0,339.0,332.5,332.5,31754120
2020-01-03,305.70751953125,339.5,345.0,335.5,344.0,41811268
2020-01-06,298.9541320800781,332.0,334.5,332.0,333.0,45343057
2020-01-07,296.70294189453125,329.5,333.0,326.5,332.5,50879181
2020-01-08,296.70294189453125,329.5,333.0,325.0,325.0,37567748
2020-01-09,303.9066467285156,337.5,337.5,333.5,335.0,31481504
2020-01-10,305.70751953125,339.5,341.0,336.0,340.5,27032115
2020-01-13,307.50848388671875,341.5,342.0,339.0,342.0,30663332
2020-01-14,311.5605773925781,346.0,346.0,344.5,345.5,30223993
2020-01-15,306.1578369140625,340.0,345.0,337.5,345.0,47434274
2020-01-16,301.20526123046875,334.5,336.5,330.0,330.0,55211420
2020-01-17,299.8545227050781,333.0,335.5,332.0,334.0,52060097
2020-01-20,299.8545227050781,333.0,335.5,333.0,334.0,32658203
2020-01-30,284.99688720703125,316.5,326.0,316.5,326.0,125451049
2020-01-31,288.14849853515625,320.0,323.5,319.0,323.0,62526055
2020-02-03,283.64617919921875,315.0,316.5,312.0,315.0,59560849
2020-02-04,292.6508483886719,325.0,337.0,325.0,336.5,51890496
2020-02-05,294.9019775390625,327.5,329.5,324.5,329.0,36601453
2020-02-06,299.4043273925781,332.5,332.5,329.0,329.5,29267094
2020-02-07,295.3521728515625,328.0,330.5,326.0,330.0,28798327
2020-02-10,294.9019775390625,327.5,328.0,321.0,321.5,30632424
2020-02-11,298.5037841796875,331.5,332.5,330.0,330.5,27524935
2020-02-12,301.6554260253906,335.0,336.0,333.0,333.5,37612639
2020-02-13,301.6554260253906,335.0,338.0,335.0,338.0,22757021
2020-02-14,301.6554260253906,335.0,337.0,334.5,337.0,16933683
2020-02-17,298.5037841796875,331.5,333.0,330.5,331.5,15937079
2020-02-18,289.9494323730469,322.0,326.5,322.0,324.5,61825604
2020-02-19,294.00152587890625,326.5,327.0,322.0,322.5,38781218
2020-02-20,293.10107421875,325.5,329.0,325.0,328.0,27011736
2020-02-21,292.6508483886719,325.0,326.5,323.0,325.5,22813534
2020-02-24,288.14849853515625,320.0,321.5,319.5,319.5,41693680
2020-02-25,289.9494323730469,322.0,323.5,317.5,320.0,36195011
2020-02-26,286.7978210449219,318.5,320.5,316.5,317.0,60479362
2020-02-27,284.5466003417969,316.0,320.0,315.0,319.0,61250927
2020-03-02,280.0442810058594,311.0,317.0,308.0,308.0,79912942
2020-03-03,285.8973083496094,317.5,320.0,316.0,318.5,49679411
2020-03-04,288.5987548828125,320.5,322.0,317.0,322.0,42941146
2020-03-05,290.8498840332031,323.0,326.0,323.0,325.0,37861525
2020-03-06,283.64617919921875,315.0,320.5,315.0,320.0,51546760
2020-03-09,275.09173583984375,305.5,310.0,305.5,307.5,87871277
2020-03-10,276.4425048828125,307.0,309.0,301.0,301.5,71950130
2020-03-11,271.9401550292969,302.0,310.5,302.0,309.0,62216710
2020-03-12,264.7364807128906,294.0,299.0,287.0,299.0,113527351
2020-03-13,261.134521484375,290.0,294.0,272.5,275.0,149995148
2020-03-16,248.97828674316406,276.5,291.0,275.5,285.0,103873228
2020-03-17,241.32431030273438,268.0,276.5,265.0,265.0,121323651
2020-03-18,234.12063598632812,260.0,272.5,260.0,269.5,117437643
2020-03-19,225.4832305908203,248.0,253.0,235.5,252.0,160811697
2020-03-20,245.4857940673828,270.0,270.0,256.0,258.5,157664726
2020-03-23,231.84765625,255.0,262.5,252.0,257.0,76466709
2020-03-24,243.2127685546875,267.5,274.0,266.0,268.0,81952933
2020-03-25,251.85020446777344,277.0,280.0,274.0,276.5,79447199
2020-03-26,254.57785034179688,280.0,280.0,275.5,279.5,52845633
2020-03-27,248.21337890625,273.0,286.0,273.0,284.0,68752306
2020-03-30,243.2127685546875,267.5,269.0,262.5,263.5,49159956
2020-03-31,249.12261962890625,274.0,274.0,269.5,273.0,48837923
2020-04-01,246.8495635986328,271.5,276.5,271.5,276.5,44515034
2020-04-06,250.48634338378906,275.5,275.5,270.0,273.0,56392754
2020-04-07,257.305419921875,283.0,284.0,280.5,283.5,48787346
2020-04-08,259.1238098144531,285.0,285.5,283.0,285.0,37912826
2020-04-09,257.305419921875,283.0,288.0,282.5,287.5,27620430
2020-04-10,254.1231231689453,279.5,282.0,279.0,280.0,27252858
2020-04-13,253.21400451660156,278.5,281.5,278.5,278.5,22196596
2020-04-14,259.1238098144531,285.0,285.5,280.0,281.0,48809688
2020-04-15,261.3968811035156,287.5,288.5,286.0,287.0,55216434
2020-04-16,260.48760986328125,286.5,288.5,283.0,283.0,47815280
2020-04-17,278.6717529296875,306.5,308.5,300.5,303.5,116368201
2020-04-20,276.39874267578125,304.0,309.0,302.5,308.0,41381669
2020-04-21,268.2159118652344,295.0,301.5,293.5,300.5,61479357
2020-04-22,267.30670166015625,294.0,295.0,290.5,294.5,42192580
2020-04-23,268.6705017089844,295.5,300.0,294.0,300.0,39474478
2020-04-24,267.30670166015625,294.0,297.0,294.0,295.5,26008090
2020-04-27,270.9434814453125,298.0,298.5,296.0,298.0,38493406
2020-04-28,269.57965087890625,296.5,298.5,294.5,298.5,37395165
2020-04-29,271.8526611328125,299.0,301.5,298.0,299.0,44059301
2020-04-30,276.8533630371094,304.5,305.0,301.5,302.0,55126085
2020-05-04,268.2159118652344,295.0,296.5,294.0,294.5,71581861
2020-05-05,268.6705017089844,295.5,298.0,295.0,296.5,23547405
2020-05-06,269.1250915527344,296.0,296.0,292.5,294.5,34240479
2020-05-07,270.4888916015625,297.5,299.0,294.5,294.5,27621198
2020-05-08,270.4888916015625,297.5,300.0,296.0,300.0,32295893
2020-05-11,273.671142578125,301.0,301.5,298.5,300.0,28727019
2020-05-12,268.2159118652344,295.0,298.5,295.0,297.5,52089788
2020-05-13,270.0343322753906,297.0,297.0,292.5,293.0,26156418
2020-05-14,266.3974914550781,293.0,295.0,292.5,293.0,34315948
2020-05-15,270.9434814453125,298.0,298.5,294.5,297.5,42494804
2020-05-18,263.6698303222656,290.0,293.5,290.0,291.0,84986065
2020-05-19,265.0336608886719,291.5,294.0,291.5,294.0,51250214
2020-05-20,267.30670166015625,294.0,294.0,291.0,293.0,32677994
2020-05-21,270.4888916015625,297.5,298.0,295.0,296.0,30997468
2020-05-22,265.48828125,292.0,295.0,291.0,294.5,40192923
2020-05-25,265.48828125,292.0,293.0,288.5,290.5,26803223
2020-05-26,268.6705017089844,295.5,297.5,293.5,295.0,33856481
2020-05-27,269.57965087890625,296.5,298.0,295.5,297.0,23375959
2020-05-28,267.30670166015625,294.0,298.5,293.0,298.5,28444568
2020-05-29,265.48828125,292.0,292.5,290.0,292.0,79774181
2020-06-01,268.6705017089844,295.5,296.5,293.5,294.0,35811214
2020-06-02,269.57965087890625,296.5,297.5,296.0,296.0,24771587
2020-06-03,273.671142578125,301.0,301.0,298.0,300.0,65176337
2020-06-04,278.2171325683594,306.0,306.0,304.0,305.0,46572451
2020-06-05,283.2177734375,311.5,312.0,308.0,308.5,42981262
2020-06-08,289.127685546875,318.0,319.0,315.0,316.0,50302921
2020-06-09,290.0368957519531,319.0,319.0,314.0,316.5,36417082
2020-06-10,293.2190246582031,322.5,324.0,318.0,319.0,39984259
2020-06-11,291.4007263183594,320.5,327.0,318.5,325.5,50104255
2020-06-12,287.3091735839844,316.0,317.5,312.5,313.0,45992918
2020-06-15,281.3993225097656,309.5,317.5,308.5,316.0,51032404
2020-06-16,286.4000244140625,315.0,317.0,314.0,317.0,36608216
2020-06-17,286.4000244140625,315.0,317.0,313.5,316.5,34522968
2020-06-18,288.2330322265625,314.5,315.0,313.0,314.5,29044474
2020-06-19,288.2330322265625,314.5,314.5,312.0,314.0,48130280
2020-06-22,285.94183349609375,312.0,316.5,312.0,314.5,37374616
2020-06-23,288.6912841796875,315.0,316.5,312.5,316.0,41300084
2020-06-24,290.9824523925781,317.5,320.0,316.0,319.0,54147024
2020-06-29,285.94183349609375,312.0,315.0,310.0,314.0,56580892
2020-06-30,286.8583068847656,313.0,314.0,311.0,313.5,48991860
2020-07-01,290.9824523925781,317.5,318.0,314.0,315.0,29532342
2020-07-02,295.10662841796875,322.0,322.0,318.0,319.0,34526178
2020-07-03,301.9801940917969,329.5,330.5,326.5,327.0,53341987
2020-07-06,309.770263671875,338.0,338.0,332.0,332.5,57256220
2020-07-07,310.2285461425781,338.5,346.0,338.0,343.5,59046323
2020-07-08,312.51971435546875,341.0,342.5,337.5,337.5,30720218
2020-07-09,316.1856689453125,345.0,347.0,343.0,346.0,35522376
2020-07-10,319.3932800292969,348.5,353.0,345.5,352.5,60902108
2020-07-13,324.8922424316406,354.5,354.5,350.5,351.0,48069523
2020-07-14,333.1405944824219,363.5,364.0,354.5,355.0,61764150
2020-07-15,332.6822509765625,363.0,370.0,361.0,366.0,73438362
2020-07-16,327.6416320800781,357.5,361.0,353.5,359.0,68220512
2020-07-17,336.34814453125,367.0,369.0,360.0,361.0,65727485
2020-07-20,335.4317626953125,366.0,370.0,362.5,370.0,42769238
2020-07-21,351.0118408203125,383.0,387.0,371.5,372.5,64219128
2020-07-22,351.9283447265625,384.0,386.0,379.0,381.0,43759670
2020-07-23,349.63714599609375,381.5,383.0,379.0,382.0,45209282
2020-07-24,353.76129150390625,386.0,395.0,382.0,390.0,86682734
2020-07-27,389.0457458496094,424.5,424.5,416.5,420.5,99333798
2020-07-28,398.6688537597656,435.0,466.5,428.5,464.0,166307746
2020-07-29,386.7546081542969,422.0,431.5,419.5,428.0,85663166
2020-07-30,397.75238037109375,434.0,441.0,428.5,436.5,69293949
2020-07-31,389.9622497558594,425.5,432.0,425.5,426.0,49897674
2020-08-03,381.2557067871094,416.0,424.0,415.0,420.5,76429571
2020-08-04,389.9622497558594,425.5,425.5,418.5,421.5,41223445
2020-08-05,393.169921875,429.0,433.5,426.0,430.5,47223834
2020-08-06,398.6688537597656,435.0,438.0,431.0,437.5,41029627
2020-08-07,396.8359069824219,433.0,434.0,428.0,433.5,36589460
2020-08-10,399.1270446777344,435.5,437.5,427.5,427.5,36067500
2020-08-11,393.169921875,429.0,435.0,429.0,432.0,34545313
2020-08-12,384.0052185058594,419.0,423.5,419.0,422.0,52143474
2020-08-13,393.169921875,429.0,429.0,424.5,428.0,44352335
2020-08-14,391.3370361328125,427.0,428.0,423.0,424.0,23419955
2020-08-17,398.6688537597656,435.0,435.0,425.5,427.0,34137731
2020-08-18,396.8359069824219,433.0,440.5,432.0,440.0,41643160
2020-08-19,391.7952575683594,427.5,436.5,427.5,436.0,31486800
2020-08-20,380.3392639160156,415.0,427.5,401.0,427.0,75097235
2020-08-21,389.0457458496094,424.5,427.0,420.0,421.5,41609467
2020-08-24,392.2534484863281,428.0,434.5,425.0,427.5,48375406
2020-08-25,398.2105712890625,434.5,436.0,430.5,433.5,35977899
2020-08-26,405.0841979980469,442.0,442.0,435.0,435.5,39243340
2020-08-27,406.9171447753906,444.0,453.5,444.0,448.0,53072712
2020-08-28,398.6688537597656,435.0,440.5,431.0,440.0,56842210
2020-08-31,390.8786926269531,426.5,439.5,426.5,437.0,81480538
2020-09-01,398.6688537597656,435.0,435.0,428.0,430.0,37429577
2020-09-02,396.8359069824219,433.0,441.0,430.5,441.0,34871407
2020-09-03,399.5852966308594,436.0,439.5,433.5,439.5,34951617
2020-09-04,393.169921875,429.0,432.5,427.0,427.0,46119911
2020-09-07,390.4205322265625,426.0,432.5,425.0,428.0,32019312
2020-09-08,395.0029296875,431.0,433.0,427.5,428.0,23714670
2020-09-09,391.3370361328125,427.0,428.0,423.0,425.0,40551362
2020-09-10,398.6688537597656,435.0,435.0,430.5,432.5,35098921
2020-09-11,400.0436096191406,436.5,436.5,432.5,435.5,34298469
2020-09-14,404.167724609375,441.0,442.0,435.5,436.0,39085833
2020-09-15,407.8336181640625,445.0,447.0,439.5,440.5,39061449
2020-09-16,419.7479248046875,458.0,462.0,455.5,460.0,64261238
2020-09-17,413.29730224609375,448.5,455.0,446.5,453.0,42058506
2020-09-18,409.1505432128906,444.0,449.5,443.0,447.0,52454922
2020-09-21,405.4644775390625,440.0,450.0,440.0,443.5,39463920
2020-09-22,402.699951171875,437.0,441.0,436.0,440.0,36130639
2020-09-23,399.47467041015625,433.5,438.5,432.0,436.0,45710963
2020-09-24,389.798828125,423.0,429.0,423.0,425.5,79806381
2020-09-25,390.7203063964844,424.0,428.0,421.0,427.0,38775269
2020-09-28,397.63165283203125,431.5,431.5,424.5,427.0,34156973
2020-09-29,397.1708984375,431.0,435.0,428.0,432.5,32230502
2020-09-30,399.013916015625,433.0,435.0,430.5,430.5,27334204
2020-10-05,398.5531921386719,432.5,438.0,431.5,438.0,32945832
2020-10-06,405.0036926269531,439.5,442.0,437.5,441.5,35775395
2020-10-07,408.22906494140625,443.0,445.0,435.0,435.0,42926239
2020-10-08,417.44415283203125,453.0,454.0,448.5,450.0,60853811
2020-10-12,423.8946533203125,460.0,462.0,457.5,458.0,64719223
2020-10-13,425.7377624511719,462.0,465.0,456.5,465.0,45750738
2020-10-14,422.97320556640625,459.0,461.0,457.0,460.5,40809241
2020-10-15,417.44415283203125,453.0,456.5,450.0,456.0,47775028
2020-10-16,413.7580871582031,449.0,456.0,448.5,451.0,46876801
2020-10-19,421.5909423828125,457.5,457.5,451.0,453.0,34470906
2020-10-20,415.6011047363281,451.0,457.0,451.0,455.5,25205638
2020-10-21,417.44415283203125,453.0,456.0,451.0,453.5,28058921
2020-10-22,419.287109375,455.0,455.0,449.5,450.0,23438547
2020-10-23,416.5225830078125,452.0,458.0,451.5,458.0,18777385
2020-10-26,414.67962646484375,450.0,455.0,450.0,455.0,15059581
2020-10-27,411.9150695800781,447.0,448.5,445.5,447.5,20117660
2020-10-28,409.1505432128906,444.0,447.0,443.0,445.0,24710230
2020-10-29,402.699951171875,437.0,439.5,435.5,436.5,41285612
2020-10-30,398.0924377441406,432.0,437.0,432.0,437.0,47668895
2020-11-02,401.31768798828125,435.5,435.5,428.0,433.0,33477443
2020-11-03,406.385986328125,441.0,443.0,438.0,439.5,30328495
2020-11-04,414.67962646484375,450.0,451.5,443.0,444.5,37512790
2020-11-05,415.6011047363281,451.0,451.5,445.5,451.5,34886108
2020-11-06,416.9834289550781,452.5,455.5,450.0,455.0,30154140
2020-11-09,422.512451171875,458.5,460.0,454.0,458.0,39245881
2020-11-10,415.6011047363281,451.0,454.5,448.5,452.0,34820499
2020-11-11,421.1301574707031,457.0,457.0,448.5,448.5,36765561
2020-11-12,422.05169677734375,458.0,463.5,457.5,463.0,40100880
2020-11-13,425.7377624511719,462.0,462.0,456.5,459.0,31037438
2020-11-16,446.01092529296875,484.0,484.5,469.0,470.0,81994937
2020-11-17,447.3931884765625,485.5,506.0,485.5,502.0,72413868
2020-11-18,457.9905700683594,497.0,497.0,486.5,490.0,50387727
2020-11-19,451.53997802734375,490.0,499.0,490.0,499.0,44220053
2020-11-20,449.69696044921875,488.0,490.0,486.0,486.0,32281453
2020-11-23,457.5298156738281,496.5,498.5,492.0,494.5,38084006
2020-11-24,453.383056640625,492.0,500.0,491.5,499.5,35479226
2020-11-25,448.77545166015625,487.0,495.5,487.0,495.0,41419632
2020-11-26,450.6184997558594,489.0,493.5,488.0,489.0,28893033
2020-11-27,450.6184997558594,489.0,492.0,486.5,487.5,32960189
2020-11-30,442.78558349609375,480.5,493.5,480.5,493.0,119895176
2020-12-01,451.53997802734375,490.0,490.0,483.5,489.5,37018651
2020-12-02,459.83355712890625,499.0,500.0,493.5,499.5,50621339
2020-12-03,457.9905700683594,497.0,499.5,495.0,499.5,35651379
2020-12-04,463.5196228027344,503.0,505.0,497.5,498.5,51172005
2020-12-07,473.65618896484375,514.0,515.0,506.0,512.0,44271244
2020-12-08,482.8714294433594,524.0,525.0,509.0,514.0,40771761
2020-12-09,479.185302734375,520.0,524.0,520.0,521.0,43314115
2020-12-10,471.8132019042969,512.0,515.0,510.0,511.0,42556926
2020-12-11,475.4992980957031,516.0,517.0,505.0,517.0,45660960
2020-12-14,468.127197265625,508.0,513.0,508.0,512.0,30260485
2020-12-15,464.4411315917969,504.0,510.0,504.0,507.0,39852366
2020-12-16,471.8132019042969,512.0,515.0,507.0,509.0,52012348
2020-12-17,470.4241638183594,508.0,515.0,508.0,515.0,38215179
2020-12-18,472.27630615234375,510.0,512.0,507.0,508.0,39924864
2020-12-21,477.8324279785156,516.0,517.0,508.0,512.0,34813281
2020-12-22,471.35015869140625,509.0,516.0,509.0,512.0,22454277
2020-12-23,471.35015869140625,509.0,511.0,506.0,508.0,18086715
2020-12-24,472.27630615234375,510.0,512.0,508.0,511.0,14950143
2020-12-25,473.2023010253906,511.0,515.0,510.0,514.0,12327895
2020-12-28,476.9063720703125,515.0,515.0,509.0,512.0,19087382
2020-12-29,476.9063720703125,515.0,517.0,513.0,515.0,19907528
2020-12-30,486.1667175292969,525.0,525.0,514.0,516.0,46292401
2020-12-31,490.796875,530.0,530.0,524.0,526.0,29970398
2021-01-04,496.35321044921875,536.0,540.0,528.0,530.0,38770328
2021-01-05,501.9092712402344,542.0,542.0,535.0,536.0,34411866
2021-01-06,508.3915100097656,549.0,555.0,541.0,555.0,53030554
2021-01-07,523.2078857421875,565.0,570.0,553.0,554.0,51166782
2021-01-08,537.098388671875,580.0,580.0,571.0,580.0,59563555
2021-01-11,540.8026733398438,584.0,584.0,574.0,577.0,48810990
2021-01-12,547.2848510742188,591.0,597.0,582.0,583.0,50232426
2021-01-13,560.2492065429688,605.0,605.0,593.0,595.0,62662393
2021-01-14,548.210693359375,592.0,597.0,587.0,587.0,75288477
2021-01-15,556.5452270507812,601.0,625.0,601.0,621.0,92010500
2021-01-18,562.1013793945312,607.0,608.0,594.0,608.0,45726476
2021-01-19,580.6218872070312,627.0,632.0,613.0,618.0,50672866
2021-01-20,599.1426391601562,647.0,650.0,631.0,633.0,82066422
2021-01-21,623.2194213867188,673.0,679.0,640.0,640.0,89019137
2021-01-22,600.9945678710938,649.0,665.0,649.0,649.0,125179403
2021-01-25,586.1781616210938,633.0,646.0,626.0,642.0,93050133
2021-01-26,571.3616943359375,617.0,640.0,610.0,632.0,100153482
2021-01-27,569.5096435546875,615.0,625.0,611.0,618.0,59985191
2021-01-28,556.5452270507812,601.0,608.0,598.0,600.0,96447533
2021-01-29,547.2848510742188,591.0,619.0,591.0,619.0,90745237
2021-02-01,565.8053588867188,611.0,612.0,587.0,595.0,67462398
2021-02-02,585.2521362304688,632.0,638.0,622.0,629.0,78429188
2021-02-03,583.4000854492188,630.0,642.0,630.0,638.0,48738970
2021-02-04,580.6218872070312,627.0,632.0,620.0,626.0,46371900
2021-02-05,585.2521362304688,632.0,641.0,631.0,638.0,53267273
2021-02-17,613.959228515625,663.0,668.0,660.0,663.0,107614290
2021-02-18,611.1809692382812,660.0,665.0,656.0,664.0,53109010
2021-02-19,603.7728881835938,652.0,657.0,647.0,656.0,50279585
2021-02-22,601.9207153320312,650.0,662.0,650.0,660.0,36474610
2021-02-23,593.58642578125,641.0,643.0,633.0,641.0,50076333
2021-02-24,578.7698364257812,625.0,636.0,625.0,627.0,66206750
2021-02-25,588.0302734375,635.0,636.0,628.0,636.0,43231417
2021-02-26,561.17529296875,606.0,618.0,606.0,611.0,111861175
2021-03-02,563.9534912109375,609.0,622.0,609.0,621.0,54041533
2021-03-03,575.9918212890625,622.0,622.0,601.0,609.0,48252965
2021-03-04,556.5452270507812,601.0,611.0,601.0,609.0,67711962
2021-03-05,556.5452270507812,601.0,605.0,584.0,588.0,79918467
2021-03-08,553.76708984375,598.0,610.0,598.0,608.0,43219772
2021-03-09,550.9888305664062,595.0,595.0,585.0,585.0,68768861
2021-03-10,552.8410034179688,597.0,601.0,593.0,601.0,40146301
2021-03-11,563.9534912109375,609.0,612.0,595.0,596.0,54416046
2021-03-12,568.5836181640625,614.0,618.0,609.0,615.0,33168846
2021-03-15,565.8053588867188,611.0,614.0,609.0,614.0,27416758
2021-03-16,567.657470703125,613.0,613.0,607.0,610.0,36949425
2021-03-17,561.6136474609375,604.0,612.0,602.0,612.0,39517807
2021-03-18,559.7539672851562,602.0,609.0,602.0,606.0,29415526
2021-03-19,549.5258178710938,591.0,598.0,591.0,594.0,70866028
2021-03-22,551.3856201171875,593.0,598.0,586.0,588.0,34089033
2021-03-23,552.3154296875,594.0,603.0,593.0,597.0,29374037
2021-03-24,535.57861328125,576.0,582.0,571.0,571.0,107253959
2021-03-25,534.6488037109375,575.0,581.0,570.0,572.0,67833354
2021-03-26,548.5961303710938,590.0,592.0,580.0,582.0,36829858
2021-03-29,556.9645385742188,599.0,602.0,596.0,599.0,37884733
2021-03-30,555.10498046875,597.0,600.0,592.0,600.0,33099123
2021-03-31,545.8067016601562,587.0,597.0,587.0,596.0,38790886
2021-04-01,559.7539672851562,602.0,602.0,594.0,598.0,43091157
2021-04-07,567.1925659179688,610.0,614.0,608.0,614.0,24603109
2021-04-08,569.982177734375,613.0,613.0,603.0,606.0,23976625
2021-04-09,567.1925659179688,610.0,618.0,609.0,618.0,27303862
2021-04-12,562.5435791015625,605.0,613.0,603.0,612.0,22606128
2021-04-13,562.5435791015625,605.0,613.0,604.0,604.0,25971622
2021-04-14,569.0523071289062,612.0,612.0,600.0,608.0,30077913
2021-04-15,575.56103515625,619.0,619.0,607.0,612.0,33530942
2021-04-16,567.1925659179688,610.0,611.0,603.0,610.0,48507383
2021-04-19,560.6838989257812,603.0,607.0,601.0,605.0,24231637
2021-04-20,559.7539672851562,602.0,602.0,595.0,598.0,34771635
2021-04-21,550.4556884765625,592.0,599.0,592.0,599.0,38458220
2021-04-22,549.5258178710938,591.0,598.0,591.0,596.0,33868521
2021-04-23,559.7539672851562,602.0,602.0,590.0,592.0,27754511
2021-04-26,567.1925659179688,610.0,610.0,603.0,605.0,30887664
2021-04-27,567.1925659179688,610.0,611.0,605.0,608.0,26317481
2021-04-28,559.7539672851562,602.0,608.0,601.0,606.0,24024054
2021-04-29,557.8944091796875,600.0,609.0,600.0,609.0,31828333
2021-05-03,546.7364501953125,588.0,597.0,588.0,595.0,41762441
2021-05-04,549.5258178710938,591.0,594.0,582.0,588.0,40273595
2021-05-05,543.9470825195312,585.0,594.0,585.0,594.0,29254785
2021-05-06,545.8067016601562,587.0,590.0,580.0,590.0,30725590
2021-05-07,556.9645385742188,599.0,600.0,589.0,594.0,28075722
2021-05-10,547.6663208007812,589.0,597.0,588.0,596.0,20434079
2021-05-11,530.9295043945312,571.0,580.0,570.0,579.0,59349193
2021-05-12,520.7013549804688,560.0,571.0,518.0,567.0,131741482
2021-05-13,508.61376953125,547.0,563.0,541.0,547.0,66765627
2021-05-14,517.9119873046875,557.0,562.0,552.0,556.0,37533726
2021-05-17,510.473388671875,549.0,558.0,541.0,544.0,56270958
2021-05-18,531.8592529296875,572.0,573.0,555.0,563.0,43689316
2021-05-19,527.2101440429688,567.0,572.0,565.0,571.0,28908777
2021-05-20,527.2101440429688,567.0,571.0,560.0,567.0,29709287
2021-05-21,532.7891235351562,573.0,577.0,568.0,572.0,27376731
2021-05-24,528.1399536132812,568.0,572.0,566.0,570.0,15629736
2021-05-25,542.08740234375,583.0,584.0,573.0,576.0,33039911
2021-05-26,543.9470825195312,585.0,588.0,581.0,587.0,18703987
2021-05-27,541.157470703125,582.0,582.0,573.0,580.0,62169719
2021-05-28,548.5961303710938,590.0,592.0,582.0,587.0,29086873
2021-05-31,555.10498046875,597.0,597.0,590.0,595.0,30657474
2021-06-01,556.03466796875,598.0,599.0,595.0,598.0,17818326
2021-06-02,553.2450561523438,595.0,600.0,593.0,600.0,21872755
2021-06-03,554.1751098632812,596.0,600.0,596.0,600.0,21077164
2021-06-04,553.2450561523438,595.0,595.0,590.0,591.0,15756180
2021-06-07,550.4556884765625,592.0,595.0,583.0,594.0,17077625
2021-06-08,547.6663208007812,589.0,595.0,588.0,590.0,13396324
2021-06-09,544.8767700195312,586.0,588.0,583.0,586.0,20023490
2021-06-10,556.9645385742188,599.0,599.0,587.0,591.0,28527745
2021-06-11,559.7539672851562,602.0,603.0,600.0,602.0,24227710
2021-06-15,566.2628784179688,609.0,609.0,606.0,607.0,26012250
2021-06-16,562.5435791015625,605.0,608.0,605.0,608.0,25856919
2021-06-17,565.8114624023438,606.0,606.0,598.0,601.0,22872361
2021-06-18,563.0103759765625,603.0,608.0,601.0,608.0,32652017
2021-06-21,544.336669921875,583.0,594.0,583.0,590.0,44279632
2021-06-22,539.6683349609375,578.0,588.0,578.0,585.0,27823974
2021-06-23,555.5406494140625,595.0,598.0,581.0,583.0,34392376
2021-06-24,550.8724365234375,590.0,598.0,588.0,598.0,16524230
2021-06-25,551.8060302734375,591.0,598.0,589.0,598.0,18841696
2021-06-28,550.8724365234375,590.0,590.0,586.0,590.0,15028407
2021-06-29,555.5406494140625,595.0,598.0,591.0,598.0,28659610
2021-06-30,555.5406494140625,595.0,599.0,595.0,599.0,24883853
2021-07-01,553.6735229492188,593.0,597.0,591.0,596.0,18250994
2021-07-02,549.0050659179688,588.0,593.0,587.0,590.0,18322419
2021-07-05,551.8060302734375,591.0,597.0,588.0,588.0,28836816
2021-07-06,552.7396850585938,592.0,596.0,589.0,595.0,12997112
2021-07-07,554.607177734375,594.0,594.0,588.0,590.0,16966158
2021-07-08,549.0050659179688,588.0,595.0,588.0,595.0,21140426
2021-07-09,545.2703247070312,584.0,585.0,580.0,582.0,29029415
2021-07-12,553.6735229492188,593.0,597.0,590.0,595.0,31304547
2021-07-13,566.7451171875,607.0,608.0,599.0,600.0,52540315
2021-07-14,572.3472290039062,613.0,615.0,608.0,613.0,38418875
2021-07-15,573.2809448242188,614.0,614.0,608.0,613.0,22012834
2021-07-16,549.9387817382812,589.0,595.0,588.0,591.0,57970545
2021-07-19,543.4029541015625,582.0,584.0,578.0,583.0,40644341
2021-07-20,542.4691772460938,581.0,584.0,579.0,579.0,15354333
2021-07-21,546.2041015625,585.0,586.0,580.0,586.0,25828732
2021-07-22,551.8060302734375,591.0,594.0,587.0,589.0,26058172
2021-07-23,546.2041015625,585.0,592.0,583.0,592.0,15271451
2021-07-26,541.5357055664062,580.0,591.0,580.0,591.0,21619179
2021-07-27,541.5357055664062,580.0,584.0,580.0,581.0,17785992
2021-07-28,540.6019897460938,579.0,579.0,573.0,576.0,36158305
2021-07-29,544.336669921875,583.0,585.0,577.0,585.0,23224896
2021-07-30,541.5357055664062,580.0,582.0,578.0,581.0,18999281
2021-08-02,550.8724365234375,590.0,590.0,580.0,583.0,23482491
2021-08-03,554.607177734375,594.0,594.0,590.0,594.0,22747702
2021-08-04,556.4745483398438,596.0,598.0,594.0,598.0,20313271
2021-08-05,556.4745483398438,596.0,598.0,593.0,598.0,15116242
2021-08-06,551.8060302734375,591.0,596.0,588.0,596.0,13687213
2021-08-09,555.5406494140625,595.0,595.0,583.0,590.0,17390951
2021-08-10,551.8060302734375,591.0,596.0,589.0,596.0,17190865
2021-08-11,550.8724365234375,590.0,590.0,585.0,590.0,19969687
2021-08-12,547.1376953125,586.0,588.0,584.0,586.0,15444622
2021-08-13,542.4691772460938,581.0,585.0,579.0,585.0,22524428
2021-08-16,545.2703247070312,584.0,586.0,578.0,582.0,19315705
2021-08-17,545.2703247070312,584.0,584.0,584.0,584.0,0
2021-08-18,535.9334716796875,574.0,575.0,566.0,568.0,43716164
2021-08-19,521.9282836914062,559.0,573.0,559.0,573.0,38868947
2021-08-20,515.3925170898438,552.0,563.0,551.0,560.0,45614061
2021-08-23,528.464111328125,566.0,572.0,559.0,560.0,33685159
2021-08-24,534.066162109375,572.0,575.0,571.0,574.0,24844800
2021-08-25,546.2041015625,585.0,585.0,574.0,579.0,27504657
2021-08-26,554.607177734375,594.0,603.0,591.0,601.0,43822008
2021-08-27,559.2755737304688,599.0,600.0,593.0,596.0,27105651
2021-08-30,564.8778076171875,605.0,605.0,599.0,602.0,36575609
2021-08-31,573.2809448242188,614.0,614.0,598.0,604.0,52721470
2021-09-01,572.3472290039062,613.0,614.0,608.0,614.0,30092045
2021-09-02,566.7451171875,607.0,615.0,607.0,613.0,24112463
2021-09-03,578.8829956054688,620.0,620.0,610.0,610.0,51562454
2021-09-06,589.153564453125,631.0,638.0,621.0,623.0,55589014
2021-09-07,581.683837890625,623.0,634.0,623.0,634.0,26526056
2021-09-08,577.94921875,619.0,627.0,612.0,622.0,37817737
2021-09-09,577.94921875,619.0,620.0,610.0,612.0,18735512
2021-09-10,580.7503662109375,622.0,623.0,614.0,615.0,16304725
2021-09-13,574.2144775390625,615.0,620.0,613.0,619.0,15198774
2021-09-14,572.3472290039062,613.0,618.0,612.0,618.0,14441901
2021-09-15,566.7451171875,607.0,613.0,607.0,610.0,23433501
2021-09-16,562.7588500976562,600.0,607.0,599.0,603.0,22467022
2021-09-17,562.7588500976562,600.0,610.0,599.0,600.0,40717715
2021-09-22,549.6277465820312,586.0,589.0,583.0,586.0,40642293
2021-09-23,551.5037841796875,588.0,593.0,588.0,588.0,21696296
2021-09-24,560.8829345703125,598.0,598.0,590.0,591.0,16736973
2021-09-27,564.6347045898438,602.0,602.0,593.0,600.0,19464241
2021-09-28,557.1312866210938,594.0,596.0,592.0,595.0,16707080
2021-09-29,544.0001831054688,580.0,583.0,577.0,580.0,49310524
2021-09-30,544.0001831054688,580.0,585.0,575.0,580.0,30465107
2021-10-01,538.37255859375,574.0,579.0,571.0,579.0,36704493
2021-10-04,536.4967651367188,572.0,575.0,569.0,574.0,20957803
2021-10-05,536.4967651367188,572.0,572.0,560.0,562.0,33824024
2021-10-06,535.5587768554688,571.0,574.0,565.0,573.0,32508846
2021-10-07,544.0001831054688,580.0,582.0,572.0,575.0,27933054
2021-10-08,539.3106079101562,575.0,583.0,573.0,582.0,18279079
2021-10-12,539.3106079101562,575.0,575.0,564.0,570.0,26522907
2021-10-13,535.5587768554688,571.0,575.0,570.0,572.0,18914374
2021-10-14,537.4347534179688,573.0,579.0,573.0,579.0,13916927
2021-10-15,562.7588500976562,600.0,600.0,586.0,592.0,53150216
2021-10-18,553.3795776367188,590.0,604.0,590.0,604.0,19158568
2021-10-19,562.7588500976562,600.0,600.0,593.0,598.0,17386359
2021-10-20,560.8829345703125,598.0,604.0,597.0,603.0,16372520
2021-10-21,559.007080078125,596.0,603.0,595.0,602.0,16169014
2021-10-22,562.7588500976562,600.0,602.0,594.0,600.0,13995403
2021-10-25,556.193359375,593.0,597.0,590.0,597.0,16785568
2021-10-26,561.8208618164062,599.0,600.0,593.0,595.0,19998808
2021-10-27,561.8208618164062,599.0,599.0,594.0,598.0,14961858
2021-10-28,558.0692138671875,595.0,598.0,591.0,598.0,16570044
2021-10-29,553.3795776367188,590.0,596.0,589.0,595.0,25763960
2021-11-01,553.3795776367188,590.0,593.0,590.0,591.0,16089351
2021-11-02,555.25537109375,592.0,597.0,590.0,594.0,15192404
2021-11-03,555.25537109375,592.0,597.0,592.0,597.0,10224009
2021-11-04,550.5657348632812,587.0,594.0,585.0,592.0,17932145
2021-11-05,562.7588500976562,600.0,600.0,595.0,598.0,33270827
2021-11-08,564.6347045898438,602.0,602.0,598.0,600.0,19752355
2021-11-09,573.076171875,611.0,617.0,610.0,611.0,39538660
2021-11-10,574.0140380859375,612.0,612.0,608.0,611.0,16027674
2021-11-11,568.386474609375,606.0,606.0,600.0,600.0,18463848
2021-11-12,566.5105590820312,604.0,611.0,602.0,610.0,15821327
2021-11-15,570.2623291015625,608.0,611.0,607.0,609.0,15551452
2021-11-16,572.1381225585938,610.0,612.0,608.0,612.0,20917108
2021-11-17,572.1381225585938,610.0,615.0,608.0,615.0,19717852
2021-11-18,574.9520874023438,613.0,614.0,607.0,613.0,20030651
2021-11-19,579.6417236328125,618.0,623.0,617.0,622.0,35554348
2021-11-22,576.8278198242188,615.0,618.0,615.0,618.0,20312168
2021-11-23,574.0140380859375,612.0,615.0,611.0,615.0,19431694
2021-11-24,565.5726928710938,603.0,612.0,602.0,612.0,20391940
2021-11-25,565.5726928710938,603.0,607.0,601.0,605.0,11888265
2021-11-26,559.007080078125,596.0,601.0,592.0,598.0,26588102
2021-11-29,556.193359375,593.0,598.0,591.0,594.0,23379558
2021-11-30,559.007080078125,596.0,600.0,591.0,597.0,62021697
2021-12-01,562.7588500976562,600.0,603.0,594.0,596.0,21403404
2021-12-02,576.8278198242188,615.0,615.0,602.0,605.0,45125742
2021-12-03,570.2623291015625,608.0,614.0,606.0,614.0,23045832
2021-12-06,562.7588500976562,600.0,609.0,600.0,603.0,23589363
2021-12-07,569.3244018554688,607.0,607.0,597.0,602.0,18606530
2021-12-08,564.6347045898438,602.0,614.0,602.0,614.0,20801543
2021-12-09,570.2623291015625,608.0,608.0,602.0,606.0,11039070
2021-12-10,567.4485473632812,605.0,608.0,602.0,605.0,10497451
2021-12-13,563.6968383789062,601.0,610.0,601.0,609.0,17711657
2021-12-14,561.8208618164062,599.0,600.0,597.0,598.0,22579034
2021-12-15,562.7588500976562,600.0,601.0,596.0,597.0,21827730
2021-12-16,570.0614624023438,605.0,605.0,601.0,605.0,21809022
2021-12-17,571.94580078125,607.0,607.0,599.0,601.0,24105733
2021-12-20,563.465576171875,598.0,607.0,598.0,607.0,21381070
2021-12-21,562.5233764648438,597.0,600.0,595.0,597.0,17001461
2021-12-22,565.3500366210938,600.0,601.0,598.0,598.0,9831802
2021-12-23,571.0036010742188,606.0,608.0,602.0,607.0,16654439
2021-12-24,569.1190795898438,604.0,609.0,604.0,606.0,11059689
2021-12-27,571.0036010742188,606.0,610.0,604.0,604.0,16259872
2021-12-28,579.4838256835938,615.0,615.0,610.0,610.0,33892718
2021-12-29,580.4260864257812,616.0,619.0,614.0,615.0,24518766
2021-12-30,579.4838256835938,615.0,620.0,615.0,619.0,19681276
2022-01-03,594.5598754882812,631.0,632.0,618.0,619.0,69089158
2022-01-04,618.1160888671875,656.0,656.0,644.0,645.0,79434666
2022-01-05,612.4625854492188,650.0,669.0,646.0,669.0,69593809
2022-01-06,606.8091430664062,644.0,646.0,636.0,638.0,53210211
2022-01-07,597.3865356445312,634.0,646.0,632.0,643.0,38249908
2022-01-10,605.8668212890625,643.0,645.0,627.0,628.0,38289770
2022-01-11,613.4048461914062,651.0,651.0,639.0,646.0,33196585
2022-01-12,621.8850708007812,660.0,660.0,650.0,657.0,38860063
2022-01-13,622.8272705078125,661.0,662.0,655.0,658.0,38137411
2022-01-14,633.1919555664062,672.0,673.0,661.0,673.0,95200777
2022-01-17,643.5567626953125,683.0,688.0,678.0,685.0,59614236
2022-01-18,623.7694702148438,662.0,681.0,662.0,678.0,43593330
2022-01-19,616.2315673828125,654.0,660.0,651.0,652.0,40381333
2022-01-20,613.4048461914062,651.0,657.0,646.0,650.0,46474584
2022-01-21,603.9822998046875,641.0,646.0,637.0,644.0,49577684
2022-01-24,615.2892456054688,653.0,655.0,637.0,639.0,47134502
2022-01-25,603.9822998046875,641.0,645.0,638.0,643.0,52318736
2022-01-26,599.2711181640625,636.0,641.0,635.0,635.0,29957189
2022-02-07,598.328857421875,635.0,644.0,631.0,644.0,56836469
2022-02-08,591.7330322265625,628.0,645.0,628.0,645.0,39718217
2022-02-09,596.4443359375,633.0,637.0,630.0,635.0,30048791
2022-02-10,611.520263671875,649.0,649.0,637.0,639.0,34587133
2022-02-11,612.4625854492188,650.0,650.0,642.0,646.0,26723278
2022-02-14,600.2133178710938,637.0,641.0,635.0,640.0,27826382
2022-02-15,596.4443359375,633.0,639.0,633.0,633.0,21970460
2022-02-16,608.6935424804688,646.0,646.0,640.0,645.0,25191741
2022-02-17,607.7512817382812,645.0,646.0,641.0,644.0,18135080
2022-02-18,600.2133178710938,637.0,639.0,636.0,638.0,20804191
2022-02-21,595.5020751953125,632.0,636.0,632.0,633.0,23797502
2022-02-22,590.7908325195312,627.0,630.0,625.0,628.0,34086593
2022-02-23,588.9063720703125,625.0,629.0,623.0,624.0,31953054
2022-02-24,569.1190795898438,604.0,619.0,604.0,618.0,73663161
2022-02-25,569.1190795898438,604.0,609.0,600.0,600.0,89012516
2022-03-01,569.1190795898438,604.0,610.0,599.0,599.0,66720867
2022-03-02,566.2923583984375,601.0,605.0,600.0,601.0,40693457
2022-03-03,567.234619140625,602.0,607.0,601.0,603.0,33792420
2022-03-04,560.6387329101562,595.0,597.0,592.0,595.0,55917115
2022-03-07,542.736083984375,576.0,581.0,575.0,580.0,86496560
2022-03-08,530.48681640625,563.0,570.0,561.0,561.0,79029914
2022-03-09,535.1980590820312,568.0,573.0,567.0,567.0,52155415
2022-03-10,553.1007080078125,587.0,589.0,582.0,585.0,45630467
2022-03-11,541.7938232421875,575.0,582.0,574.0,581.0,38943098
2022-03-14,538.9669799804688,572.0,577.0,572.0,574.0,33919577
2022-03-15,525.7755737304688,558.0,563.0,558.0,562.0,74092231
2022-03-16,528.3795776367188,558.0,565.0,555.0,564.0,43438327
2022-03-17,551.1055297851562,582.0,583.0,575.0,578.0,60959900
2022-03-18,550.1586303710938,581.0,582.0,576.0,582.0,46242430
2022-03-21,554.893310546875,586.0,589.0,583.0,583.0,21400273
2022-03-22,552.0524291992188,583.0,586.0,577.0,577.0,20246949
2022-03-23,558.680908203125,590.0,590.0,586.0,590.0,25902069
2022-03-24,559.6278686523438,591.0,592.0,585.0,587.0,20060758
2022-03-25,566.2562255859375,598.0,598.0,595.0,597.0,26122381
2022-03-28,552.9993896484375,584.0,586.0,580.0,581.0,26391576
2022-03-29,557.7339477539062,589.0,589.0,584.0,586.0,14892032
2022-03-30,568.1500244140625,600.0,600.0,597.0,599.0,41230239
2022-03-31,565.3093872070312,597.0,602.0,594.0,602.0,22700114
2022-04-01,557.7339477539062,589.0,589.0,584.0,585.0,29732696
2022-04-06,547.31787109375,578.0,580.0,575.0,578.0,37645873
2022-04-07,535.954833984375,566.0,573.0,566.0,571.0,42904743
2022-04-08,536.9017944335938,567.0,570.0,566.0,567.0,28024587
2022-04-11,528.3795776367188,558.0,566.0,558.0,563.0,36820094
2022-04-12,527.4326171875,557.0,564.0,552.0,554.0,30671407
2022-04-13,542.5833129882812,573.0,576.0,563.0,564.0,35865970
2022-04-14,542.5833129882812,573.0,578.0,573.0,577.0,19056590
2022-04-15,532.1672973632812,562.0,566.0,561.0,562.0,28253360
2022-04-18,531.2203369140625,561.0,566.0,558.0,559.0,15800959
2022-04-19,535.0079956054688,565.0,569.0,563.0,566.0,16614705
2022-04-20,539.7426147460938,570.0,570.0,562.0,570.0,27606307
2022-04-21,535.0079956054688,565.0,571.0,565.0,571.0,18383650
2022-04-22,528.3795776367188,558.0,559.0,557.0,558.0,29283846
2022-04-25,517.9635620117188,547.0,552.0,546.0,550.0,43389591
2022-04-26,517.0165405273438,546.0,551.0,544.0,550.0,35825421
2022-04-27,498.0782165527344,526.0,532.0,526.0,530.0,55941533
2022-04-28,502.8127136230469,531.0,532.0,523.0,530.0,45380836
2022-04-29,509.4412536621094,538.0,547.0,535.0,547.0,36664644
2022-05-03,502.8127136230469,531.0,540.0,530.0,538.0,26317509
2022-05-04,505.65362548828125,534.0,537.0,530.0,533.0,16569622
2022-05-05,513.2288208007812,542.0,544.0,539.0,543.0,20374772
2022-05-06,499.9721374511719,528.0,531.0,526.0,528.0,32467268
2022-05-09,492.3967590332031,520.0,524.0,520.0,523.0,23709774
2022-05-10,490.5029296875,518.0,519.0,505.0,506.0,41679907
2022-05-11,493.3435974121094,521.0,526.0,518.0,518.0,27157254
2022-05-12,478.1929626464844,505.0,518.0,505.0,516.0,32532963
2022-05-13,483.87445068359375,511.0,514.0,506.0,507.0,29074177
2022-05-16,492.3967590332031,520.0,524.0,518.0,521.0,21163106
2022-05-17,501.8658142089844,530.0,533.0,520.0,521.0,24496974
2022-05-18,509.4412536621094,538.0,541.0,534.0,541.0,30568176
2022-05-19,494.29058837890625,522.0,527.0,520.0,523.0,29019751
2022-05-20,501.8658142089844,530.0,532.0,523.0,524.0,22651205
2022-05-23,499.9721374511719,528.0,534.0,528.0,533.0,17054170
2022-05-24,492.3967590332031,520.0,531.0,520.0,530.0,17802308
2022-05-25,496.18438720703125,524.0,529.0,520.0,522.0,22176476
2022-05-26,486.7152404785156,514.0,525.0,513.0,523.0,28327403
2022-05-27,501.8658142089844,530.0,530.0,522.0,524.0,27866643
2022-05-30,517.9635620117188,547.0,547.0,537.0,538.0,34476433
2022-05-31,530.2733764648438,560.0,560.0,540.0,542.0,72405873
2022-06-01,519.8572998046875,549.0,555.0,548.0,550.0,29155176
2022-06-02,511.3351135253906,540.0,545.0,540.0,544.0,21420890
2022-06-06,511.3351135253906,540.0,544.0,538.0,541.0,17615003
2022-06-07,506.60040283203125,535.0,538.0,532.0,535.0,19497532
2022-06-08,515.1226806640625,544.0,545.0,538.0,539.0,18835521
2022-06-09,512.2819213867188,541.0,542.0,537.0,538.0,16338602
2022-06-10,501.8658142089844,530.0,533.0,529.0,530.0,21357130
2022-06-13,488.60906982421875,516.0,519.0,515.0,518.0,32854092
2022-06-14,485.7683410644531,513.0,514.0,507.0,507.0,36304444
2022-06-15,481.98065185546875,509.0,515.0,508.0,508.0,35680283
2022-06-16,483.646728515625,508.0,516.0,507.0,515.0,26909199
2022-06-17,476.9822998046875,501.0,503.0,499.0,499.5,43566737
2022-06-20,474.12615966796875,498.0,502.0,495.0,500.0,34209693
2022-06-21,480.7906188964844,505.0,505.0,499.0,501.0,33223685
2022-06-22,470.7939453125,494.5,503.0,494.5,501.0,31034893
2022-06-23,462.2253723144531,485.5,493.5,485.0,492.0,43548940
2022-06-24,463.1774597167969,486.5,492.5,485.5,489.5,27911980
2022-06-27,474.6022033691406,498.5,506.0,495.5,496.0,37909718
2022-06-28,473.6501159667969,497.5,500.0,496.0,496.0,15274062
2022-06-29,467.46173095703125,491.0,498.5,491.0,496.0,30533789
2022-06-30,453.1807861328125,476.0,486.5,476.0,484.5,46311432
2022-07-01,431.75946044921875,453.5,474.0,452.5,471.5,61744377
2022-07-04,418.90667724609375,440.0,451.5,440.0,443.0,52445919
2022-07-05,424.6189880371094,446.0,451.5,433.0,449.5,50084244
2022-07-06,414.62237548828125,435.5,447.5,435.0,442.0,40549763
2022-07-07,435.5676574707031,457.5,459.0,438.5,442.0,48151202
2022-07-08,444.61224365234375,467.0,470.5,461.5,470.0,37897895
2022-07-11,439.8519592285156,462.0,470.5,461.0,468.0,21941710
2022-07-12,427.9512023925781,449.5,458.0,449.5,458.0,23036423
2022-07-13,447.9444580078125,470.5,473.0,466.0,470.5,44035695
2022-07-14,452.2287292480469,475.0,477.5,463.0,466.0,31936258
2022-07-15,468.8898010253906,492.5,494.0,477.0,481.0,51846909
2022-07-18,471.7459716796875,495.5,498.5,488.5,495.5,39179575
2022-07-19,467.46173095703125,491.0,493.0,486.5,487.5,19874865
2022-07-20,471.26995849609375,495.0,503.0,491.5,502.0,35436652
2022-07-21,476.9822998046875,501.0,501.0,494.0,496.0,22285593
2022-07-22,478.88641357421875,503.0,505.0,500.0,505.0,25216400
2022-07-25,475.55419921875,499.5,503.0,498.0,500.0,15245346
2022-07-26,471.26995849609375,495.0,499.5,491.0,499.5,18024265
2022-07-27,477.93438720703125,502.0,502.0,491.0,494.0,17166365
2022-07-28,476.9822998046875,501.0,509.0,499.0,509.0,33844011
2022-07-29,484.5987854003906,509.0,510.0,504.0,508.0,29045617
2022-08-01,479.8384704589844,504.0,508.0,500.0,506.0,24117969
2022-08-02,468.4138488769531,492.0,496.0,488.5,494.0,39838155
2022-08-03,476.9822998046875,501.0,501.0,493.0,494.0,27603474
2022-08-04,476.0302734375,500.0,503.0,495.0,499.0,26027618
2022-08-05,491.2632751464844,516.0,516.0,507.0,509.0,32784279
2022-08-08,487.4549865722656,512.0,515.0,509.0,510.0,19333128
2022-08-09,485.5509033203125,510.0,511.0,504.0,507.0,21164373
2022-08-10,476.0302734375,500.0,503.0,499.5,500.0,20861380
2022-08-11,489.35906982421875,514.0,514.0,510.0,513.0,23740033
2022-08-12,492.21533203125,517.0,518.0,514.0,515.0,19535923
2022-08-15,497.9276428222656,523.0,524.0,519.0,520.0,21273166
2022-08-16,499.831787109375,525.0,526.0,523.0,526.0,20720414
2022-08-17,501.73583984375,527.0,527.0,521.0,524.0,27143102
2022-08-18,495.0714416503906,520.0,521.0,519.0,520.0,17831084
2022-08-19,494.119384765625,519.0,523.0,517.0,519.0,14022812
2022-08-22,487.4549865722656,512.0,514.0,510.0,511.0,11494000
2022-08-23,479.8384704589844,504.0,506.0,502.0,503.0,19191108
2022-08-24,478.88641357421875,503.0,508.0,503.0,504.0,14363212
2022-08-25,483.646728515625,508.0,510.0,504.0,505.0,9357138
2022-08-26,487.4549865722656,512.0,515.0,511.0,513.0,12914846
2022-08-29,474.6022033691406,498.5,502.0,496.0,497.0,26590824
2022-08-30,472.2220458984375,496.0,500.0,496.0,497.5,24214535
2022-08-31,480.7906188964844,505.0,505.0,492.0,492.0,39357089
2022-09-01,466.9856872558594,490.5,495.5,490.0,495.0,39168672
2022-09-02,461.7493591308594,485.0,489.5,485.0,488.0,29982959
2022-09-05,462.7013854980469,486.0,488.0,484.0,485.0,15903415
2022-09-06,465.5575256347656,489.0,491.5,486.5,488.5,16700285
2022-09-07,449.8486328125,472.5,478.0,472.0,477.0,34678562
2022-09-08,452.2287292480469,475.0,475.0,472.0,473.0,27931552
2022-09-12,463.1774597167969,486.5,491.0,485.0,485.0,21597212
2022-09-13,469.3658142089844,493.0,495.0,491.0,495.0,16507036
2022-09-14,456.9890441894531,480.0,482.5,476.0,478.5,22645714
2022-09-15,456.2709045410156,476.5,480.0,476.0,476.0,23104850
2022-09-16,451.9618835449219,472.0,472.0,469.0,470.5,39087513
2022-09-19,447.1741943359375,467.0,473.0,466.5,472.0,17182380
2022-09-20,456.2709045410156,476.5,478.0,470.0,470.5,19842582
2022-09-21,451.0043640136719,471.0,475.5,468.5,473.5,24154633
2022-09-22,444.7803039550781,464.5,468.0,459.0,462.0,29702508
2022-09-23,435.6835632324219,455.0,460.5,455.0,458.5,29757787
2022-09-26,427.54449462890625,446.5,454.0,443.0,443.0,32342267
2022-09-27,428.9808349609375,448.0,451.5,446.0,449.0,24961404
2022-09-28,419.40533447265625,438.0,449.0,438.0,447.0,34402652
2022-09-29,416.5327453613281,435.0,443.5,432.0,443.0,41094780
2022-09-30,404.0845947265625,422.0,427.5,422.0,424.5,48266800
2022-10-03,399.2968444824219,417.0,424.5,416.5,418.5,36044395
2022-10-04,410.78741455078125,429.0,432.0,427.0,429.5,40375000
2022-10-05,426.1081848144531,445.0,451.0,442.0,444.5,46496536
2022-10-06,431.8534240722656,451.0,451.0,447.0,450.5,30331834
2022-10-07,419.40533447265625,438.0,448.5,437.0,448.5,31941781
2022-10-11,384.4549255371094,401.5,412.5,401.0,408.0,95793819
2022-10-12,380.6247253417969,397.5,400.0,395.5,397.0,53570085
2022-10-13,378.2308349609375,395.0,403.0,395.0,400.5,38046284
2022-10-14,394.5091247558594,412.0,416.0,409.0,414.5,54504366
2022-10-17,380.14593505859375,397.0,403.5,396.0,400.0,41512192
2022-10-18,389.7214050292969,407.0,407.0,399.5,406.5,40093216
2022-10-19,378.7095947265625,395.5,405.0,395.5,404.0,46385177
2022-10-20,380.6247253417969,397.5,397.5,386.0,391.0,52938069
2022-10-21,372.96435546875,389.5,398.5,389.5,395.5,35923505
2022-10-24,370.57049560546875,387.0,397.5,387.0,395.0,46714078
2022-10-25,355.2497253417969,371.0,382.5,371.0,380.0,76416687
2022-10-26,360.0374450683594,376.0,379.0,370.0,370.5,58850484
2022-10-27,369.1341552734375,385.5,389.0,382.5,384.5,45684455
2022-10-28,363.3888244628906,379.5,382.0,375.0,379.5,40184472
2022-10-31,373.443115234375,390.0,390.0,381.0,386.0,38409054
2022-11-01,374.8794250488281,391.5,393.0,386.0,388.5,41426496
2022-11-02,378.2308349609375,395.0,395.0,388.5,391.0,22535650
2022-11-03,367.6977844238281,384.0,387.0,383.5,385.0,39731333
2022-11-04,365.7827453613281,382.0,384.5,378.5,381.0,28397417
2022-11-07,373.443115234375,390.0,393.0,387.0,390.0,35387706
2022-11-08,382.0610046386719,399.0,399.5,394.0,395.0,31838223
2022-11-09,399.2968444824219,417.0,417.0,403.5,403.5,52260831
2022-11-10,390.2001953125,407.5,411.5,406.0,409.0,32044942
2022-11-11,422.7567443847656,441.5,442.0,435.0,441.5,80016195
2022-11-14,426.1081848144531,445.0,450.0,441.5,450.0,61933190
2022-11-15,459.6222839355469,480.0,487.0,462.0,465.0,113379796
2022-11-16,466.3251647949219,487.0,494.0,481.5,491.5,85726375
2022-11-17,464.4100341796875,485.0,485.0,475.0,482.5,45144984
2022-11-18,466.3251647949219,487.0,494.0,486.0,491.5,35859717
2022-11-21,461.537353515625,482.0,489.5,480.5,487.5,29710180
2022-11-22,470.1553039550781,491.0,491.0,476.0,476.0,37343127
2022-11-23,471.1128845214844,492.0,496.0,488.5,494.5,33475337
2022-11-24,474.9430236816406,496.0,496.0,492.0,494.0,27396552
2022-11-25,476.858154296875,498.0,498.0,494.0,494.0,39949969
2022-11-28,460.10107421875,480.5,490.0,480.5,486.0,38926919
2022-11-29,466.3251647949219,487.0,488.0,473.0,473.5,38182197
2022-11-30,469.1977844238281,490.0,490.0,482.5,483.0,57111603
2022-12-01,477.3369140625,498.5,508.0,498.5,506.0,41746878
2022-12-02,471.59161376953125,492.5,497.0,490.0,490.0,28319679
2022-12-05,468.24017333984375,489.0,497.5,489.0,491.5,28360444
2022-12-06,457.70721435546875,478.0,489.0,478.0,488.0,40561068
2022-12-07,454.8345642089844,475.0,485.5,475.0,477.0,36563503
2022-12-08,451.4831237792969,471.5,475.0,467.0,475.0,27238567
2022-12-09,461.05865478515625,481.5,484.5,476.0,478.0,25915337
2022-12-12,454.8345642089844,475.0,478.0,473.5,476.5,20973334
2022-12-13,451.4831237792969,471.5,476.0,471.0,473.0,33272826
2022-12-14,460.10107421875,480.5,480.5,472.0,472.0,30636639
2022-12-15,462.7494812011719,480.5,481.5,474.5,476.0,24222008
2022-12-16,453.6004333496094,471.0,471.0,465.5,466.5,47601400
2022-12-19,449.26666259765625,466.5,469.5,465.0,466.5,21075559
2022-12-20,440.59912109375,457.5,467.0,455.0,465.0,31139235
2022-12-21,442.043701171875,459.0,463.0,457.0,460.0,36182644
2022-12-22,450.71124267578125,468.0,469.0,464.0,466.5,14047382
2022-12-23,438.19146728515625,455.0,458.5,455.0,457.5,24927413
2022-12-26,439.6360778808594,456.5,457.0,453.5,454.0,8793306
2022-12-27,440.11761474609375,457.0,462.5,457.0,458.0,10264001
2022-12-28,434.3392333984375,451.0,452.0,446.0,451.0,32578949
2022-12-29,429.5239562988281,446.0,449.5,442.5,444.0,23020759
2022-12-30,431.931640625,448.5,456.5,448.5,455.0,21683478
2023-01-03,436.265380859375,453.0,453.5,443.0,446.0,14885824
2023-01-04,432.8946228027344,449.5,455.0,448.5,449.5,19188422
2023-01-05,441.56219482421875,458.5,459.5,455.0,459.0,23549581
2023-01-06,441.56219482421875,458.5,459.5,455.0,455.0,20886011
2023-01-09,463.2309875488281,481.0,481.0,467.5,468.0,46666263
2023-01-10,468.0462341308594,486.0,487.0,483.0,486.0,32646014
2023-01-11,466.6016845703125,484.5,488.0,482.0,487.0,21051115
2023-01-12,468.52783203125,486.5,488.0,484.0,487.5,20963689
2023-01-13,481.52911376953125,500.0,509.0,499.0,507.0,77606949
2023-01-16,486.3443908691406,505.0,508.0,503.0,506.0,34373918
2023-01-17,484.41827392578125,503.0,504.0,499.5,504.0,27770329
2023-01-30,522.940673828125,543.0,543.0,534.0,542.0,124428936
2023-01-31,502.71636962890625,522.0,538.0,521.0,537.0,72530854
2023-02-01,510.42083740234375,530.0,533.0,522.0,532.0,33710990
2023-02-02,520.0514526367188,540.0,542.0,537.0,538.0,43077053
2023-02-03,521.9774169921875,542.0,542.0,536.0,540.0,31635865
2023-02-06,506.5685729980469,526.0,533.0,526.0,532.0,30870136
2023-02-07,503.679443359375,523.0,528.0,522.0,524.0,23481767
2023-02-08,520.0514526367188,540.0,540.0,534.0,538.0,35096191
2023-02-09,520.0514526367188,540.0,540.0,536.0,540.0,18861972
2023-02-10,524.86669921875,545.0,546.0,541.0,544.0,28495684
2023-02-13,521.0144653320312,541.0,544.0,538.0,544.0,22768977
2023-02-14,524.86669921875,545.0,546.0,543.0,544.0,21883297
2023-02-15,505.6055908203125,525.0,532.0,522.0,526.0,61796793
2023-02-16,508.4947509765625,528.0,531.0,524.0,528.0,29975138
2023-02-17,498.8641357421875,518.0,524.0,516.0,524.0,28121975
2023-02-20,497.901123046875,517.0,519.0,511.0,514.0,20065156
2023-02-21,496.93804931640625,516.0,517.0,513.0,515.0,13504100
2023-02-22,488.2704772949219,507.0,509.0,505.0,506.0,24575245
2023-02-23,498.8641357421875,518.0,521.0,510.0,512.0,25376835
2023-02-24,492.1227722167969,511.0,525.0,511.0,524.0,41692491
2023-03-01,502.71636962890625,522.0,522.0,504.0,504.0,39560848
2023-03-02,499.82720947265625,519.0,520.0,515.0,519.0,16558784
2023-03-03,496.93804931640625,516.0,525.0,516.0,524.0,23253895
2023-03-06,501.7532653808594,521.0,524.0,517.0,520.0,21922085
2023-03-07,504.6425476074219,524.0,526.0,519.0,521.0,24861078
2023-03-08,501.7532653808594,521.0,523.0,518.0,521.0,24512408
2023-03-09,502.71636962890625,522.0,526.0,522.0,525.0,21557577
2023-03-10,494.0488586425781,513.0,516.0,511.0,515.0,24045605
2023-03-13,496.93804931640625,516.0,518.0,509.0,513.0,21466947
2023-03-14,491.1596984863281,510.0,514.0,510.0,511.0,20474770
2023-03-15,492.1227722167969,511.0,516.0,510.0,515.0,23208597
2023-03-16,488.9756774902344,505.0,510.0,504.0,505.0,21965994
2023-03-17,501.56317138671875,518.0,518.0,513.0,516.0,33118483
2023-03-20,495.7535400390625,512.0,518.0,510.0,517.0,11837312
2023-03-21,500.5949401855469,517.0,517.0,512.0,515.0,18284799
2023-03-22,516.087158203125,533.0,533.0,524.0,524.0,42385987
2023-03-23,520.9285278320312,538.0,539.0,528.0,528.0,26728246
2023-03-24,521.8968505859375,539.0,539.0,535.0,536.0,21926240
2023-03-27,514.1505737304688,531.0,536.0,531.0,533.0,16111177
2023-03-28,508.3410949707031,525.0,530.0,524.0,525.0,17234120
2023-03-29,513.182373046875,530.0,533.0,525.0,533.0,17280749
2023-03-30,518.023681640625,535.0,537.0,531.0,536.0,19201564
2023-03-31,516.087158203125,533.0,538.0,532.0,538.0,23558838
2023-04-06,513.182373046875,530.0,531.0,526.0,530.0,25423363
2023-04-07,514.1505737304688,531.0,535.0,529.0,535.0,8557482
2023-04-10,512.214111328125,529.0,533.0,528.0,533.0,7435151
2023-04-11,507.3728332519531,524.0,527.0,522.0,522.0,22675697
2023-04-12,503.49969482421875,520.0,524.0,517.0,523.0,23816473
2023-04-13,493.8170471191406,510.0,517.0,510.0,515.0,25536889
2023-04-14,499.62664794921875,516.0,520.0,513.0,516.0,18072504
2023-04-17,503.49969482421875,520.0,520.0,514.0,519.0,14634287
2023-04-18,498.6583557128906,515.0,520.0,514.0,518.0,15168888
2023-04-19,493.8170471191406,510.0,518.0,509.0,517.0,21123233
2023-04-20,496.7218322753906,513.0,516.0,510.0,512.0,17221961
2023-04-21,494.7853088378906,511.0,520.0,510.0,520.0,25016683
2023-04-24,490.9122009277344,507.0,510.0,504.0,505.0,16886512
2023-04-25,482.19781494140625,498.0,505.0,498.0,504.0,36898412
2023-04-26,475.904052734375,491.5,498.5,491.0,498.0,31269245
2023-04-27,477.840576171875,493.5,495.0,489.0,491.0,29537148
2023-04-28,486.07086181640625,502.0,502.0,498.0,498.5,24824100
2023-05-02,485.10260009765625,501.0,502.0,496.5,500.0,15325791
2023-05-03,480.26129150390625,496.0,498.0,495.0,496.0,11369311
2023-05-04,482.19781494140625,498.0,499.5,496.0,497.0,13140291
2023-05-05,484.13433837890625,500.0,502.0,498.5,500.0,7488897
2023-05-08,488.00738525390625,504.0,509.0,502.0,509.0,11243634
2023-05-09,493.8170471191406,510.0,510.0,505.0,507.0,16197743
2023-05-10,487.0391540527344,503.0,508.0,500.0,508.0,18859212
2023-05-11,483.16607666015625,499.0,506.0,498.5,506.0,13382927
2023-05-12,480.26129150390625,496.0,500.0,495.0,496.0,18465362
2023-05-15,479.7771301269531,495.5,499.5,494.5,497.0,13315766
2023-05-16,488.9756774902344,505.0,508.0,500.0,503.0,21140315
2023-05-17,502.53143310546875,519.0,521.0,506.0,508.0,41406763
2023-05-18,513.182373046875,530.0,536.0,526.0,533.0,43096277
2023-05-19,515.1189575195312,532.0,535.0,529.0,535.0,32099068
2023-05-22,514.1505737304688,531.0,533.0,529.0,532.0,17208135
2023-05-23,513.182373046875,530.0,531.0,525.0,530.0,19588873
2023-05-24,508.3410949707031,525.0,528.0,524.0,527.0,19086681
2023-05-25,525.7699584960938,543.0,545.0,537.0,542.0,63827245
2023-05-26,548.0400390625,566.0,568.0,563.0,568.0,95808471
2023-05-29,549.9765625,568.0,574.0,564.0,574.0,54657853
2023-05-30,548.0400390625,566.0,568.0,563.0,566.0,40136130
2023-05-31,540.2938232421875,558.0,562.0,551.0,560.0,81176782
2023-06-01,533.5159912109375,551.0,554.0,550.0,550.0,24477529
2023-06-02,544.1670532226562,562.0,564.0,557.0,559.0,30206141
2023-06-05,537.3892211914062,555.0,560.0,555.0,560.0,16827391
2023-06-06,542.2304077148438,560.0,562.0,553.0,554.0,20228086
2023-06-07,549.9765625,568.0,568.0,560.0,561.0,27604813
2023-06-08,541.26220703125,559.0,568.0,555.0,562.0,23080195
2023-06-09,547.07177734375,565.0,566.0,561.0,561.0,19091713
2023-06-12,555.7862548828125,574.0,574.0,571.0,574.0,26392389
2023-06-13,574.183349609375,593.0,594.0,589.0,593.0,56174363
2023-06-14,571.278564453125,590.0,591.0,587.0,590.0,23583314
2023-06-15,574.9263916015625,591.0,593.0,587.0,590.0,27392154
2023-06-16,572.980712890625,589.0,590.0,584.0,590.0,38128802
2023-06-19,567.1439208984375,583.0,585.0,582.0,583.0,14346885
2023-06-20,567.1439208984375,583.0,585.0,579.0,579.0,16221413
2023-06-21,565.1983032226562,581.0,585.0,578.0,582.0,21703937
2023-06-26,558.3887329101562,574.0,578.0,574.0,576.0,27142262
2023-06-27,556.4430541992188,572.0,575.0,569.0,570.0,21501718
2023-06-28,558.3887329101562,574.0,579.0,571.0,579.0,18175426
2023-06-29,557.4158935546875,573.0,580.0,570.0,578.0,16937929
2023-06-30,560.3343505859375,576.0,576.0,568.0,570.0,22654976
2023-07-03,563.2527465820312,579.0,580.0,576.0,578.0,14785585
2023-07-04,569.089599609375,585.0,585.0,580.0,585.0,17219541
2023-07-05,566.171142578125,582.0,589.0,579.0,589.0,14913592
2023-07-06,549.6334838867188,565.0,574.0,565.0,573.0,28564891
2023-07-07,549.6334838867188,565.0,572.0,563.0,565.0,18796190
2023-07-10,549.6334838867188,565.0,573.0,565.0,567.0,18454982
2023-07-11,561.3070678710938,577.0,577.0,570.0,574.0,17850636
2023-07-12,562.2799072265625,578.0,578.0,572.0,574.0,15588228
2023-07-13,569.089599609375,585.0,590.0,585.0,587.0,25442137
2023-07-14,574.9263916015625,591.0,591.0,587.0,589.0,23121873
2023-07-17,574.9263916015625,591.0,591.0,587.0,588.0,13807834
2023-07-18,565.1983032226562,581.0,588.0,580.0,587.0,20932006
2023-07-19,565.1983032226562,581.0,587.0,579.0,584.0,22499123
2023-07-20,563.2527465820312,579.0,584.0,578.0,580.0,15108109
2023-07-21,544.7694702148438,560.0,563.0,557.0,560.0,46711021
2023-07-24,542.8237915039062,558.0,563.0,557.0,557.0,25268835
2023-07-25,553.524658203125,569.0,569.0,561.0,561.0,19590349
2023-07-26,550.6063232421875,566.0,571.0,563.0,569.0,13314305
2023-07-27,553.524658203125,569.0,570.0,566.0,570.0,12200358
2023-07-28,551.5790405273438,567.0,573.0,565.0,569.0,18540078
2023-07-31,549.6334838867188,565.0,575.0,560.0,575.0,24208467
2023-08-01,551.5790405273438,567.0,568.0,564.0,565.0,16259643
2023-08-02,545.7422485351562,561.0,569.0,558.0,567.0,25583234
2023-08-04,538.9326782226562,554.0,560.0,552.0,556.0,26279173
2023-08-07,542.8237915039062,558.0,561.0,556.0,558.0,14369551
2023-08-08,536.9869995117188,552.0,558.0,551.0,558.0,19010690
2023-08-09,538.9326782226562,554.0,557.0,550.0,550.0,14389090
2023-08-10,536.0142211914062,551.0,554.0,550.0,552.0,17892615
2023-08-11,531.1502075195312,546.0,558.0,546.0,556.0,17608427
2023-08-14,526.2861938476562,541.0,543.0,537.0,540.0,20939030
2023-08-15,527.2589111328125,542.0,545.0,540.0,543.0,14066307
2023-08-16,527.2589111328125,542.0,543.0,536.0,541.0,28269840
2023-08-17,529.2046508789062,544.0,546.0,537.0,540.0,22843138
2023-08-18,524.3406372070312,539.0,544.0,539.0,540.0,17592345
2023-08-21,522.3949584960938,537.0,544.0,534.0,544.0,16633821
2023-08-22,526.2861938476562,541.0,544.0,538.0,544.0,14594304
2023-08-23,536.9869995117188,552.0,552.0,544.0,546.0,20636332
2023-08-24,548.6607666015625,564.0,564.0,558.0,563.0,23280827
2023-08-25,531.1502075195312,546.0,551.0,546.0,549.0,24144537
2023-08-28,534.068603515625,549.0,553.0,547.0,547.0,8991985
2023-08-29,536.9869995117188,552.0,553.0,546.0,551.0,10516678
2023-08-30,539.9055786132812,555.0,560.0,554.0,558.0,15117416
2023-08-31,534.068603515625,549.0,556.0,548.0,553.0,40431378
2023-09-01,533.0958862304688,548.0,553.0,543.0,543.0,13669766
2023-09-04,541.8510131835938,557.0,557.0,549.0,549.0,9531157
2023-09-05,536.9869995117188,552.0,555.0,550.0,553.0,12220686
2023-09-06,535.0414428710938,550.0,556.0,550.0,556.0,14067008
2023-09-07,527.2589111328125,542.0,548.0,542.0,546.0,20717005
2023-09-08,524.3406372070312,539.0,540.0,535.0,535.0,15283568
2023-09-11,521.4222412109375,536.0,540.0,536.0,539.0,14631968
2023-09-12,529.2046508789062,544.0,545.0,536.0,536.0,16028336
2023-09-13,526.2861938476562,541.0,548.0,541.0,545.0,16191392
2023-09-14,538.02490234375,550.0,550.0,543.0,544.0,17144287
2023-09-15,545.8506469726562,558.0,558.0,547.0,549.0,42517441
2023-09-18,528.24267578125,540.0,549.0,540.0,548.0,36684692
2023-09-19,526.2862548828125,538.0,543.0,538.0,539.0,18901683
2023-09-20,523.3515014648438,535.0,538.0,535.0,536.0,24635567
2023-09-21,515.5256958007812,527.0,531.0,526.0,530.0,32012694
2023-09-22,510.63458251953125,522.0,525.0,522.0,523.0,29049309
2023-09-25,513.5692749023438,525.0,529.0,522.0,522.0,17116402
2023-09-26,507.6998596191406,519.0,524.0,519.0,521.0,26392692
2023-09-27,510.63458251953125,522.0,523.0,516.0,517.0,16846401
2023-09-28,511.61279296875,523.0,525.0,520.0,523.0,19733331
2023-10-02,521.3950805664062,533.0,534.0,528.0,530.0,25427911
2023-10-03,517.482177734375,529.0,533.0,528.0,528.0,14490129
2023-10-04,508.6781005859375,520.0,523.0,519.0,521.0,28358964
2023-10-05,516.5039672851562,528.0,529.0,523.0,523.0,24945684
2023-10-06,520.4168701171875,532.0,533.0,529.0,530.0,15336587
2023-10-11,532.1555786132812,544.0,544.0,540.0,542.0,46639969
2023-10-12,538.02490234375,550.0,550.0,544.0,545.0,34161176
2023-10-13,540.9596557617188,553.0,554.0,548.0,550.0,31123496
2023-10-16,533.1337890625,545.0,547.0,542.0,546.0,19875676
2023-10-17,539.003173828125,551.0,552.0,548.0,550.0,18364998
2023-10-18,528.24267578125,540.0,549.0,540.0,549.0,26418940
2023-10-19,534.1119995117188,546.0,548.0,540.0,540.0,22881262
2023-10-20,543.8943481445312,556.0,556.0,546.0,549.0,45984177
2023-10-23,532.1555786132812,544.0,553.0,543.0,552.0,22747367
2023-10-24,532.1555786132812,544.0,546.0,540.0,543.0,15007814
2023-10-25,532.1555786132812,544.0,551.0,544.0,544.0,16526355
2023-10-26,519.4385986328125,531.0,535.0,530.0,530.0,28188348
2023-10-27,521.3950805664062,533.0,536.0,532.0,534.0,15679643
2023-10-30,520.4168701171875,532.0,534.0,528.0,531.0,21404842
2023-10-31,517.482177734375,529.0,535.0,527.0,535.0,25667058
2023-11-01,516.5039672851562,528.0,533.0,527.0,533.0,13603347
2023-11-02,535.0902709960938,547.0,547.0,535.0,536.0,29401438
2023-11-03,537.0466918945312,549.0,549.0,545.0,547.0,15426176
2023-11-06,538.02490234375,550.0,556.0,550.0,553.0,29215201
2023-11-07,542.9161376953125,555.0,555.0,550.0,552.0,14777790
2023-11-08,543.8943481445312,556.0,557.0,550.0,550.0,15314834
2023-11-09,544.8724975585938,557.0,557.0,551.0,551.0,13165684
2023-11-10,544.8724975585938,557.0,557.0,554.0,555.0,12994933
2023-11-13,558.5677490234375,571.0,580.0,571.0,579.0,43866014
2023-11-14,559.5458984375,572.0,576.0,571.0,576.0,21568576
2023-11-15,568.3499145507812,581.0,583.0,575.0,583.0,50305088
2023-11-16,570.306396484375,583.0,583.0,578.0,581.0,28291435
2023-11-17,567.3717041015625,580.0,583.0,579.0,579.0,22031704
2023-11-20,564.43701171875,577.0,579.0,575.0,576.0,22010114
2023-11-21,572.2630004882812,585.0,585.0,581.0,582.0,35921706
2023-11-22,564.43701171875,577.0,579.0,574.0,576.0,21969125
2023-11-23,565.415283203125,578.0,578.0,574.0,574.0,14486134
2023-11-24,562.4806518554688,575.0,578.0,574.0,577.0,10058969
2023-11-27,555.6329956054688,568.0,577.0,568.0,573.0,18528520
2023-11-28,562.4806518554688,575.0,576.0,565.0,565.0,26343906
2023-11-29,561.50244140625,574.0,579.0,570.0,578.0,24868842
2023-11-30,564.43701171875,577.0,577.0,570.0,576.0,47192647
2023-12-01,566.3935546875,579.0,579.0,573.0,573.0,28051165
2023-12-04,561.50244140625,574.0,582.0,571.0,582.0,26847171
2023-12-05,557.5895385742188,570.0,572.0,567.0,571.0,22229723
2023-12-06,557.5895385742188,570.0,575.0,568.0,568.0,21518089
2023-12-07,553.6766357421875,566.0,573.0,566.0,570.0,20840397
2023-12-08,557.5895385742188,570.0,577.0,570.0,574.0,33507214
2023-12-11,561.50244140625,574.0,575.0,570.0,572.0,27378610
2023-12-12,565.415283203125,578.0,581.0,575.0,580.0,29403010
2023-12-13,564.43701171875,577.0,579.0,576.0,576.0,22977731
2023-12-14,572.3038330078125,582.0,582.0,579.0,581.0,39409958
2023-12-15,575.2538452148438,585.0,586.0,580.0,585.0,54323262
2023-12-18,575.2538452148438,585.0,585.0,577.0,579.0,26122277
2023-12-19,575.2538452148438,585.0,588.0,580.0,588.0,28254292
2023-12-20,575.2538452148438,585.0,587.0,583.0,587.0,38121456
2023-12-21,567.3870239257812,577.0,579.0,575.0,577.0,24923414
2023-12-22,572.3038330078125,582.0,582.0,579.0,582.0,18690214
2023-12-25,571.3203735351562,581.0,585.0,580.0,582.0,9548143
2023-12-26,576.2371826171875,586.0,586.0,582.0,583.0,16094308
2023-12-27,582.1371459960938,592.0,592.0,586.0,587.0,33401336
2023-12-28,583.1205444335938,593.0,593.0,589.0,592.0,25514849
2023-12-29,583.1205444335938,593.0,593.0,589.0,589.0,18416318
2024-01-02,583.1205444335938,593.0,593.0,589.0,590.0,26059058
2024-01-03,568.3704833984375,578.0,585.0,576.0,584.0,37106763
2024-01-04,570.3370971679688,580.0,581.0,577.0,580.0,15309129
2024-01-05,566.40380859375,576.0,580.0,574.0,578.0,18158971
2024-01-08,573.2871704101562,583.0,585.0,579.0,582.0,17761275
2024-01-09,576.2371826171875,586.0,589.0,583.0,588.0,22501510
2024-01-10,574.2704467773438,584.0,586.0,580.0,581.0,13037716
2024-01-11,576.2371826171875,586.0,589.0,583.0,586.0,23997409
2024-01-12,574.2704467773438,584.0,588.0,581.0,581.0,16496053
2024-01-15,576.2371826171875,586.0,590.0,585.0,590.0,21143076
2024-01-16,570.3370971679688,580.0,588.0,579.0,581.0,27223860
2024-01-17,571.3203735351562,581.0,584.0,578.0,583.0,42592335
2024-01-18,578.2037963867188,588.0,589.0,585.0,586.0,27209996
2024-01-19,615.5707397460938,626.0,627.0,614.0,625.0,161106401
2024-01-22,615.5707397460938,626.0,633.0,623.0,633.0,65168775
2024-01-23,617.5374755859375,628.0,629.0,622.0,629.0,41072439
2024-01-24,616.5540771484375,627.0,630.0,624.0,628.0,26635005
2024-01-25,631.3041381835938,642.0,642.0,633.0,635.0,52243347
2024-01-26,633.2708129882812,644.0,646.0,639.0,644.0,41153025
2024-01-29,637.2042236328125,648.0,648.0,644.0,646.0,27825490
2024-01-30,631.3041381835938,642.0,647.0,642.0,642.0,36161825
2024-01-31,617.5374755859375,628.0,637.0,626.0,634.0,41277950
2024-02-01,617.5374755859375,628.0,628.0,619.0,625.0,44946369
2024-02-02,624.4208374023438,635.0,635.0,628.0,633.0,26334815
2024-02-05,635.2374877929688,646.0,647.0,638.0,645.0,44017740
2024-02-15,685.387939453125,697.0,709.0,693.0,709.0,112945296
2024-02-16,671.6211547851562,683.0,699.0,683.0,697.0,44232811
2024-02-19,666.7044677734375,678.0,682.0,674.0,674.0,34408673
2024-02-20,675.5545043945312,687.0,688.0,675.0,675.0,30166461
2024-02-21,669.6544189453125,681.0,683.0,678.0,678.0,30564485
2024-02-22,680.4711303710938,692.0,695.0,685.0,695.0,33145643
2024-02-23,685.387939453125,697.0,703.0,696.0,701.0,46448923
2024-02-26,686.3712158203125,698.0,700.0,695.0,700.0,28798079
2024-02-27,686.3712158203125,698.0,701.0,691.0,700.0,33006829
2024-02-29,678.5045166015625,690.0,698.0,688.0,691.0,54368302
2024-03-01,677.5211791992188,689.0,697.0,688.0,697.0,23390635
2024-03-04,712.92138671875,725.0,725.0,711.0,714.0,88861397
2024-03-05,717.8380737304688,730.0,738.0,728.0,735.0,64403889
2024-03-06,722.7548217773438,735.0,738.0,717.0,718.0,43687122
2024-03-07,747.3383178710938,760.0,769.0,754.0,755.0,71817344
2024-03-08,770.9383544921875,784.0,796.0,772.0,795.0,87139744
2024-03-11,753.2383422851562,766.0,778.0,761.0,768.0,64759810
2024-03-12,757.1716918945312,770.0,771.0,754.0,757.0,58110339
2024-03-13,766.021728515625,779.0,785.0,777.0,785.0,36754557
2024-03-14,770.9383544921875,784.0,785.0,770.0,779.0,42010806
2024-03-15,740.4549560546875,753.0,777.0,753.0,771.0,73316437
2024-03-18,754.7797241210938,764.0,765.0,754.0,754.0,43589856
2024-03-19,752.8038940429688,762.0,765.0,755.0,758.0,30152375
2024-03-20,748.8521118164062,758.0,769.0,752.0,764.0,41280325
2024-03-21,774.5382690429688,784.0,784.0,772.0,773.0,46026103
2024-03-22,775.5263061523438,785.0,789.0,775.0,788.0,30660820
2024-03-25,770.5866088867188,780.0,788.0,779.0,783.0,19877101
2024-03-26,772.5625,782.0,792.0,776.0,788.0,40990702
2024-03-27,769.5986328125,779.0,785.0,779.0,785.0,18794479
2024-03-28,759.7194213867188,769.0,776.0,768.0,774.0,27190918
2024-03-29,766.6348876953125,776.0,777.0,768.0,769.0,9802000
2024-04-01,760.707275390625,770.0,783.0,769.0,783.0,21041261
2024-04-02,780.4659423828125,790.0,790.0,783.0,784.0,37974481
2024-04-03,770.5866088867188,780.0,785.0,778.0,783.0,30890544
2024-04-08,773.5504150390625,783.0,792.0,783.0,789.0,32202226
2024-04-09,809.115966796875,819.0,820.0,792.0,795.0,56857731
2024-04-10,805.1642456054688,815.0,819.0,810.0,815.0,27480849
2024-04-11,810.1038818359375,820.0,820.0,811.0,811.0,25200651
2024-04-12,808.1279907226562,818.0,826.0,817.0,823.0,31508936
2024-04-15,796.2728271484375,806.0,812.0,803.0,804.0,38913470
2024-04-16,778.489990234375,788.0,803.0,785.0,802.0,49508969
2024-04-17,794.2969970703125,804.0,808.0,793.0,798.0,34472074
2024-04-18,794.2969970703125,804.0,810.0,792.0,796.0,43598591
2024-04-19,740.94873046875,750.0,770.0,746.0,769.0,130968654
2024-04-22,733.045166015625,742.0,757.0,740.0,740.0,46540798
2024-04-23,744.900390625,754.0,761.0,752.0,761.0,30423647
2024-04-24,773.5504150390625,783.0,785.0,769.0,770.0,39457128
2024-04-25,756.755615234375,766.0,774.0,765.0,770.0,28534926
2024-04-26,772.5625,782.0,789.0,782.0,788.0,32571247
2024-04-29,785.405517578125,795.0,795.0,787.0,790.0,26765837
2024-04-30,780.4659423828125,790.0,802.0,790.0,797.0,39051972
2024-05-02,762.68310546875,772.0,789.0,772.0,789.0,40527228
2024-05-03,770.5866088867188,780.0,788.0,773.0,788.0,29901556
2024-05-06,776.51416015625,786.0,793.0,786.0,791.0,32599878
2024-05-07,790.34521484375,800.0,800.0,792.0,797.0,33890214
2024-05-08,792.321044921875,802.0,802.0,792.0,794.0,21757193
2024-05-09,786.3935546875,796.0,802.0,796.0,798.0,21923999
2024-05-10,792.321044921875,802.0,807.0,798.0,803.0,25101318
2024-05-13,809.115966796875,819.0,825.0,818.0,823.0,34812619
2024-05-14,815.0435180664062,825.0,825.0,811.0,816.0,28691846
2024-05-15,828.8746337890625,839.0,844.0,837.0,838.0,39467772
2024-05-16,830.8504638671875,841.0,856.0,837.0,852.0,43927195
2024-05-17,824.9228515625,835.0,848.0,834.0,848.0,26207289
2024-05-20,824.9228515625,835.0,838.0,822.0,834.0,28808661
2024-05-21,830.8504638671875,841.0,841.0,830.0,830.0,19705349
2024-05-22,853.5728759765625,864.0,865.0,843.0,845.0,36628342
2024-05-23,864.4400634765625,875.0,877.0,867.0,875.0,37266618
2024-05-24,856.5366821289062,867.0,872.0,858.0,858.0,34136382
2024-05-27,858.5125732421875,869.0,878.0,866.0,872.0,26726954
2024-05-28,854.560791015625,865.0,873.0,865.0,867.0,25329216
2024-05-29,846.6573486328125,857.0,868.0,856.0,861.0,33436835
2024-05-30,827.8866577148438,838.0,848.0,838.0,841.0,38065102
2024-05-31,811.091796875,821.0,846.0,821.0,838.0,77438401
2024-06-03,835.7901611328125,846.0,853.0,837.0,839.0,28345488
2024-06-04,828.8746337890625,839.0,851.0,837.0,844.0,28223635
2024-06-05,843.6935424804688,854.0,857.0,835.0,841.0,31975446
2024-06-06,883.2108154296875,894.0,899.0,885.0,893.0,62925136
2024-06-07,868.3917846679688,879.0,888.0,879.0,885.0,41075399
2024-06-11,872.3435668945312,883.0,895.0,883.0,892.0,48228488
2024-06-12,898.0297241210938,909.0,914.0,888.0,888.0,48106925
2024-06-13,911.418212890625,919.0,935.0,911.0,923.0,55857091
2024-06-14,914.3934326171875,922.0,922.0,905.0,916.0,38408123
2024-06-17,913.4016723632812,921.0,925.0,913.0,913.0,26292426
2024-06-18,935.22021484375,943.0,950.0,940.0,944.0,37876013
2024-06-19,972.90673828125,981.0,984.0,953.0,953.0,72228052
2024-06-20,972.90673828125,981.0,981.0,971.0,971.0,48225374
2024-06-21,961.9974365234375,970.0,978.0,960.0,961.0,88376132
2024-06-24,932.2449340820312,940.0,960.0,940.0,958.0,66391994
2024-06-25,937.2036743164062,945.0,945.0,923.0,925.0,57368432
2024-06-26,952.0799560546875,960.0,960.0,951.0,951.0,44967166
2024-06-27,952.0799560546875,960.0,961.0,949.0,951.0,39729446
2024-06-28,958.0304565429688,966.0,971.0,955.0,956.0,39138210
2024-07-01,960.013916015625,968.0,977.0,965.0,968.0,19935737
2024-07-02,952.0799560546875,960.0,971.0,959.0,967.0,25427569
2024-07-03,970.9231567382812,979.0,979.0,967.0,976.0,24070411
2024-07-04,996.7086791992188,1005.0,1010.0,997.0,1000.0,41893299
2024-07-05,996.7086791992188,1005.0,1010.0,1000.0,1005.0,19998094
2024-07-08,1026.461181640625,1035.0,1050.0,1000.0,1005.0,40146763
2024-07-09,1031.4200439453125,1040.0,1055.0,1025.0,1030.0,46373121
2024-07-10,1036.3787841796875,1045.0,1050.0,1015.0,1020.0,46206302
2024-07-11,1071.0899658203125,1080.0,1080.0,1055.0,1065.0,41724336
2024-07-12,1031.4200439453125,1040.0,1045.0,1025.0,1030.0,68983062
2024-07-15,1031.4200439453125,1040.0,1045.0,1025.0,1040.0,38393309
2024-07-16,1046.296142578125,1055.0,1070.0,1035.0,1040.0,32125609
2024-07-17,1021.50244140625,1030.0,1045.0,1020.0,1035.0,54022399
2024-07-18,996.7086791992188,1005.0,1005.0,986.0,988.0,81990095
2024-07-19,961.9974365234375,970.0,995.0,970.0,988.0,92507621
2024-07-22,931.2532348632812,939.0,965.0,938.0,964.0,83062356
2024-07-23,970.9231567382812,979.0,979.0,956.0,963.0,47213266
2024-07-26,916.376953125,924.0,930.0,915.0,915.0,82081735
2024-07-29,936.2119140625,944.0,948.0,936.0,942.0,40809258
2024-07-30,932.2449340820312,940.0,949.0,926.0,930.0,41761392
2024-07-31,926.2944946289062,934.0,940.0,928.0,929.0,39894991
2024-08-01,952.0799560546875,960.0,969.0,948.0,969.0,47382270
2024-08-02,895.5501708984375,903.0,928.0,903.0,918.0,76144485
2024-08-05,808.2762451171875,815.0,857.0,813.0,852.0,144057989
2024-08-06,872.7399291992188,880.0,895.0,840.0,868.0,102930842
2024-08-07,912.4099731445312,920.0,920.0,893.0,901.0,59158704
2024-08-08,888.6079711914062,896.0,905.0,887.0,901.0,38236391
2024-08-09,926.2944946289062,934.0,934.0,922.0,927.0,49494621
2024-08-12,932.2449340820312,940.0,948.0,931.0,942.0,38331663
2024-08-13,933.2366943359375,941.0,945.0,937.0,945.0,25764381
2024-08-14,940.178955078125,948.0,955.0,945.0,951.0,36780856
2024-08-15,935.22021484375,943.0,950.0,941.0,945.0,19476402
2024-08-16,961.0057373046875,969.0,969.0,958.0,963.0,44062316
2024-08-19,964.9727172851562,973.0,975.0,964.0,969.0,21348863
2024-08-20,964.9727172851562,973.0,977.0,968.0,977.0,24039959
2024-08-21,950.096435546875,958.0,964.0,956.0,961.0,29758188
2024-08-22,943.1541748046875,951.0,964.0,948.0,958.0,24349754
2024-08-23,941.170654296875,949.0,952.0,939.0,944.0,27592153
2024-08-26,942.1624755859375,950.0,961.0,945.0,957.0,25057581
2024-08-27,934.2284545898438,942.0,946.0,940.0,945.0,18693037
2024-08-28,956.0469360351562,964.0,964.0,943.0,945.0,31059233
2024-08-29,935.22021484375,943.0,947.0,937.0,942.0,43530708
2024-08-30,936.2119140625,944.0,952.0,941.0,944.0,63834981
2024-09-02,940.178955078125,948.0,955.0,943.0,950.0,18646835
2024-09-03,932.2449340820312,940.0,952.0,939.0,948.0,19547575
2024-09-04,881.6657104492188,889.0,905.0,888.0,894.0,79709021
2024-09-05,894.5584106445312,902.0,915.0,900.0,907.0,30512026
2024-09-06,910.4264526367188,918.0,918.0,903.0,909.0,24458336
2024-09-09,891.5831909179688,899.0,900.0,891.0,892.0,35885268
2024-09-10,896.5419921875,904.0,911.0,901.0,907.0,33498628
2024-09-11,893.5667114257812,901.0,906.0,900.0,906.0,18029342
2024-09-12,936.4022216796875,940.0,944.0,928.0,936.0,39454846
2024-09-13,943.37548828125,947.0,955.0,939.0,955.0,25347586
2024-09-16,943.37548828125,947.0,952.0,943.0,952.0,13626239
2024-09-18,937.3984375,941.0,948.0,933.0,945.0,28424324
2024-09-19,956.32568359375,960.0,960.0,936.0,940.0,32739630
2024-09-20,969.2759399414062,973.0,982.0,971.0,981.0,60133709
2024-09-23,973.2606201171875,977.0,977.0,971.0,971.0,14497067
2024-09-24,983.2223510742188,987.0,987.0,971.0,976.0,26785975
2024-09-25,1001.1534423828125,1005.0,1005.0,998.0,1000.0,39405222
2024-09-26,1011.1151733398438,1015.0,1015.0,1005.0,1010.0,38321585
2024-09-27,996.172607421875,1000.0,1025.0,1000.0,1020.0,35783779
2024-09-30,953.337158203125,957.0,990.0,957.0,978.0,61603217
2024-10-01,968.27978515625,972.0,977.0,967.0,967.0,26760355
2024-10-04,973.2606201171875,977.0,986.0,967.0,986.0,40934818
2024-10-07,1001.1534423828125,1005.0,1010.0,989.0,993.0,39667071
2024-10-08,1006.1343383789062,1010.0,1010.0,997.0,1000.0,30845902
2024-10-09,1016.0960693359375,1020.0,1035.0,1020.0,1030.0,46975717
2024-10-11,1041.0003662109375,1045.0,1050.0,1020.0,1025.0,43058754
2024-10-14,1041.0003662109375,1045.0,1055.0,1035.0,1045.0,36858874
2024-10-15,1065.9046630859375,1070.0,1075.0,1050.0,1050.0,42850176
2024-10-16,1041.0003662109375,1045.0,1070.0,1035.0,1040.0,52652149
2024-10-17,1031.0386962890625,1035.0,1055.0,1030.0,1050.0,54173771
2024-10-18,1080.8472900390625,1085.0,1100.0,1075.0,1095.0,85011961
2024-10-21,1080.8472900390625,1085.0,1095.0,1080.0,1090.0,36491060
2024-10-22,1070.885498046875,1075.0,1075.0,1060.0,1065.0,41197877
2024-10-23,1055.9429931640625,1060.0,1070.0,1055.0,1060.0,31423466
2024-10-24,1055.9429931640625,1060.0,1075.0,1055.0,1070.0,38236996
2024-10-25,1060.923828125,1065.0,1070.0,1060.0,1065.0,22009575
2024-10-28,1045.981201171875,1050.0,1080.0,1050.0,1075.0,40142324
2024-10-29,1036.01953125,1040.0,1040.0,1020.0,1035.0,45415773
2024-10-30,1026.0577392578125,1030.0,1055.0,1030.0,1040.0,38201984
2024-11-01,1021.076904296875,1025.0,1030.0,996.0,996.0,54480255
2024-11-04,1036.01953125,1040.0,1045.0,1025.0,1030.0,26747978
2024-11-05,1045.981201171875,1050.0,1055.0,1030.0,1030.0,32385622
2024-11-06,1055.9429931640625,1060.0,1080.0,1040.0,1050.0,55349259
2024-11-07,1060.923828125,1065.0,1075.0,1050.0,1050.0,43975446
2024-11-08,1085.828125,1090.0,1090.0,1080.0,1085.0,37099479
2024-11-11,1080.8472900390625,1085.0,1090.0,1070.0,1080.0,34690205
2024-11-12,1045.981201171875,1050.0,1065.0,1050.0,1060.0,51099848
2024-11-13,1031.0386962890625,1035.0,1050.0,1035.0,1045.0,42331232
2024-11-14,1031.0386962890625,1035.0,1040.0,1025.0,1030.0,44627940
2024-11-15,1031.0386962890625,1035.0,1045.0,1030.0,1040.0,34791611
2024-11-18,1021.076904296875,1025.0,1035.0,1020.0,1030.0,31815076
2024-11-19,1036.01953125,1040.0,1045.0,1025.0,1030.0,24349599
2024-11-20,1021.076904296875,1025.0,1025.0,1025.0,1025.0,40203197
2024-11-21,1006.1343383789062,1010.0,1025.0,1010.0,1020.0,41429227
2024-11-22,1036.01953125,1040.0,1050.0,1035.0,1035.0,25187973
2024-11-25,1026.0577392578125,1030.0,1050.0,1030.0,1045.0,49566674
2024-11-26,1006.1343383789062,1010.0,1020.0,1010.0,1015.0,27312402
2024-11-27,996.172607421875,1000.0,1020.0,1000.0,1010.0,31276090
2024-11-28,1001.1534423828125,1005.0,1005.0,992.0,1005.0,33689956
2024-11-29,992.1879272460938,996.0,1010.0,994.0,995.0,40094983
2024-12-02,1031.0386962890625,1035.0,1040.0,1015.0,1020.0,31168404
2024-12-03,1050.962158203125,1055.0,1065.0,1055.0,1060.0,43414538
2024-12-04,1065.9046630859375,1070.0,1070.0,1055.0,1065.0,33466290
2024-12-05,1070.885498046875,1075.0,1080.0,1070.0,1070.0,31425359
2024-12-06,1060.923828125,1065.0,1080.0,1060.0,1075.0,30765288
2024-12-09,1070.885498046875,1075.0,1075.0,1065.0,1070.0,22247131
2024-12-10,1060.923828125,1065.0,1075.0,1060.0,1070.0,28506584
2024-12-11,1041.0003662109375,1045.0,1060.0,1045.0,1045.0,25264194
2024-12-12,1060.0,1060.0,1065.0,1055.0,1060.0,22791260
2024-12-13,1065.0,1065.0,1070.0,1055.0,1060.0,20423659
2024-12-16,1085.0,1085.0,1085.0,1075.0,1085.0,39722392
2024-12-17,1075.0,1075.0,1095.0,1075.0,1090.0,37880707
2024-12-18,1085.0,1085.0,1090.0,1070.0,1075.0,41863190
2024-12-19,1070.0,1070.0,1070.0,1055.0,1065.0,42702851
2024-12-20,1035.0,1035.0,1060.0,1035.0,1060.0,52030520
2024-12-23,1080.0,1080.0,1080.0,1060.0,1065.0,30728473
2024-12-24,1080.0,1080.0,1095.0,1080.0,1095.0,26461906
2024-12-25,1085.0,1085.0,1090.0,1080.0,1090.0,15481622
2024-12-26,1085.0,1085.0,1090.0,1085.0,1085.0,14374900
2024-12-27,1090.0,1090.0,1095.0,1080.0,1080.0,24948385
2024-12-30,1090.0,1090.0,1095.0,1085.0,1090.0,23954634
2024-12-31,1075.0,1075.0,1085.0,1075.0,1080.0,28397820
2025-01-02,1065.0,1065.0,1075.0,1055.0,1070.0,43177098
2025-01-03,1075.0,1075.0,1085.0,1075.0,1080.0,30415096
2025-01-06,1125.0,1125.0,1125.0,1095.0,1100.0,69289786
2025-01-07,1130.0,1130.0,1160.0,1130.0,1150.0,48758688
2025-01-08,1105.0,1105.0,1130.0,1105.0,1110.0,45211419
2025-01-09,1100.0,1100.0,1115.0,1100.0,1100.0,27263215
2025-01-10,1100.0,1100.0,1110.0,1100.0,1100.0,22021522
2025-01-13,1075.0,1075.0,1115.0,1070.0,1110.0,56690300
2025-01-14,1090.0,1090.0,1090.0,1075.0,1085.0,28695247
2025-01-15,1065.0,1065.0,1085.0,1065.0,1085.0,35489482
2025-01-16,1105.0,1105.0,1115.0,1090.0,1095.0,47542962
2025-01-17,1120.0,1120.0,1125.0,1095.0,1125.0,59214050
2025-01-20,1120.0,1120.0,1135.0,1120.0,1125.0,29834528
2025-01-21,1120.0,1120.0,1125.0,1110.0,1115.0,21904213
2025-01-22,1135.0,1135.0,1150.0,1135.0,1140.0,42960405
2025-02-03,1070.0,1070.0,1075.0,1060.0,1065.0,97946226
2025-02-04,1095.0,1095.0,1100.0,1080.0,1085.0,53308108
2025-02-05,1110.0,1110.0,1120.0,1105.0,1110.0,40385340
2025-02-06,1115.0,1115.0,1120.0,1105.0,1120.0,29971252
2025-02-07,1125.0,1125.0,1125.0,1105.0,1110.0,27883220
2025-02-10,1105.0,1105.0,1125.0,1095.0,1125.0,28527108
2025-02-11,1110.0,1110.0,1115.0,1100.0,1110.0,18898928
2025-02-12,1100.0,1100.0,1115.0,1100.0,1110.0,24172954
2025-02-13,1090.0,1090.0,1095.0,1080.0,1090.0,33210403
2025-02-14,1060.0,1060.0,1070.0,1060.0,1065.0,64486940
2025-02-17,1085.0,1085.0,1085.0,1065.0,1065.0,35491271
2025-02-18,1100.0,1100.0,1100.0,1080.0,1085.0,21616188
2025-02-19,1090.0,1090.0,1095.0,1085.0,1090.0,26400293
2025-02-20,1080.0,1080.0,1085.0,1070.0,1080.0,29643124
2025-02-21,1095.0,1095.0,1095.0,1080.0,1085.0,28972910
2025-02-24,1075.0,1075.0,1085.0,1075.0,1080.0,30822970
2025-02-25,1055.0,1055.0,1060.0,1050.0,1055.0,45158522
2025-02-26,1060.0,1060.0,1060.0,1045.0,1045.0,36768449
2025-02-27,1040.0,1040.0,1065.0,1040.0,1065.0,55283596
2025-03-03,1020.0,1020.0,1020.0,1000.0,1000.0,65621663
2025-03-04,1000.0,1000.0,1010.0,996.0,996.0,64569262
2025-03-05,1020.0,1020.0,1030.0,1015.0,1020.0,41994320
2025-03-06,1005.0,1005.0,1025.0,1005.0,1020.0,45187017
2025-03-07,1005.0,1005.0,1010.0,1000.0,1005.0,40822280
2025-03-10,998.0,998.0,1005.0,992.0,1005.0,46849886
2025-03-11,971.0,971.0,979.0,963.0,969.0,50204233
2025-03-12,988.0,988.0,995.0,976.0,980.0,34184887
2025-03-13,965.0,965.0,1005.0,965.0,1000.0,37035693
2025-03-14,959.0,959.0,969.0,955.0,965.0,34333748
2025-03-17,970.0,970.0,985.0,968.0,977.0,31491061
2025-03-18,971.0,971.0,978.0,968.0,976.0,21575327
2025-03-19,952.0,952.0,967.0,950.0,965.0,35245036
2025-03-20,985.0,985.0,985.0,971.0,978.0,28715956
2025-03-21,972.0,972.0,987.0,970.0,985.0,39214916
2025-03-24,972.0,972.0,987.0,972.0,986.0,16121506
2025-03-25,990.0,990.0,995.0,985.0,989.0,26167428
2025-03-26,980.0,980.0,995.0,980.0,995.0,21735917
2025-03-27,958.0,958.0,964.0,958.0,961.0,34563256
2025-03-28,952.0,952.0,955.0,946.0,946.0,33101234
2025-03-31,910.0,910.0,924.0,910.0,920.0,51064611
2025-04-01,944.0,944.0,946.0,925.0,929.0,32197752
2025-04-02,942.0,942.0,952.0,938.0,949.0,24849656
2025-04-07,848.0,848.0,848.0,848.0,848.0,23820773
2025-04-08,816.0,816.0,843.0,797.0,797.0,116648736
2025-04-09,785.0,785.0,826.0,780.0,809.0,107582838
2025-04-10,863.0,863.0,863.0,863.0,863.0,19416428
2025-04-11,889.0,889.0,889.0,836.0,848.0,76103586
2025-04-14,865.0,865.0,903.0,865.0,895.0,66326054
2025-04-15,877.0,877.0,879.0,865.0,874.0,30562095
2025-04-16,855.0,855.0,869.0,852.0,867.0,42128082
2025-04-17,847.0,847.0,856.0,842.0,849.0,33684502
2025-04-18,850.0,850.0,858.0,850.0,853.0,20101219
2025-04-21,835.0,835.0,847.0,832.0,844.0,18415705
2025-04-22,816.0,816.0,829.0,816.0,826.0,28888527
2025-04-23,873.0,873.0,873.0,848.0,853.0,37863656
2025-04-24,864.0,864.0,886.0,859.0,886.0,32238198
2025-04-25,888.0,888.0,901.0,886.0,900.0,34640282
2025-04-28,897.0,897.0,898.0,893.0,898.0,21830091
2025-04-29,902.0,902.0,902.0,893.0,897.0,24362874
2025-04-30,908.0,908.0,908.0,899.0,901.0,35405654
2025-05-02,950.0,950.0,950.0,932.0,938.0,43873135
2025-05-05,938.0,938.0,957.0,923.0,956.0,52770209
2025-05-06,920.0,920.0,930.0,916.0,916.0,37538894
2025-05-07,928.0,928.0,932.0,911.0,925.0,36907620
2025-05-08,918.0,918.0,939.0,918.0,933.0,27985917
2025-05-09,949.0,949.0,949.0,934.0,938.0,36383573
2025-05-12,957.0,957.0,962.0,952.0,954.0,23402547
2025-05-13,969.0,969.0,990.0,969.0,990.0,38047856
2025-05-14,999.0,999.0,999.0,988.0,990.0,40475123
2025-05-15,993.0,993.0,1000.0,993.0,1000.0,24662270
2025-05-16,998.0,998.0,998.0,989.0,991.0,16878650
2025-05-19,984.0,984.0,994.0,980.0,993.0,19906139
2025-05-20,978.0,978.0,994.0,978.0,991.0,20897857
2025-05-21,990.0,990.0,999.0,983.0,986.0,26248757
2025-05-22,982.0,982.0,988.0,979.0,988.0,18747545
2025-05-23,984.0,984.0,993.0,975.0,993.0,22213030
2025-05-26,976.0,976.0,984.0,975.0,975.0,19329052
2025-05-27,965.0,965.0,975.0,961.0,971.0,26355315
2025-05-28,967.0,967.0,985.0,967.0,984.0,26471533
2025-05-29,967.0,967.0,986.0,967.0,986.0,48602590
2025-06-02,946.0,946.0,961.0,946.0,958.0,33676511
2025-06-03,950.0,950.0,965.0,950.0,960.0,26020787
2025-06-04,990.0,990.0,990.0,970.0,974.0,37233567
2025-06-05,998.0,998.0,1000.0,991.0,1000.0,24414444
2025-06-06,995.0,995.0,997.0,991.0,997.0,13670307
2025-06-09,1005.0,1005.0,1010.0,1000.0,1005.0,21674308
2025-06-10,1045.0,1045.0,1050.0,1020.0,1025.0,44877640
2025-06-11,1065.0,1065.0,1070.0,1055.0,1065.0,37178498
2025-06-12,1045.0,1045.0,1060.0,1045.0,1055.0,25221606
2025-06-13,1030.0,1030.0,1040.0,1025.0,1040.0,28393455
2025-06-16,1025.0,1025.0,1030.0,1015.0,1030.0,28580673
2025-06-17,1045.0,1045.0,1050.0,1035.0,1040.0,26517379
2025-06-18,1055.0,1055.0,1055.0,1030.0,1040.0,37931721
2025-06-19,1035.0,1035.0,1045.0,1030.0,1045.0,24002557
2025-06-20,1055.0,1055.0,1055.0,1025.0,1030.0,57831332
2025-06-23,1020.0,1020.0,1030.0,1015.0,1025.0,32143872
2025-06-24,1050.0,1050.0,1050.0,1040.0,1045.0,28163537
2025-06-25,1070.0,1070.0,1070.0,1055.0,1060.0,38783736
2025-06-26,1075.0,1075.0,1080.0,1065.0,1075.0,36056692
2025-06-27,1080.0,1080.0,1080.0,1060.0,1070.0,32549027
2025-06-30,1060.0,1060.0,1080.0,1060.0,1075.0,32413717
2025-07-01,1085.0,1085.0,1095.0,1075.0,1080.0,44299887
2025-07-02,1085.0,1085.0,1085.0,1070.0,1075.0,23822731
2025-07-03,1090.0,1090.0,1105.0,1090.0,1105.0,36973556
2025-07-04,1085.0,1085.0,1100.0,1080.0,1095.0,20363322
